	curr_thrpt	goodput	cc_level	cwnd	rtt	packet_loss_rate	score	date_time
0	0.0	641	8	79.1	5.8	0.008888888888888889	-0.0	2022-07-12 15:27:43.071662
1	587.2	129	8	8.2	5.55	0.019880807197588533	-384.0	2022-07-12 15:27:44.071469
2	167.77	160	8	10.0	5.54	0.0189232239566741	-111.0	2022-07-12 15:27:45.071794
3	167.77	201	8	12.4	5.62	0.020555592040454457	-109.0	2022-07-12 15:27:46.075322
4	176.16	167	8	11.0	5.49	0.022129725979882067	-111.0	2022-07-12 15:27:47.071460
5	167.77	174	8	10.8	5.64	0.02408241233456133	-103.0	2022-07-12 15:27:48.075187
6	167.77	198	8	12.1	5.57	0.020777394195115713	-108.0	2022-07-12 15:27:49.075325
7	226.49	160	8	10.2	5.54	0.01701642109440889	-155.0	2022-07-12 15:27:50.088309
8	167.77	147	8	8.2	5.51	0.02107241124756728	-108.0	2022-07-12 15:27:51.076524
9	184.55	220	8	13.4	5.6	0.018323260897518324	-124.0	2022-07-12 15:27:52.077206
10	201.33	170	8	10.9	5.47	0.0191638657939737	-133.0	2022-07-12 15:27:53.079584
11	159.38	121	8	7.8	5.48	0.020904983478319508	-103.0	2022-07-12 15:27:54.097710
12	184.55	162	8	10.0	5.47	0.019251678925487688	-122.0	2022-07-12 15:27:55.079873
13	184.55	192	8	12.1	5.59	0.01801955434288313	-124.0	2022-07-12 15:27:56.081599
14	167.77	139	8	8.8	5.54	0.021974865350089766	-106.0	2022-07-12 15:27:57.082746
15	159.38	167	8	10.4	5.61	0.020722924310368256	-103.0	2022-07-12 15:27:58.100474
16	184.55	229	8	14.6	5.49	0.01814756671899529	-124.0	2022-07-12 15:27:59.083266
17	176.16	135	8	8.6	5.6	0.02061298076923077	-114.0	2022-07-12 15:28:00.085180
18	209.72	126	8	8.1	5.58	0.01837359646138142	-140.0	2022-07-12 15:28:01.086117
19	192.94	175	8	11.2	5.56	0.020518286589834123	-125.0	2022-07-12 15:28:02.080014
20	184.55	198	8	12.6	5.51	0.0182507703247215	-124.0	2022-07-12 15:28:03.087574
21	159.38	191	8	12.1	5.5	0.020704068970021552	-103.0	2022-07-12 15:28:04.088532
22	192.94	170	8	10.6	5.51	0.019155521812766453	-128.0	2022-07-12 15:28:05.089860
23	167.77	160	8	10.8	5.44	0.02068680182043856	-108.0	2022-07-12 15:28:06.107442
24	150.99	102	8	6.6	5.47	0.023137946231820184	-94.0	2022-07-12 15:28:07.093721
25	176.16	147	8	9.4	5.43	0.019405940594059406	-116.0	2022-07-12 15:28:08.094090
26	176.16	169	8	10.6	5.68	0.022156191460499967	-111.0	2022-07-12 15:28:09.094722
27	176.16	206	8	12.1	5.48	0.019924675009111895	-115.0	2022-07-12 15:28:10.095228
28	167.77	174	8	10.5	5.39	0.02335213882739413	-104.0	2022-07-12 15:28:11.096779
29	176.16	186	8	12.1	5.98	0.02020265991133629	-115.0	2022-07-12 15:28:12.097648
30	209.72	141	8	8.5	5.44	0.018415585873898153	-140.0	2022-07-12 15:28:13.098241
31	159.38	152	8	9.9	5.42	0.02002460360852925	-104.0	2022-07-12 15:28:14.097851
32	167.77	157	8	9.5	5.53	0.022555884729329383	-105.0	2022-07-12 15:28:15.098056
33	192.94	226	8	12.8	5.5	0.01854118222983723	-129.0	2022-07-12 15:28:16.098599
34	192.94	178	8	11.4	5.51	0.017131359586087955	-132.0	2022-07-12 15:28:17.100483
35	184.55	250	8	15.1	5.39	0.017719432507211398	-125.0	2022-07-12 15:28:18.101255
36	192.94	152	8	9.4	5.63	0.02179463229341802	-123.0	2022-07-12 15:28:19.101849
37	176.16	220	8	13.9	5.46	0.0190036504187245	-117.0	2022-07-12 15:28:20.301793
38	209.72	216	8	13.4	5.47	0.016697104096008348	-144.0	2022-07-12 15:28:21.102364
39	192.94	166	8	10.2	5.68	0.019881913483552234	-126.0	2022-07-12 15:28:22.103604
40	167.77	182	8	11.8	5.6	0.022103239978034046	-106.0	2022-07-12 15:28:23.105278
41	184.55	258	8	15.9	5.41	0.01699561403508772	-126.0	2022-07-12 15:28:24.104736
42	209.72	198	8	12.2	6.18	0.01767026032079937	-142.0	2022-07-12 15:28:25.107388
43	159.38	146	8	9.4	5.49	0.022930982969823724	-99.0	2022-07-12 15:28:26.106016
44	184.55	160	8	10.6	5.74	0.018459266551809007	-123.0	2022-07-12 15:28:27.107934
45	201.33	192	8	11.6	5.58	0.018810608715971493	-134.0	2022-07-12 15:28:28.109528
46	150.99	163	8	9.6	5.55	0.02261567189985476	-95.0	2022-07-12 15:28:29.109440
47	192.94	183	8	11.8	5.52	0.018723823601872382	-129.0	2022-07-12 15:28:30.109288
48	201.33	177	8	11.5	5.51	0.01887994440261771	-134.0	2022-07-12 15:28:31.111147
49	167.77	138	8	9.1	5.44	0.021017493972924524	-108.0	2022-07-12 15:28:32.111690
50	184.55	205	8	13.6	5.69	0.021879899120714336	-117.0	2022-07-12 15:28:33.113633
51	159.38	165	8	10.2	5.57	0.021729110423388424	-101.0	2022-07-12 15:28:34.114348
52	167.77	153	8	10.9	5.44	0.021336059986366736	-107.0	2022-07-12 15:28:35.114610
53	150.99	139	8	9.0	5.46	0.02154696132596685	-96.0	2022-07-12 15:28:36.115428
54	176.16	142	8	9.2	5.57	0.02258381259643709	-111.0	2022-07-12 15:28:37.116880
55	167.77	127	8	7.9	5.51	0.021364221364221364	-107.0	2022-07-12 15:28:38.115943
56	150.99	169	8	10.9	5.57	0.021147821133580175	-97.0	2022-07-12 15:28:39.119202
57	184.55	216	8	13.0	5.45	0.01999475547397404	-121.0	2022-07-12 15:28:40.117871
58	201.33	209	8	13.0	5.53	0.017766497461928935	-136.0	2022-07-12 15:28:41.118902
59	201.33	193	8	11.8	5.5	0.017980107115531753	-136.0	2022-07-12 15:28:42.118839
60	218.1	222	8	14.2	5.55	0.018046830382638494	-147.0	2022-07-12 15:28:43.120248
61	176.16	190	8	11.9	5.49	0.01820388349514563	-118.0	2022-07-12 15:28:44.122160
62	192.94	178	8	10.5	5.49	0.01965540834732848	-127.0	2022-07-12 15:28:45.121377
63	201.33	230	8	14.1	5.43	0.018310257134783837	-135.0	2022-07-12 15:28:46.122880
64	167.77	155	8	9.8	5.57	0.02061110106671488	-109.0	2022-07-12 15:28:47.123912
65	176.16	180	8	11.0	5.5	0.02167408596657666	-112.0	2022-07-12 15:28:48.125089
66	218.1	225	8	14.0	5.51	0.017113963438350838	-149.0	2022-07-12 15:28:49.126394
67	159.38	155	8	9.2	5.55	0.021567660833127927	-102.0	2022-07-12 15:28:50.126026
68	159.38	148	8	9.4	5.53	0.021645964988741193	-102.0	2022-07-12 15:28:51.126976
69	167.77	156	8	10.5	5.75	0.01972807251399627	-110.0	2022-07-12 15:28:52.128970
70	184.55	192	8	11.8	5.45	0.017757847533632288	-125.0	2022-07-12 15:28:53.128899
71	218.1	214	8	13.5	5.46	0.01803793785639474	-147.0	2022-07-12 15:28:54.128869
72	192.94	147	8	8.9	5.53	0.019035904644760734	-128.0	2022-07-12 15:28:55.130212
73	184.55	196	8	11.9	5.6	0.018420896760054494	-124.0	2022-07-12 15:28:56.133123
74	176.16	207	8	12.4	5.46	0.018280338216029535	-118.0	2022-07-12 15:28:57.132974
75	209.72	144	8	9.6	5.79	0.018438244093045973	-140.0	2022-07-12 15:28:58.134517
76	176.16	178	8	10.9	5.66	0.017427884615384616	-120.0	2022-07-12 15:28:59.133647
77	184.55	160	8	10.0	5.47	0.021156211562115623	-118.0	2022-07-12 15:29:00.135896
78	176.16	156	8	10.0	5.44	0.017040463781694676	-120.0	2022-07-12 15:29:01.138825
79	192.94	132	8	8.4	5.52	0.020731319554848967	-125.0	2022-07-12 15:29:02.136914
80	184.55	191	8	11.4	5.44	0.01822148081611703	-124.0	2022-07-12 15:29:03.139755
81	201.33	174	8	11.1	5.6	0.01737952826994696	-137.0	2022-07-12 15:29:04.138210
82	159.38	163	8	9.8	5.45	0.021116724964373623	-102.0	2022-07-12 15:29:05.139329
83	192.94	149	8	8.9	5.49	0.02037873087534487	-125.0	2022-07-12 15:29:06.141158
84	176.16	165	8	10.4	5.57	0.020283049631513728	-115.0	2022-07-12 15:29:07.141055
85	159.38	172	8	10.6	5.51	0.02231393396754337	-100.0	2022-07-12 15:29:08.143574
86	167.77	159	8	9.8	5.54	0.022904624277456646	-105.0	2022-07-12 15:29:09.141649
87	150.99	168	8	11.0	5.55	0.022707612456747406	-95.0	2022-07-12 15:29:10.143390
88	176.16	218	8	13.8	5.53	0.017272674044147784	-120.0	2022-07-12 15:29:11.143505
89	209.72	157	8	9.4	5.52	0.021200321404289513	-135.0	2022-07-12 15:29:12.144225
90	167.77	211	8	12.1	5.42	0.020162737824578197	-109.0	2022-07-12 15:29:13.145211
91	234.88	234	8	15.6	5.49	0.016351667020598853	-162.0	2022-07-12 15:29:14.146145
92	234.88	168	8	10.2	5.58	0.017200674536256323	-160.0	2022-07-12 15:29:15.146448
93	176.16	222	8	13.4	5.5	0.019838354151359296	-115.0	2022-07-12 15:29:16.148527
94	176.16	178	8	11.6	5.42	0.021051974012993503	-113.0	2022-07-12 15:29:17.148557
95	184.55	149	8	10.0	5.51	0.020878421387651176	-119.0	2022-07-12 15:29:18.148431
96	192.94	185	8	11.5	5.52	0.01756787588409765	-131.0	2022-07-12 15:29:19.150875
97	184.55	177	8	11.0	5.6	0.02193446088794926	-117.0	2022-07-12 15:29:20.150612
98	159.38	204	8	11.8	5.39	0.020963789817587803	-103.0	2022-07-12 15:29:21.151194
99	184.55	205	8	12.6	5.61	0.019123411331512057	-122.0	2022-07-12 15:29:22.153124
100	201.33	154	8	10.0	5.6	0.019822761194029852	-132.0	2022-07-12 15:29:23.152646
101	201.33	199	8	12.5	5.88	0.018393438668435652	-135.0	2022-07-12 15:29:24.153885
102	192.94	209	8	13.5	5.48	0.019135406335686365	-128.0	2022-07-12 15:29:25.154391
103	176.16	189	8	12.1	5.52	0.01966537645149207	-116.0	2022-07-12 15:29:26.154893
104	176.16	201	8	12.2	5.38	0.021303424475710115	-113.0	2022-07-12 15:29:27.155293
105	159.38	172	8	11.4	5.71	0.022701475595913734	-100.0	2022-07-12 15:29:28.158127
106	176.16	192	8	12.0	5.43	0.02170945726356841	-112.0	2022-07-12 15:29:29.157943
107	184.55	134	8	9.0	5.91	0.019322392800423506	-122.0	2022-07-12 15:29:30.159168
108	167.77	176	8	11.1	5.57	0.01907543183795203	-111.0	2022-07-12 15:29:31.157600
109	150.99	203	8	13.2	5.51	0.021560928566508233	-96.0	2022-07-12 15:29:32.160158
110	184.55	167	8	10.1	5.39	0.022011739594450373	-117.0	2022-07-12 15:29:33.160727
111	184.55	190	8	11.5	5.73	0.01901949202598937	-122.0	2022-07-12 15:29:34.162231
112	209.72	180	8	11.5	5.52	0.018267698611427272	-141.0	2022-07-12 15:29:35.162324
113	176.16	167	8	10.8	5.44	0.020593986800293326	-114.0	2022-07-12 15:29:36.162903
114	176.16	145	8	8.9	5.61	0.021014729950900164	-113.0	2022-07-12 15:29:37.162892
115	167.77	184	8	11.2	5.44	0.021343818015867443	-107.0	2022-07-12 15:29:38.165360
116	167.77	186	8	11.6	5.58	0.01984672823737473	-110.0	2022-07-12 15:29:39.166207
117	176.16	220	8	13.5	5.7	0.021931645219316453	-112.0	2022-07-12 15:29:40.166335
118	184.55	148	8	9.1	5.46	0.019230769230769232	-122.0	2022-07-12 15:29:41.168521
119	192.94	176	8	10.6	5.48	0.020489815712900098	-125.0	2022-07-12 15:29:42.166007
120	175.4	188	8	11.9	5.51	0.01751555657985711	-119.0	2022-07-12 15:29:43.168793
121	184.55	187	8	12.1	5.44	0.022495982860203535	-116.0	2022-07-12 15:29:44.170467
122	142.61	176	8	11.4	5.49	0.022859638905066978	-89.0	2022-07-12 15:29:45.174005
123	159.38	224	8	13.5	5.55	0.021481137704700656	-102.0	2022-07-12 15:29:46.178290
124	192.94	117	8	8.8	5.79	0.021434512764732228	-123.0	2022-07-12 15:29:47.180618
125	184.55	159	8	9.6	5.5	0.01900639819345126	-122.0	2022-07-12 15:29:48.180960
126	159.38	153	8	9.4	5.61	0.020219487861656137	-104.0	2022-07-12 15:29:49.196257
127	176.16	153	8	8.9	5.46	0.023424706301174797	-109.0	2022-07-12 15:29:50.182008
128	159.38	194	8	11.9	5.54	0.018831691754940223	-106.0	2022-07-12 15:29:51.182309
129	184.55	167	8	10.9	5.74	0.019317450096587252	-122.0	2022-07-12 15:29:52.184924
130	167.77	98	8	8.0	5.4	0.0	-143.0	2022-07-12 15:29:53.207803
131	159.38	115	8	7.5	5.89	0.019871026209198363	-104.0	2022-07-12 15:29:54.186727
132	201.33	193	8	11.8	5.57	0.01707638530743224	-137.0	2022-07-12 15:29:55.187276
133	184.55	240	8	16.0	5.81	0.01864188873305283	-123.0	2022-07-12 15:29:56.188784
134	209.72	167	8	11.0	5.43	0.018530976698672864	-140.0	2022-07-12 15:29:57.183807
135	167.77	140	8	10.6	5.44	0.020765027322404372	-108.0	2022-07-12 15:29:58.189913
136	167.77	134	8	8.2	5.47	0.019815227779547626	-110.0	2022-07-12 15:29:59.189442
137	201.33	201	8	12.4	5.52	0.019397590361445782	-133.0	2022-07-12 15:30:00.191617
138	159.38	138	8	9.9	5.53	0.02075531577277055	-103.0	2022-07-12 15:30:01.196779
139	209.72	247	8	16.6	7.14	0.01640545721050851	-145.0	2022-07-12 15:30:02.193365
140	176.16	141	8	10.8	6.53	0.02051983584131327	-114.0	2022-07-12 15:30:03.193290
141	167.77	178	8	11.1	5.55	0.020201351172340707	-109.0	2022-07-12 15:30:04.194327
142	209.72	249	8	15.1	5.5	0.016282722513089005	-145.0	2022-07-12 15:30:05.206580
143	167.77	178	8	11.0	5.51	0.020713314777655513	-108.0	2022-07-12 15:30:06.196208
144	184.55	174	8	11.2	5.55	0.020328433320090055	-120.0	2022-07-12 15:30:07.208206
145	192.94	128	8	8.1	5.55	0.01927437641723356	-127.0	2022-07-12 15:30:08.198783
146	184.55	182	8	12.0	5.6	0.020279810037222436	-120.0	2022-07-12 15:30:09.194661
147	167.77	199	8	12.0	5.59	0.01880112318398242	-112.0	2022-07-12 15:30:10.201686
148	209.72	155	8	9.6	5.51	0.02009506046567595	-137.0	2022-07-12 15:30:11.200488
149	167.77	202	8	12.8	5.42	0.018837920489296636	-112.0	2022-07-12 15:30:12.201600
150	218.1	195	8	12.0	5.46	0.01871275327771156	-145.0	2022-07-12 15:30:13.203665
151	209.72	223	8	13.9	5.47	0.017708390798256743	-142.0	2022-07-12 15:30:14.203716
152	167.77	171	8	10.6	5.47	0.019537649414477276	-110.0	2022-07-12 15:30:15.205068
153	176.16	212	8	12.5	5.43	0.02042770507500798	-114.0	2022-07-12 15:30:16.204128
154	176.16	142	8	9.5	5.59	0.021575865580448064	-112.0	2022-07-12 15:30:17.197845
155	176.16	190	8	11.6	5.58	0.01993534482758621	-115.0	2022-07-12 15:30:18.206829
156	192.94	193	8	11.0	5.47	0.01938120256859311	-127.0	2022-07-12 15:30:19.206126
157	192.94	136	8	8.0	5.48	0.019616974212701553	-127.0	2022-07-12 15:30:20.207607
158	159.38	173	8	10.4	5.46	0.020110436975935647	-104.0	2022-07-12 15:30:21.208515
159	176.16	151	8	9.4	5.63	0.021380296334806342	-113.0	2022-07-12 15:30:22.209866
160	184.55	217	8	13.5	5.54	0.01813020194851281	-124.0	2022-07-12 15:30:23.209330
161	201.33	202	8	12.2	5.54	0.017260668051782006	-137.0	2022-07-12 15:30:24.211174
162	192.94	198	8	12.9	5.44	0.02058080808080808	-125.0	2022-07-12 15:30:25.212732
163	201.33	189	8	12.5	5.48	0.017998269397173347	-136.0	2022-07-12 15:30:26.212240
164	192.94	160	8	9.6	5.6	0.01892109500805153	-128.0	2022-07-12 15:30:27.215022
165	176.16	148	8	9.5	5.49	0.020590572033898306	-114.0	2022-07-12 15:30:28.215657
166	159.38	187	8	11.2	6.4	0.01984774333877107	-104.0	2022-07-12 15:30:29.215347
167	167.77	227	8	13.2	5.41	0.017595914987579356	-114.0	2022-07-12 15:30:30.218423
168	176.16	160	8	9.8	5.5	0.020802560315115706	-114.0	2022-07-12 15:30:31.219318
169	167.77	178	8	11.8	5.64	0.021422511312217195	-107.0	2022-07-12 15:30:32.220198
170	150.99	140	8	8.5	5.46	0.023664395840803154	-93.0	2022-07-12 15:30:33.220985
171	176.16	247	8	15.2	5.4	0.01937337163471174	-116.0	2022-07-12 15:30:34.221839
172	176.16	144	8	10.5	5.52	0.02077727016709431	-114.0	2022-07-12 15:30:35.221740
173	167.77	179	8	12.0	6.57	0.019776982958131708	-110.0	2022-07-12 15:30:36.222888
174	176.16	162	8	9.8	5.5	0.019441641439623278	-116.0	2022-07-12 15:30:37.225165
175	159.38	193	8	11.9	5.58	0.020085982098808935	-104.0	2022-07-12 15:30:38.223407
176	176.16	156	8	10.2	5.67	0.0193843984962406	-116.0	2022-07-12 15:30:39.226219
177	184.55	157	8	9.8	5.63	0.020489094514210177	-120.0	2022-07-12 15:30:40.225857
178	176.16	274	8	16.5	5.76	0.017636022514071294	-119.0	2022-07-12 15:30:41.227166
179	218.1	208	8	12.2	5.46	0.019272066516161004	-144.0	2022-07-12 15:30:42.225900
180	167.77	154	8	9.6	5.47	0.019587181553337878	-110.0	2022-07-12 15:30:43.227887
181	176.16	124	8	7.4	5.55	0.021494774206270953	-112.0	2022-07-12 15:30:44.227998
182	184.55	180	8	12.5	5.59	0.020035282258064516	-121.0	2022-07-12 15:30:45.229461
183	176.16	136	8	8.8	5.53	0.023008124530620604	-110.0	2022-07-12 15:30:46.230261
184	142.61	135	8	8.5	5.63	0.02388809182209469	-88.0	2022-07-12 15:30:47.229981
185	192.94	238	8	14.4	5.5	0.018873743292419663	-128.0	2022-07-12 15:30:48.231458
186	167.77	168	8	9.9	5.56	0.022854446167329602	-105.0	2022-07-12 15:30:49.230382
187	159.38	209	8	12.9	5.44	0.020522016337915918	-103.0	2022-07-12 15:30:50.233297
188	209.72	193	8	12.2	5.55	0.016852390624142285	-144.0	2022-07-12 15:30:51.234559
189	176.16	192	8	11.4	5.49	0.020884439435125638	-114.0	2022-07-12 15:30:52.235944
190	184.55	183	8	11.5	5.38	0.018848670388378654	-123.0	2022-07-12 15:30:53.235019
191	184.55	161	8	9.5	5.53	0.02070767993566546	-119.0	2022-07-12 15:30:54.238134
192	167.77	151	8	9.0	5.5	0.020492339924053946	-109.0	2022-07-12 15:30:55.237837
193	176.16	176	8	10.6	5.5	0.01956590122680088	-116.0	2022-07-12 15:30:56.239571
194	184.55	213	8	13.1	5.53	0.019842732522422902	-121.0	2022-07-12 15:30:57.241258
195	184.55	198	8	11.9	5.47	0.02109335996005991	-119.0	2022-07-12 15:30:58.241182
196	150.99	183	8	11.5	5.53	0.023309854041100864	-94.0	2022-07-12 15:30:59.243957
197	176.16	128	8	8.2	5.62	0.021780489404972774	-112.0	2022-07-12 15:31:00.243092
198	159.38	139	8	8.8	5.43	0.022675897146086466	-100.0	2022-07-12 15:31:01.245488
199	218.1	213	8	14.8	6.47	0.015501782434914119	-152.0	2022-07-12 15:31:02.244468
200	150.99	187	8	11.1	5.55	0.020343839541547278	-98.0	2022-07-12 15:31:03.246428
201	176.16	149	8	10.0	5.46	0.02055311125078567	-114.0	2022-07-12 15:31:04.247727
202	184.55	188	8	11.2	5.45	0.01889497002866823	-123.0	2022-07-12 15:31:05.246272
203	176.16	143	8	9.0	5.56	0.019922071392659627	-115.0	2022-07-12 15:31:06.250111
204	176.16	202	8	11.9	5.42	0.019793352421262293	-115.0	2022-07-12 15:31:07.249723
205	176.16	134	8	10.9	6.83	0.021637587580711635	-112.0	2022-07-12 15:31:08.251946
206	142.61	146	8	9.5	6.24	0.02170358257767207	-91.0	2022-07-12 15:31:09.258047
207	192.94	209	8	12.8	5.43	0.01684088269454123	-132.0	2022-07-12 15:31:10.251418
208	192.94	191	8	11.6	5.51	0.01909553831231814	-128.0	2022-07-12 15:31:11.251049
209	167.77	165	8	10.8	5.52	0.02132153937553634	-107.0	2022-07-12 15:31:12.253591
210	176.16	187	8	11.1	5.54	0.018808026355196166	-117.0	2022-07-12 15:31:13.253147
211	184.55	130	8	8.6	5.55	0.023583881935903928	-114.0	2022-07-12 15:31:14.254662
212	159.38	224	8	14.0	5.57	0.020322164072588866	-104.0	2022-07-12 15:31:15.256267
213	209.72	196	8	12.0	5.56	0.01804601461127467	-141.0	2022-07-12 15:31:16.256820
214	176.16	169	8	10.2	5.42	0.01996480368954427	-115.0	2022-07-12 15:31:17.258514
215	159.38	131	8	8.2	5.73	0.02378892733564014	-98.0	2022-07-12 15:31:18.258597
216	176.16	157	8	10.2	5.52	0.021585160202360877	-112.0	2022-07-12 15:31:19.259477
217	192.94	176	8	11.9	5.54	0.020028697835704892	-126.0	2022-07-12 15:31:20.261145
218	150.99	158	8	9.4	5.46	0.023044096728307255	-94.0	2022-07-12 15:31:21.260059
219	218.1	207	8	12.8	5.53	0.016814547047869426	-149.0	2022-07-12 15:31:22.262757
220	159.38	240	8	14.8	5.5	0.01881224640354113	-106.0	2022-07-12 15:31:23.264271
221	234.88	200	8	12.8	5.53	0.01788155520314978	-158.0	2022-07-12 15:31:24.264645
222	201.33	195	8	12.8	5.61	0.016824512534818942	-138.0	2022-07-12 15:31:25.265994
223	167.77	171	8	11.1	5.47	0.0221571628185508	-106.0	2022-07-12 15:31:26.266465
224	167.77	142	8	9.1	5.51	0.02170439414114514	-107.0	2022-07-12 15:31:27.265339
225	159.38	181	8	12.6	5.5	0.019526269878547945	-105.0	2022-07-12 15:31:28.269543
226	183.02	134	8	8.2	5.49	0.02123646099549714	-117.0	2022-07-12 15:31:29.269538
227	176.16	139	8	9.2	5.52	0.01851181862035697	-118.0	2022-07-12 15:31:30.269227
228	184.55	172	8	10.4	5.54	0.020167427701674276	-120.0	2022-07-12 15:31:31.269364
229	192.94	161	8	9.6	5.77	0.017874818049490537	-130.0	2022-07-12 15:31:32.270375
230	201.33	223	8	13.2	5.41	0.017229336437718276	-137.0	2022-07-12 15:31:33.271747
231	184.55	156	8	9.9	5.56	0.018887846081651807	-123.0	2022-07-12 15:31:34.272389
232	201.33	162	8	10.6	6.86	0.018406393799951563	-135.0	2022-07-12 15:31:35.273361
233	142.61	140	8	8.6	5.5	0.023391812865497075	-88.0	2022-07-12 15:31:36.272362
234	159.38	175	8	10.5	5.61	0.023526724531749657	-99.0	2022-07-12 15:31:37.275039
235	184.55	210	8	14.0	5.7	0.01858692465552624	-123.0	2022-07-12 15:31:38.276109
236	201.33	145	8	9.4	5.39	0.01967174950529624	-132.0	2022-07-12 15:31:39.273744
237	159.38	152	8	9.8	5.53	0.022333029004845847	-100.0	2022-07-12 15:31:40.274155
238	176.16	198	8	12.9	6.79	0.017363226513951505	-120.0	2022-07-12 15:31:41.276948
239	184.55	169	8	10.5	5.45	0.018047318410815638	-124.0	2022-07-12 15:31:42.278514
240	150.99	134	8	9.5	5.54	0.021603684139238792	-96.0	2022-07-12 15:31:43.278728
241	209.72	219	8	13.4	5.44	0.01754077202862842	-142.0	2022-07-12 15:31:44.279188
242	226.49	136	8	8.9	5.53	0.016692644175172206	-155.0	2022-07-12 15:31:45.280125
243	167.77	173	8	10.8	5.49	0.019588313413014608	-110.0	2022-07-12 15:31:46.279625
244	159.38	153	8	9.8	5.92	0.022983552395317103	-99.0	2022-07-12 15:31:47.279979
245	218.1	168	8	10.4	5.42	0.016952778223434408	-149.0	2022-07-12 15:31:48.282022
246	176.16	157	8	9.0	5.45	0.019853206593671038	-115.0	2022-07-12 15:31:49.281027
247	192.94	175	8	11.9	5.43	0.019475333292375746	-127.0	2022-07-12 15:31:50.281466
248	209.72	207	8	13.9	5.43	0.01747123965165036	-142.0	2022-07-12 15:31:51.281947
249	184.55	204	8	12.0	5.68	0.01739528496223392	-125.0	2022-07-12 15:31:52.283003
250	218.1	201	8	12.4	5.52	0.017491896725159273	-148.0	2022-07-12 15:31:53.284064
251	192.94	203	8	12.5	5.59	0.018566852532922055	-129.0	2022-07-12 15:31:54.284687
252	201.33	139	8	8.4	5.61	0.01892453265635818	-134.0	2022-07-12 15:31:55.285285
253	159.38	249	8	14.8	5.45	0.01894135962636222	-106.0	2022-07-12 15:31:56.286536
254	184.55	147	8	9.4	5.53	0.02437455784937938	-113.0	2022-07-12 15:31:57.288337
255	167.77	130	8	8.0	5.4	0.02097705194988033	-108.0	2022-07-12 15:31:58.288124
256	167.77	142	8	10.1	5.57	0.019273441957775948	-111.0	2022-07-12 15:31:59.288578
257	192.94	211	8	12.9	5.5	0.019126342464100398	-128.0	2022-07-12 15:32:00.285513
258	184.55	159	8	11.0	5.59	0.021142745962773202	-118.0	2022-07-12 15:32:01.288101
259	176.16	268	8	16.8	5.56	0.016323426164287384	-122.0	2022-07-12 15:32:02.291945
260	226.49	203	8	13.5	5.55	0.01948351394973484	-149.0	2022-07-12 15:32:03.291165
261	176.16	108	8	7.0	5.57	0.021702536972466033	-112.0	2022-07-12 15:32:04.292541
262	167.77	238	8	14.9	5.44	0.01826722338204593	-113.0	2022-07-12 15:32:05.293115
263	176.16	146	8	9.6	5.44	0.021383888676113877	-113.0	2022-07-12 15:32:06.294261
264	167.77	157	8	10.9	5.72	0.020511436475271573	-109.0	2022-07-12 15:32:07.295007
265	167.77	174	8	10.6	6.98	0.020555555555555556	-109.0	2022-07-12 15:32:08.294791
266	201.33	139	8	8.9	5.5	0.01749351581038574	-137.0	2022-07-12 15:32:09.296049
267	184.55	179	8	10.9	5.51	0.019836713866564614	-121.0	2022-07-12 15:32:10.307994
268	150.99	158	8	9.2	5.52	0.022591645353793693	-95.0	2022-07-12 15:32:11.299704
269	195.08	161	8	10.6	5.81	0.018697614442295292	-130.0	2022-07-12 15:32:12.296942
270	167.77	134	8	8.4	5.63	0.021273666092943202	-107.0	2022-07-12 15:32:13.299706
271	184.55	108	8	8.1	5.79	0.01938917754403751	-122.0	2022-07-12 15:32:14.300943
272	142.61	143	8	9.2	5.51	0.02161086230184119	-91.0	2022-07-12 15:32:15.301970
273	167.77	154	8	9.8	5.44	0.023793835566293286	-103.0	2022-07-12 15:32:16.304546
274	176.16	179	8	11.8	5.42	0.01968065354623097	-116.0	2022-07-12 15:32:17.304591
275	192.94	191	8	11.8	5.48	0.019968798751950078	-126.0	2022-07-12 15:32:18.302593
276	167.77	221	8	13.5	5.44	0.02009014810045074	-109.0	2022-07-12 15:32:19.305821
277	201.33	190	8	12.0	5.51	0.018751866228724993	-134.0	2022-07-12 15:32:20.304170
278	201.33	242	8	14.5	5.69	0.018531035259659795	-135.0	2022-07-12 15:32:21.304661
279	209.72	224	8	13.4	5.56	0.017123469225467848	-143.0	2022-07-12 15:32:22.305774
280	201.33	193	8	11.6	5.44	0.018062489482246032	-135.0	2022-07-12 15:32:23.305719
281	184.55	182	8	10.9	5.54	0.02028436018957346	-120.0	2022-07-12 15:32:24.302589
282	184.55	242	8	15.0	5.48	0.01935066462769086	-122.0	2022-07-12 15:32:25.308423
283	184.55	152	8	9.8	5.57	0.020117554384051384	-120.0	2022-07-12 15:32:26.311266
284	209.72	140	8	8.4	5.5	0.018714492592180016	-140.0	2022-07-12 15:32:27.312085
285	167.77	168	8	11.0	5.58	0.02284087753401833	-105.0	2022-07-12 15:32:28.324698
286	150.99	139	8	9.6	5.62	0.022989299275112184	-94.0	2022-07-12 15:32:29.325072
287	192.94	204	8	12.9	5.55	0.020370024294524388	-125.0	2022-07-12 15:32:30.323658
288	201.33	157	8	10.1	5.53	0.02107654445636398	-129.0	2022-07-12 15:32:31.323977
289	176.16	217	8	13.5	5.55	0.018360655737704918	-118.0	2022-07-12 15:32:32.326294
290	176.16	245	8	14.9	5.43	0.02107481559536354	-113.0	2022-07-12 15:32:33.328092
291	201.33	167	8	11.1	5.63	0.02026221692491061	-131.0	2022-07-12 15:32:34.328484
292	167.77	110	8	7.0	5.6	0.020782708786289808	-108.0	2022-07-12 15:32:35.328882
293	167.77	209	8	12.6	5.61	0.0201641569185032	-109.0	2022-07-12 15:32:36.330363
294	192.94	182	8	11.0	5.48	0.021084535810766292	-124.0	2022-07-12 15:32:37.332176
295	150.99	192	8	11.8	5.48	0.018073447413958853	-102.0	2022-07-12 15:32:38.335532
296	192.94	226	8	14.9	5.37	0.018500486854917234	-129.0	2022-07-12 15:32:39.332773
297	209.72	165	8	10.6	5.74	0.01733028547126681	-143.0	2022-07-12 15:32:40.333779
298	167.77	191	8	12.5	5.53	0.019705800721620873	-110.0	2022-07-12 15:32:41.337057
299	176.16	185	8	12.1	5.64	0.019797017917554192	-115.0	2022-07-12 15:32:42.336754
300	218.1	126	8	8.6	5.48	0.017611706297360856	-148.0	2022-07-12 15:32:43.338336
301	142.61	168	8	11.5	5.48	0.020956657821324078	-92.0	2022-07-12 15:32:44.338441
302	243.27	164	8	10.1	5.45	0.017391747845157342	-165.0	2022-07-12 15:32:45.339028
303	142.61	169	8	11.1	5.41	0.022495943354477063	-90.0	2022-07-12 15:32:46.340570
304	192.94	152	8	10.0	5.73	0.019318400616135035	-127.0	2022-07-12 15:32:47.341553
305	167.77	151	8	10.1	5.71	0.01912550286882543	-111.0	2022-07-12 15:32:48.340884
306	159.38	191	8	12.0	5.48	0.02126687977036989	-102.0	2022-07-12 15:32:49.342624
307	192.94	135	8	8.5	5.47	0.020915699528121414	-124.0	2022-07-12 15:32:50.343803
308	159.38	178	8	11.1	5.5	0.021136818051985147	-102.0	2022-07-12 15:32:51.344843
309	176.16	186	8	12.0	5.57	0.01977545292166369	-116.0	2022-07-12 15:32:52.345446
310	184.55	152	8	9.9	5.53	0.02050799623706491	-120.0	2022-07-12 15:32:53.343608
311	192.94	287	8	18.1	5.58	0.017295966228893057	-131.0	2022-07-12 15:32:54.346423
312	218.1	202	8	12.4	5.54	0.018081392319316346	-147.0	2022-07-12 15:32:55.348000
313	159.38	128	8	7.5	5.54	0.022595001711742554	-100.0	2022-07-12 15:32:56.348764
314	167.77	190	8	11.6	5.48	0.019787612954290615	-110.0	2022-07-12 15:32:57.349554
315	184.55	187	8	11.5	5.42	0.019566950867938415	-121.0	2022-07-12 15:32:58.349650
316	203.9	173	8	11.8	5.9	0.018514136992783627	-136.0	2022-07-12 15:32:59.350788
317	159.38	162	8	10.4	5.44	0.021778584392014518	-101.0	2022-07-12 15:33:00.354043
318	184.55	211	8	13.4	5.45	0.019835841313269494	-121.0	2022-07-12 15:33:01.353053
319	184.55	144	8	9.5	5.43	0.022441050375133977	-116.0	2022-07-12 15:33:02.354313
320	184.55	172	8	11.2	5.4	0.019775553533515317	-121.0	2022-07-12 15:33:03.353847
321	226.49	256	8	15.2	5.52	0.016073657927590513	-157.0	2022-07-12 15:33:04.355490
322	176.16	169	8	10.9	5.51	0.019242155121373596	-116.0	2022-07-12 15:33:05.357159
323	184.55	193	8	12.0	5.72	0.01916376306620209	-122.0	2022-07-12 15:33:06.357918
324	176.16	129	8	8.1	5.42	0.02278010227801023	-110.0	2022-07-12 15:33:07.358682
325	167.77	176	8	11.5	5.51	0.019513481442415454	-110.0	2022-07-12 15:33:08.360817
326	192.94	194	8	12.4	5.52	0.018486285337014585	-129.0	2022-07-12 15:33:09.361230
327	176.16	158	8	10.5	5.65	0.019542725763188145	-116.0	2022-07-12 15:33:10.359855
328	176.16	148	8	10.0	5.42	0.021660173017235686	-112.0	2022-07-12 15:33:11.360291
329	167.77	206	8	13.4	5.46	0.01998693664271718	-110.0	2022-07-12 15:33:12.363350
330	192.94	215	8	12.2	5.53	0.019271680640720813	-127.0	2022-07-12 15:33:13.362033
331	176.16	165	8	12.0	5.6	0.01939507327720611	-116.0	2022-07-12 15:33:14.363178
332	184.55	157	8	10.4	5.56	0.020303567908535384	-120.0	2022-07-12 15:33:15.360602
333	167.77	175	8	10.6	5.54	0.01921769758388432	-111.0	2022-07-12 15:33:16.365005
334	192.94	161	8	10.6	5.66	0.019823247821283908	-126.0	2022-07-12 15:33:17.364770
335	176.16	205	8	12.9	5.5	0.0192663949610967	-116.0	2022-07-12 15:33:18.367458
336	184.55	158	8	10.9	6.1	0.02016009487103469	-120.0	2022-07-12 15:33:19.368387
337	176.16	155	8	10.0	5.96	0.021141799544419134	-113.0	2022-07-12 15:33:20.369901
338	152.52	170	8	10.5	5.57	0.02192557753492876	-97.0	2022-07-12 15:33:21.368459
339	176.16	204	8	12.4	5.46	0.0193609022556391	-116.0	2022-07-12 15:33:22.370164
340	209.72	248	8	15.5	5.41	0.01577470753268752	-146.0	2022-07-12 15:33:23.371728
341	192.94	187	8	11.5	5.53	0.020322394933793897	-125.0	2022-07-12 15:33:24.372337
342	167.77	183	8	11.0	5.43	0.021314622360495136	-107.0	2022-07-12 15:33:25.372509
343	159.38	202	8	12.4	5.49	0.02184980907933814	-101.0	2022-07-12 15:33:26.373679
344	167.77	138	8	8.0	5.59	0.023995826812728223	-103.0	2022-07-12 15:33:27.374686
345	150.99	149	8	8.9	5.52	0.02290622763063708	-94.0	2022-07-12 15:33:28.375857
346	201.33	146	8	9.5	5.57	0.019583333333333335	-132.0	2022-07-12 15:33:29.376721
347	184.55	222	8	13.1	5.45	0.018926659195616983	-123.0	2022-07-12 15:33:30.376531
348	159.38	167	8	9.9	5.46	0.021558979671112262	-102.0	2022-07-12 15:33:31.378200
349	209.72	194	8	12.4	5.59	0.017970693945258503	-141.0	2022-07-12 15:33:32.376925
350	184.55	152	8	9.2	5.54	0.020112224954290398	-120.0	2022-07-12 15:33:33.380747
351	176.16	188	8	11.6	5.51	0.02112581895975398	-113.0	2022-07-12 15:33:34.380526
352	150.99	213	8	12.5	5.54	0.019978228853172825	-99.0	2022-07-12 15:33:35.381530
353	192.94	174	8	11.1	5.68	0.02061211742660837	-125.0	2022-07-12 15:33:36.384417
354	184.55	196	8	11.4	5.47	0.01959378733572282	-121.0	2022-07-12 15:33:37.383825
355	192.94	153	8	10.1	5.53	0.020574628682736792	-125.0	2022-07-12 15:33:38.384162
356	184.55	156	8	9.4	5.47	0.021030631572072366	-119.0	2022-07-12 15:33:39.384766
357	192.94	197	8	12.5	5.39	0.01727231942575146	-131.0	2022-07-12 15:33:40.386028
358	159.38	168	8	10.6	5.5	0.022198801132995192	-101.0	2022-07-12 15:33:41.384511
359	201.33	133	8	8.5	5.78	0.019135724242808263	-133.0	2022-07-12 15:33:42.386792
360	159.38	162	8	9.8	5.48	0.021174004192872117	-102.0	2022-07-12 15:33:43.386275
361	192.94	144	8	8.8	5.43	0.01766028629408216	-131.0	2022-07-12 15:33:44.387859
362	218.1	138	8	9.0	5.6	0.017301604628315686	-148.0	2022-07-12 15:33:45.388514
363	167.77	143	8	9.6	5.61	0.022418624703599913	-106.0	2022-07-12 15:33:46.386572
364	159.38	174	8	10.9	5.56	0.019500534692080268	-105.0	2022-07-12 15:33:47.388654
365	209.72	227	8	14.6	5.45	0.01632190422215925	-145.0	2022-07-12 15:33:48.389969
366	201.33	241	8	14.6	5.37	0.019113573407202215	-133.0	2022-07-12 15:33:49.393938
367	176.16	170	8	10.8	5.51	0.021408604349901137	-113.0	2022-07-12 15:33:50.388561
368	176.16	210	8	12.8	5.54	0.020182209287612298	-115.0	2022-07-12 15:33:51.392557
369	176.16	157	8	11.5	7.08	0.020739113580565963	-114.0	2022-07-12 15:33:52.394426
370	150.99	128	8	8.6	6.46	0.02154984762734001	-96.0	2022-07-12 15:33:53.393847
371	192.94	142	8	8.9	5.54	0.018912818009883474	-128.0	2022-07-12 15:33:54.394873
372	159.38	191	8	11.1	5.52	0.020885667121222997	-103.0	2022-07-12 15:33:55.396311
373	176.16	189	8	12.0	5.41	0.020229100658055083	-115.0	2022-07-12 15:33:56.397845
374	192.94	156	8	9.6	5.6	0.01941634013685011	-127.0	2022-07-12 15:33:57.399464
375	167.77	180	8	10.9	5.5	0.021033773472231437	-108.0	2022-07-12 15:33:58.399846
376	201.33	165	8	10.2	5.45	0.01982432597291692	-132.0	2022-07-12 15:33:59.400119
377	167.77	216	6	13.1	5.44	0.01834286073245807	-118.0	2022-07-12 15:34:00.400091
378	134.22	112	6	9.0	5.45	0.0	-119.0	2022-07-12 15:34:01.400383
379	134.22	125	5	10.3	5.36	0.020826220553089792	-94.0	2022-07-12 15:34:02.402799
380	109.05	85	5	8.6	5.6	0.0	-99.0	2022-07-12 15:34:03.404411
381	100.66	105	5	10.0	5.46	0.019341519069868522	-72.0	2022-07-12 15:34:04.404934
382	83.89	72	4	8.8	5.47	0.0	-78.0	2022-07-12 15:34:05.404550
383	83.89	59	4	7.0	5.56	0.023356181772023355	-58.0	2022-07-12 15:34:06.405964
384	75.5	65	4	8.2	5.57	0.022920077392469117	-52.0	2022-07-12 15:34:07.407384
385	92.27	114	4	13.5	5.48	0.01861797350519155	-68.0	2022-07-12 15:34:08.406453
386	100.66	97	4	11.0	5.51	0.0193088181035543	-74.0	2022-07-12 15:34:09.408664
387	109.05	121	4	17.0	5.4	0.015628439357252916	-84.0	2022-07-12 15:34:10.409306
388	92.27	89	4	11.0	5.38	0.020002312406058504	-67.0	2022-07-12 15:34:11.410965
389	83.89	103	4	13.0	6.05	0.02046897266485296	-60.0	2022-07-12 15:34:12.412213
390	100.66	73	4	9.8	5.58	0.019603347472199932	-73.0	2022-07-12 15:34:13.412649
391	92.27	86	4	11.2	5.55	0.0177101521576453	-69.0	2022-07-12 15:34:14.413807
392	75.5	58	4	7.0	5.6	0.0240946261682243	-52.0	2022-07-12 15:34:15.415814
393	92.27	66	4	8.5	5.54	0.020844540075309306	-66.0	2022-07-12 15:34:16.413234
394	92.27	97	4	11.5	5.83	0.01866789582853192	-68.0	2022-07-12 15:34:17.417396
395	92.27	66	4	7.8	5.49	0.022101589763474216	-65.0	2022-07-12 15:34:18.417263
396	75.5	37	4	6.0	7.39	0.021117855336368233	-54.0	2022-07-12 15:34:19.417830
397	100.66	60	4	8.0	5.44	0.021797593772116066	-71.0	2022-07-12 15:34:20.421540
398	83.89	70	4	9.8	5.73	0.01852958756724447	-62.0	2022-07-12 15:34:21.420460
399	100.66	114	4	12.8	5.54	0.016511867905056758	-76.0	2022-07-12 15:34:22.421485
400	92.27	52	4	7.0	5.48	0.020643363728470112	-66.0	2022-07-12 15:34:23.423733
401	75.5	83	4	10.5	5.42	0.019479653102068045	-55.0	2022-07-12 15:34:24.424558
402	75.5	48	4	12.0	8.38	0.020793346129238645	-54.0	2022-07-12 15:34:25.424834
403	83.89	66	4	9.5	5.65	0.021871031466064627	-59.0	2022-07-12 15:34:26.426578
404	75.5	78	4	9.8	5.63	0.019689119170984457	-55.0	2022-07-12 15:34:27.426256
405	92.27	125	4	15.2	5.39	0.01796023091725465	-69.0	2022-07-12 15:34:28.428129
406	100.66	67	4	8.5	5.85	0.02109300095877277	-72.0	2022-07-12 15:34:29.429726
407	92.27	113	4	13.5	5.42	0.019060670237946928	-68.0	2022-07-12 15:34:30.427824
408	100.66	88	4	10.0	5.45	0.018763669851502244	-74.0	2022-07-12 15:34:31.430295
409	67.11	76	4	10.0	5.42	0.024325519681556832	-46.0	2022-07-12 15:34:32.430167
410	100.66	73	4	8.2	5.35	0.021915689055047056	-71.0	2022-07-12 15:34:33.433532
411	75.5	70	4	9.5	5.73	0.020604939902258618	-54.0	2022-07-12 15:34:34.432473
412	100.66	95	4	12.5	5.44	0.01916745061147695	-74.0	2022-07-12 15:34:35.447859
413	75.5	92	4	10.8	5.36	0.02346465816917729	-52.0	2022-07-12 15:34:36.443512
414	109.05	121	4	13.2	5.37	0.019091663702122612	-80.0	2022-07-12 15:34:37.441134
415	83.89	79	4	10.0	5.36	0.021760633036597428	-59.0	2022-07-12 15:34:38.445509
416	83.89	83	4	10.5	5.33	0.01976439790575916	-61.0	2022-07-12 15:34:39.445670
417	100.66	136	4	18.5	5.44	0.01710784880360652	-76.0	2022-07-12 15:34:40.445746
418	92.27	81	4	10.2	5.52	0.022043343653250773	-65.0	2022-07-12 15:34:41.448663
419	92.27	76	4	10.5	5.44	0.019273710189211424	-67.0	2022-07-12 15:34:42.447814
420	83.89	109	4	15.0	5.56	0.020013431833445266	-61.0	2022-07-12 15:34:43.455195
421	100.66	62	4	7.2	5.4	0.01964154186103609	-73.0	2022-07-12 15:34:44.453966
422	92.27	98	4	11.8	5.55	0.020758585340850847	-66.0	2022-07-12 15:34:45.455463
423	100.66	80	4	9.5	5.32	0.018225369714642784	-75.0	2022-07-12 15:34:46.455832
424	92.27	86	4	9.8	5.48	0.017670309230411532	-69.0	2022-07-12 15:34:47.464117
425	92.27	81	4	12.0	5.49	0.02023083906108157	-67.0	2022-07-12 15:34:48.457390
426	109.05	63	4	7.8	5.47	0.017386363636363637	-82.0	2022-07-12 15:34:49.457402
427	67.11	64	4	8.0	5.51	0.024951149857207276	-45.0	2022-07-12 15:34:50.459641
428	83.89	87	4	10.8	5.64	0.023015116437423395	-58.0	2022-07-12 15:34:51.510362
429	75.5	83	4	9.8	5.45	0.02357795461243737	-52.0	2022-07-12 15:34:52.469957
430	75.5	93	4	12.2	5.57	0.024977155041120927	-51.0	2022-07-12 15:34:53.469519
431	91.51	113	4	14.8	5.48	0.01726807193045135	-69.0	2022-07-12 15:34:54.470465
432	83.89	68	4	8.8	5.45	0.021303901437371663	-60.0	2022-07-12 15:34:55.486491
433	100.66	76	4	9.2	5.74	0.018615751789976133	-74.0	2022-07-12 15:34:56.473010
434	58.72	35	4	8.5	8.66	0.02219437981027385	-41.0	2022-07-12 15:34:57.471810
435	83.89	94	4	12.5	5.41	0.01809720785935884	-62.0	2022-07-12 15:34:58.468882
436	92.27	72	4	9.0	5.45	0.020662768031189084	-66.0	2022-07-12 15:34:59.484816
437	83.89	76	4	10.2	5.53	0.017467248908296942	-63.0	2022-07-12 15:35:00.475290
438	109.05	58	4	8.0	5.73	0.019409192705556147	-80.0	2022-07-12 15:35:01.475038
439	109.05	85	4	10.5	5.44	0.01544031519539985	-84.0	2022-07-12 15:35:02.476347
440	83.89	79	4	10.0	5.46	0.021771267302781883	-59.0	2022-07-12 15:35:03.468740
441	92.27	75	4	8.8	5.51	0.01996755272681892	-67.0	2022-07-12 15:35:04.478918
442	83.89	104	4	14.0	5.74	0.017945823927765236	-62.0	2022-07-12 15:35:05.479586
443	109.05	62	4	7.2	5.74	0.021018102296197303	-78.0	2022-07-12 15:35:06.479443
444	92.27	119	4	14.8	5.5	0.016988229583788376	-70.0	2022-07-12 15:35:07.494028
445	92.27	55	4	6.5	5.8	0.02048577036310108	-66.0	2022-07-12 15:35:08.482193
446	75.5	68	4	8.8	5.5	0.02463126843657817	-51.0	2022-07-12 15:35:09.482941
447	92.27	66	4	7.8	6.26	0.020943796394485684	-66.0	2022-07-12 15:35:10.483910
448	83.89	56	4	7.0	5.71	0.018648583192056187	-62.0	2022-07-12 15:35:11.486406
449	100.66	100	4	12.8	5.45	0.017868378004278342	-75.0	2022-07-12 15:35:12.484055
450	75.5	91	4	10.8	5.5	0.02424942263279446	-51.0	2022-07-12 15:35:13.487509
451	92.27	86	4	10.5	5.54	0.019298688193743693	-67.0	2022-07-12 15:35:14.488973
452	92.27	79	4	10.0	5.59	0.019542421353670163	-67.0	2022-07-12 15:35:15.490151
453	100.66	133	4	16.8	5.48	0.01813695249845774	-75.0	2022-07-12 15:35:16.491021
454	92.27	118	4	15.2	5.31	0.018374800273910065	-68.0	2022-07-12 15:35:17.491290
455	83.89	75	4	10.2	5.56	0.02122641509433962	-60.0	2022-07-12 15:35:18.492494
456	67.11	84	4	9.8	5.53	0.024170616113744076	-46.0	2022-07-12 15:35:19.492561
457	75.5	60	4	7.0	5.4	0.027722468984530554	-49.0	2022-07-12 15:35:20.493772
458	83.89	79	4	11.0	5.51	0.0227765726681128	-58.0	2022-07-12 15:35:21.495294
459	75.5	85	4	10.0	5.69	0.02138479593167297	-54.0	2022-07-12 15:35:22.495898
460	83.89	89	4	10.0	5.39	0.023708120386144237	-58.0	2022-07-12 15:35:23.497348
461	75.5	70	4	9.0	5.72	0.022350107066381155	-53.0	2022-07-12 15:35:24.496152
462	109.05	87	4	12.0	5.43	0.019631171921475312	-79.0	2022-07-12 15:35:25.496316
463	83.89	84	4	10.5	5.75	0.02156964656964657	-59.0	2022-07-12 15:35:26.496976
464	92.27	70	4	8.2	5.67	0.02004644908935338	-67.0	2022-07-12 15:35:27.498602
465	92.27	69	4	11.0	7.16	0.018076398362892224	-69.0	2022-07-12 15:35:28.500399
466	109.05	156	4	18.2	5.44	0.01373499538319483	-86.0	2022-07-12 15:35:29.500452
467	109.05	82	4	11.2	5.68	0.01815147089505529	-81.0	2022-07-12 15:35:30.502512
468	83.89	64	4	9.2	5.44	0.018541257367387032	-62.0	2022-07-12 15:35:31.501652
469	83.89	69	4	9.2	5.39	0.022673855938061663	-58.0	2022-07-12 15:35:32.505099
470	83.89	54	4	7.2	5.62	0.022592487997740753	-59.0	2022-07-12 15:35:33.504804
471	75.5	112	4	14.2	5.44	0.021803619104123404	-53.0	2022-07-12 15:35:34.505439
472	83.89	122	4	17.2	5.44	0.017309479553903346	-63.0	2022-07-12 15:35:35.506521
473	92.27	94	4	11.5	5.48	0.02194732641660016	-65.0	2022-07-12 15:35:36.508780
474	109.05	57	4	7.5	5.37	0.02073306182895224	-78.0	2022-07-12 15:35:37.508920
475	83.89	87	4	11.0	5.52	0.018755615453728662	-62.0	2022-07-12 15:35:38.511485
476	100.66	58	4	10.2	6.72	0.019240506329113925	-74.0	2022-07-12 15:35:39.510546
477	83.89	82	4	10.5	5.55	0.019682456370555046	-61.0	2022-07-12 15:35:40.511570
478	83.89	67	4	8.0	5.71	0.02318840579710145	-58.0	2022-07-12 15:35:41.514159
479	83.89	124	4	15.0	5.45	0.019984118581259924	-61.0	2022-07-12 15:35:42.513812
480	100.66	73	4	9.5	5.49	0.01936887921653972	-73.0	2022-07-12 15:35:43.515280
481	117.44	98	4	12.0	5.98	0.01617277749874435	-90.0	2022-07-12 15:35:44.516123
482	92.27	82	4	10.0	5.44	0.02126865671641791	-66.0	2022-07-12 15:35:45.515899
483	75.5	73	4	9.2	5.34	0.02035048049745619	-54.0	2022-07-12 15:35:46.516579
484	100.66	88	4	11.0	5.3	0.019605410100508747	-73.0	2022-07-12 15:35:47.515124
485	92.27	96	4	11.0	5.37	0.01891390113715479	-68.0	2022-07-12 15:35:48.516716
486	92.27	62	4	7.8	5.61	0.022549284364029167	-64.0	2022-07-12 15:35:49.519403
487	75.5	62	4	7.8	5.54	0.020188778185631882	-55.0	2022-07-12 15:35:50.519108
488	92.27	101	4	13.0	5.35	0.0184187445182308	-68.0	2022-07-12 15:35:51.520781
489	92.27	102	4	13.2	5.37	0.020996397067958753	-66.0	2022-07-12 15:35:52.522402
490	100.66	83	4	9.2	5.31	0.01881720430107527	-74.0	2022-07-12 15:35:53.523681
491	75.5	76	4	9.0	5.53	0.022581086629259613	-53.0	2022-07-12 15:35:54.522009
492	100.66	88	4	12.5	5.38	0.017514792899408285	-75.0	2022-07-12 15:35:55.525767
493	92.27	80	4	10.2	5.57	0.017537537537537538	-69.0	2022-07-12 15:35:56.526348
494	117.44	68	4	9.8	5.4	0.01727821644217371	-88.0	2022-07-12 15:35:57.527170
495	92.27	79	4	11.8	5.52	0.01729849098270151	-69.0	2022-07-12 15:35:58.527862
496	109.05	111	4	13.8	5.43	0.018593840790238233	-80.0	2022-07-12 15:35:59.520392
497	75.5	61	4	9.8	7.83	0.01985440105890139	-55.0	2022-07-12 15:36:00.525770
498	75.5	85	4	10.5	5.6	0.01873262110346846	-56.0	2022-07-12 15:36:01.529410
499	83.89	102	4	12.5	5.41	0.02166260492824262	-59.0	2022-07-12 15:36:02.529789
500	117.44	101	4	14.0	5.49	0.014567090685268774	-91.0	2022-07-12 15:36:03.532770
501	100.66	51	4	6.5	5.59	0.021643006748894578	-71.0	2022-07-12 15:36:04.533810
502	67.11	83	4	11.5	5.52	0.023181332926643282	-46.0	2022-07-12 15:36:05.533506
503	92.27	65	4	7.5	5.51	0.022576720292010275	-64.0	2022-07-12 15:36:06.534853
504	75.5	128	4	16.0	5.44	0.016962220508866616	-57.0	2022-07-12 15:36:07.534608
505	134.22	104	4	12.8	5.51	0.014577513966480446	-104.0	2022-07-12 15:36:08.536590
506	109.05	101	4	11.5	5.43	0.017636104721218095	-82.0	2022-07-12 15:36:09.537338
507	92.27	98	4	11.8	5.68	0.019715895175116335	-67.0	2022-07-12 15:36:10.538647
508	92.27	90	4	10.8	5.4	0.01918158567774936	-68.0	2022-07-12 15:36:11.540602
509	100.66	114	4	14.2	5.43	0.018532246108228317	-74.0	2022-07-12 15:36:12.540262
510	92.27	80	4	9.8	5.55	0.022820800598578377	-64.0	2022-07-12 15:36:13.543180
511	75.5	73	4	8.8	5.46	0.020870036590323892	-54.0	2022-07-12 15:36:14.543739
512	92.27	60	4	7.0	5.56	0.02218570254724733	-65.0	2022-07-12 15:36:15.544816
513	100.66	122	4	14.2	5.37	0.01819024446761673	-75.0	2022-07-12 15:36:16.544914
514	100.66	86	4	10.5	5.4	0.0184139177586986	-74.0	2022-07-12 15:36:17.545342
515	75.5	59	4	7.2	5.65	0.02336380786533159	-52.0	2022-07-12 15:36:18.544652
516	83.89	90	4	11.0	5.53	0.018997832462068088	-62.0	2022-07-12 15:36:19.546494
517	109.05	74	4	9.0	5.37	0.019731040564373897	-79.0	2022-07-12 15:36:20.546913
518	100.66	84	4	10.5	5.65	0.017150253478589148	-76.0	2022-07-12 15:36:21.548649
519	92.27	84	4	10.8	5.58	0.019385729300478806	-67.0	2022-07-12 15:36:22.547993
520	109.05	119	4	14.5	5.56	0.016294175933061764	-83.0	2022-07-12 15:36:23.549011
521	75.5	90	4	11.0	5.41	0.02224384818573613	-53.0	2022-07-12 15:36:24.549713
522	83.89	98	4	12.2	5.43	0.01993127147766323	-61.0	2022-07-12 15:36:25.550951
523	109.05	58	4	8.0	5.6	0.01986010492130902	-79.0	2022-07-12 15:36:26.550974
524	67.11	102	4	12.8	5.58	0.02028740490278952	-48.0	2022-07-12 15:36:27.551962
525	75.5	72	4	9.2	5.4	0.023296703296703296	-52.0	2022-07-12 15:36:28.551902
526	83.89	74	4	9.0	5.61	0.02373113854595336	-58.0	2022-07-12 15:36:29.556340
527	92.27	84	4	11.2	5.45	0.018739751698289998	-68.0	2022-07-12 15:36:30.555445
528	75.5	73	4	10.2	5.4	0.027095547456821422	-49.0	2022-07-12 15:36:31.557808
529	67.11	85	4	11.5	7.02	0.01932591218305504	-49.0	2022-07-12 15:36:32.557813
530	109.05	156	4	18.8	5.39	0.01577324478178368	-84.0	2022-07-12 15:36:33.558777
531	100.66	109	4	13.0	5.5	0.01834765086435465	-75.0	2022-07-12 15:36:34.559014
532	92.27	97	4	12.5	5.36	0.01820577314648461	-68.0	2022-07-12 15:36:35.560182
533	109.05	89	4	10.8	5.33	0.01794490798948451	-81.0	2022-07-12 15:36:36.561152
534	75.5	62	4	8.0	5.48	0.019434854877892854	-55.0	2022-07-12 15:36:37.561088
535	83.89	84	4	9.8	5.53	0.02005079534821548	-61.0	2022-07-12 15:36:38.561283
536	109.05	67	4	8.8	5.4	0.017002724795640328	-82.0	2022-07-12 15:36:39.563046
537	92.27	65	4	8.5	5.5	0.01913527915707884	-68.0	2022-07-12 15:36:40.562870
538	83.89	109	4	13.0	5.33	0.019903820464867755	-61.0	2022-07-12 15:36:41.563089
539	83.89	96	4	11.5	5.41	0.024250070086907764	-57.0	2022-07-12 15:36:42.564919
540	75.5	59	4	7.2	5.5	0.0215311004784689	-53.0	2022-07-12 15:36:43.565762
541	117.44	109	4	14.2	5.5	0.01757408683666437	-88.0	2022-07-12 15:36:44.567266
542	83.89	75	4	9.2	5.47	0.023675604970569	-58.0	2022-07-12 15:36:45.567198
543	92.27	96	4	11.5	5.48	0.018230688325347667	-68.0	2022-07-12 15:36:46.566953
544	92.27	91	4	11.2	5.69	0.02061723652196184	-66.0	2022-07-12 15:36:47.567682
545	92.27	79	4	10.5	5.56	0.020717721050684423	-66.0	2022-07-12 15:36:48.570135
546	83.89	132	4	19.2	5.52	0.01535288725939505	-65.0	2022-07-12 15:36:49.570280
547	100.66	98	4	11.8	5.36	0.021898688485140174	-71.0	2022-07-12 15:36:50.571246
548	100.66	84	4	11.8	5.44	0.01867316167942473	-74.0	2022-07-12 15:36:51.572116
549	75.5	116	4	14.0	5.44	0.01929824561403509	-55.0	2022-07-12 15:36:52.572646
550	92.27	63	4	7.0	5.42	0.02125506072874494	-66.0	2022-07-12 15:36:53.574680
551	100.66	72	4	9.5	5.44	0.017253199268738573	-76.0	2022-07-12 15:36:54.574465
552	75.5	74	4	9.5	5.65	0.019257605358638012	-55.0	2022-07-12 15:36:55.576043
553	75.5	78	4	10.8	5.77	0.022723829722769276	-53.0	2022-07-12 15:36:56.576901
554	100.66	110	4	14.0	5.4	0.020588969303718493	-72.0	2022-07-12 15:36:57.578426
555	92.27	55	4	8.2	5.51	0.02010390783826519	-67.0	2022-07-12 15:36:58.577361
556	92.27	92	4	11.2	5.39	0.020622243413994518	-66.0	2022-07-12 15:36:59.580259
557	75.5	61	4	8.0	5.53	0.026880096647538508	-49.0	2022-07-12 15:37:00.580672
558	92.27	97	4	11.2	5.5	0.02130225080385852	-66.0	2022-07-12 15:37:01.579418
559	100.66	53	4	7.0	5.52	0.01737722611980572	-76.0	2022-07-12 15:37:02.582041
560	75.5	89	4	11.5	5.41	0.020530367835757058	-54.0	2022-07-12 15:37:03.581193
561	75.5	99	4	12.0	5.54	0.020233085140822272	-54.0	2022-07-12 15:37:04.583111
562	100.66	75	4	8.5	5.55	0.017342317463824145	-76.0	2022-07-12 15:37:05.583972
563	75.5	91	4	10.8	5.56	0.02443411782341478	-51.0	2022-07-12 15:37:06.585655
564	100.66	79	4	10.8	5.38	0.020370140355235374	-72.0	2022-07-12 15:37:07.586909
565	67.11	70	4	8.8	5.75	0.02361348454248874	-46.0	2022-07-12 15:37:08.588278
566	83.89	84	4	10.8	5.64	0.020838899278653487	-60.0	2022-07-12 15:37:09.588240
567	100.66	76	4	11.2	5.68	0.017454235845040442	-75.0	2022-07-12 15:37:10.588375
568	117.44	98	4	13.5	5.58	0.017178046672428695	-88.0	2022-07-12 15:37:11.588902
569	100.66	126	4	16.5	5.51	0.016247041101786097	-77.0	2022-07-12 15:37:12.588291
570	109.05	110	4	15.0	5.55	0.014932562620423893	-84.0	2022-07-12 15:37:13.591488
571	100.66	92	4	10.8	5.63	0.020179089418589986	-73.0	2022-07-12 15:37:14.592305
572	83.89	57	4	8.2	5.48	0.020248808893594494	-61.0	2022-07-12 15:37:15.592695
573	83.89	89	4	11.5	5.31	0.020650095602294454	-60.0	2022-07-12 15:37:16.593217
574	92.27	105	4	12.2	5.41	0.0224703611800386	-65.0	2022-07-12 15:37:17.593083
575	83.89	99	4	12.0	5.53	0.020205871139916128	-61.0	2022-07-12 15:37:18.593591
576	83.89	77	4	9.2	5.36	0.024592637296318647	-57.0	2022-07-12 15:37:19.595135
577	75.5	76	4	9.2	5.77	0.023727410677334804	-52.0	2022-07-12 15:37:20.595773
578	92.27	121	4	15.5	5.33	0.017846993293168127	-69.0	2022-07-12 15:37:21.596853
579	83.89	67	4	8.0	5.47	0.024190241902419023	-57.0	2022-07-12 15:37:22.597770
580	92.27	87	4	10.5	5.44	0.02226750109154417	-65.0	2022-07-12 15:37:23.598950
581	92.27	56	4	7.2	5.53	0.01842995450834014	-68.0	2022-07-12 15:37:24.599944
582	75.5	70	4	8.5	5.48	0.021008965609527634	-54.0	2022-07-12 15:37:25.600189
583	83.89	60	4	6.8	5.42	0.020827547903360177	-60.0	2022-07-12 15:37:26.601233
584	100.66	91	4	10.8	5.41	0.01840789954894551	-74.0	2022-07-12 15:37:27.603512
585	100.66	65	4	8.8	5.57	0.019471180440314192	-73.0	2022-07-12 15:37:28.602813
586	75.5	58	4	6.8	5.76	0.021843291995490417	-53.0	2022-07-12 15:37:29.604340
587	92.27	143	4	17.2	5.34	0.016932868980425123	-70.0	2022-07-12 15:37:30.612051
588	109.05	86	4	10.0	5.62	0.02027548209366391	-79.0	2022-07-12 15:37:31.616948
589	83.89	78	4	10.2	5.46	0.02058548322416789	-60.0	2022-07-12 15:37:32.616905
590	83.89	72	4	9.0	5.55	0.023235923022095508	-58.0	2022-07-12 15:37:33.616666
591	83.89	90	4	10.0	5.47	0.02109053497942387	-60.0	2022-07-12 15:37:34.615804
592	83.89	54	4	10.2	7.63	0.020574426953880145	-60.0	2022-07-12 15:37:35.619419
593	75.5	123	4	14.8	5.45	0.017185385656292285	-57.0	2022-07-12 15:37:36.620144
594	92.27	108	4	13.5	5.39	0.022913484238300235	-64.0	2022-07-12 15:37:37.620715
595	75.5	80	4	9.5	5.5	0.022860253095659273	-52.0	2022-07-12 15:37:38.623853
596	75.5	105	4	12.2	5.35	0.022284122562674095	-53.0	2022-07-12 15:37:39.622620
597	109.05	92	4	11.0	5.6	0.018487767076275877	-81.0	2022-07-12 15:37:40.625054
598	92.27	63	4	8.2	5.47	0.021577287066246058	-65.0	2022-07-12 15:37:41.625318
599	83.89	61	4	6.8	5.59	0.02328987842390508	-58.0	2022-07-12 15:37:42.630110
600	58.72	101	4	13.0	5.51	0.025587044534412955	-39.0	2022-07-12 15:37:43.626233
601	92.27	58	4	6.5	5.5	0.021475027610749785	-65.0	2022-07-12 15:37:44.628611
602	67.11	61	4	8.0	5.5	0.026419248309482623	-44.0	2022-07-12 15:37:45.628911
603	83.89	79	4	11.0	7.85	0.023017902813299233	-58.0	2022-07-12 15:37:46.631138
604	83.89	97	4	12.8	5.4	0.018165762583575124	-62.0	2022-07-12 15:37:47.629573
605	92.27	96	4	11.5	5.46	0.018299745193421358	-68.0	2022-07-12 15:37:48.629492
606	83.89	85	4	11.0	5.51	0.022844089091947458	-58.0	2022-07-12 15:37:49.631223
607	92.27	70	4	8.8	5.35	0.022262726207525063	-65.0	2022-07-12 15:37:50.656136
608	75.5	119	4	14.0	5.35	0.01974513373477104	-55.0	2022-07-12 15:37:51.632117
609	83.89	108	4	13.8	5.56	0.022052927024859663	-59.0	2022-07-12 15:37:52.631732
610	100.66	134	4	17.0	5.44	0.01942437522207746	-73.0	2022-07-12 15:37:53.632791
611	109.05	112	4	13.5	5.45	0.018251185811507527	-81.0	2022-07-12 15:37:54.637063
612	92.27	99	4	12.2	5.35	0.021852918084271134	-65.0	2022-07-12 15:37:55.635389
613	75.5	47	4	6.0	5.91	0.022848743987172637	-52.0	2022-07-12 15:37:56.635322
614	92.27	94	4	11.0	5.33	0.017598602096854717	-69.0	2022-07-12 15:37:57.635192
615	100.66	107	4	13.0	5.41	0.018401507593393193	-74.0	2022-07-12 15:37:58.669933
616	92.27	100	4	12.8	5.5	0.023221634332745444	-64.0	2022-07-12 15:37:59.640464
617	92.27	69	4	8.8	5.48	0.018625330449411198	-68.0	2022-07-12 15:38:00.641261
618	75.5	50	4	5.8	5.77	0.022566612289287656	-53.0	2022-07-12 15:38:01.642722
619	75.5	92	4	10.8	5.53	0.022640399882387533	-53.0	2022-07-12 15:38:02.646465
620	92.27	118	4	15.5	5.5	0.020183723638245568	-67.0	2022-07-12 15:38:03.643814
621	75.5	83	4	10.2	5.44	0.022389042539180823	-53.0	2022-07-12 15:38:04.645431
622	100.66	104	4	12.2	5.31	0.02018440069773237	-73.0	2022-07-12 15:38:05.645001
623	100.66	101	4	13.8	5.59	0.018905589478628464	-74.0	2022-07-12 15:38:06.652122
624	100.66	49	4	8.5	7.44	0.016452967207534325	-76.0	2022-07-12 15:38:07.648184
625	92.27	85	4	11.0	5.42	0.01722855726326227	-69.0	2022-07-12 15:38:08.648436
626	67.11	97	4	11.5	5.39	0.022381378692927483	-47.0	2022-07-12 15:38:09.649586
627	100.66	87	4	11.2	5.4	0.02015145680913875	-73.0	2022-07-12 15:38:10.646745
628	92.27	98	4	12.2	5.62	0.017497523935292175	-69.0	2022-07-12 15:38:11.651141
629	109.05	99	4	11.5	5.48	0.015585774058577405	-84.0	2022-07-12 15:38:12.652292
630	92.27	101	4	14.8	5.46	0.018796037592075186	-68.0	2022-07-12 15:38:13.652564
631	92.27	93	4	12.0	5.42	0.023037875829754	-64.0	2022-07-12 15:38:14.668099
632	117.44	82	4	10.5	5.58	0.01653486700215672	-89.0	2022-07-12 15:38:15.653195
633	92.27	109	4	14.0	5.5	0.017284569138276553	-69.0	2022-07-12 15:38:16.653756
634	100.66	120	4	17.2	5.46	0.01899730215827338	-74.0	2022-07-12 15:38:17.655391
635	92.27	89	4	11.0	5.42	0.019492502883506343	-67.0	2022-07-12 15:38:18.647581
636	92.27	91	4	11.0	5.6	0.02129032258064516	-66.0	2022-07-12 15:38:19.656812
637	100.66	69	4	8.0	5.37	0.021964461994077	-71.0	2022-07-12 15:38:20.658218
638	83.89	59	4	6.8	5.74	0.019389542156617465	-61.0	2022-07-12 15:38:21.658213
639	109.05	82	4	10.0	5.4	0.018474441799841323	-81.0	2022-07-12 15:38:22.659477
640	92.27	95	4	11.5	5.6	0.01793620161198774	-69.0	2022-07-12 15:38:23.661083
641	75.5	48	4	6.2	5.75	0.026907946498819828	-49.0	2022-07-12 15:38:24.660434
642	75.5	87	4	10.5	5.59	0.02124605225380419	-54.0	2022-07-12 15:38:25.664408
643	83.89	95	4	10.5	5.36	0.02085533262935586	-60.0	2022-07-12 15:38:26.660890
644	75.5	67	4	7.5	5.46	0.022934512296214425	-52.0	2022-07-12 15:38:27.665385
645	92.27	84	4	10.8	5.44	0.02244811520542143	-65.0	2022-07-12 15:38:28.666662
646	67.11	51	4	6.8	5.61	0.02571082879612825	-45.0	2022-07-12 15:38:29.667583
647	92.27	105	4	14.0	5.48	0.020166898470097356	-67.0	2022-07-12 15:38:30.669030
648	75.5	55	3	10.7	5.5	0.0	-71.0	2022-07-12 15:38:31.669018
649	58.72	86	3	14.0	5.35	0.02127659574468085	-43.0	2022-07-12 15:38:32.670402
650	76.26	70	3	11.0	5.59	0.01835253947930004	-58.0	2022-07-12 15:38:33.671335
651	67.11	65	3	10.3	5.64	0.019553072625698324	-50.0	2022-07-12 15:38:34.667868
652	58.72	56	3	9.0	5.52	0.022103658536585365	-42.0	2022-07-12 15:38:35.673058
653	58.72	59	3	10.3	5.77	0.021030291337063477	-43.0	2022-07-12 15:38:36.673995
654	58.72	98	3	15.3	5.45	0.020133021750853856	-44.0	2022-07-12 15:38:37.674433
655	83.89	42	3	7.3	5.37	0.020842194810718844	-62.0	2022-07-12 15:38:38.675203
656	50.33	70	3	11.0	5.55	0.0199288256227758	-37.0	2022-07-12 15:38:39.675713
657	58.72	61	3	11.0	5.51	0.02045192149101105	-43.0	2022-07-12 15:38:40.678055
658	75.5	39	3	7.7	5.61	0.021216407355021217	-55.0	2022-07-12 15:38:41.677515
659	58.72	74	3	12.0	5.33	0.018867924528301886	-44.0	2022-07-12 15:38:42.679445
660	75.5	107	3	18.0	5.48	0.017686191789712803	-58.0	2022-07-12 15:38:43.678904
661	75.5	59	3	8.3	5.46	0.018906047048636167	-57.0	2022-07-12 15:38:44.679935
662	67.11	57	3	10.7	5.34	0.0213798059647862	-49.0	2022-07-12 15:38:45.681168
663	58.72	57	3	10.7	5.53	0.024913915333198297	-41.0	2022-07-12 15:38:46.683435
664	41.94	55	3	8.7	5.44	0.02548464386843825	-29.0	2022-07-12 15:38:47.682887
665	75.5	74	3	12.0	5.75	0.02003867111970469	-56.0	2022-07-12 15:38:48.683311
666	67.11	56	3	9.0	5.4	0.02148209825145712	-49.0	2022-07-12 15:38:49.685410
667	50.33	64	3	10.0	5.37	0.021517996870109544	-37.0	2022-07-12 15:38:50.686658
668	100.66	36	3	6.3	5.35	0.014915019077349982	-80.0	2022-07-12 15:38:51.686754
669	67.11	62	3	10.0	5.75	0.020977711181869262	-49.0	2022-07-12 15:38:52.688278
670	50.33	71	3	13.0	5.86	0.021773210242118098	-36.0	2022-07-12 15:38:53.689044
671	75.5	63	3	11.7	5.42	0.022381041940944143	-54.0	2022-07-12 15:38:54.687709
672	50.33	54	3	9.0	5.33	0.027450980392156862	-34.0	2022-07-12 15:38:55.689872
673	50.33	50	3	9.7	5.4	0.025278491859468722	-35.0	2022-07-12 15:38:56.688238
674	67.11	80	3	12.3	5.41	0.01990049751243781	-50.0	2022-07-12 15:38:57.691249
675	58.72	75	3	12.7	5.43	0.021158328850636544	-43.0	2022-07-12 15:38:58.691911
676	75.5	75	3	11.7	5.53	0.018971394693938045	-57.0	2022-07-12 15:38:59.693454
677	83.89	63	3	10.7	5.63	0.019493454752418895	-63.0	2022-07-12 15:39:00.693155
678	67.11	52	3	9.0	5.51	0.021511892137554917	-49.0	2022-07-12 15:39:01.694543
679	58.72	76	3	12.7	5.34	0.021296645307199397	-43.0	2022-07-12 15:39:02.692051
680	83.89	50	3	8.7	6.05	0.01680672268907563	-65.0	2022-07-12 15:39:03.696423
681	75.5	56	3	9.3	5.39	0.019310804061927752	-57.0	2022-07-12 15:39:04.697435
682	75.5	59	3	9.3	5.43	0.018197327267557576	-57.0	2022-07-12 15:39:05.697891
683	58.72	72	3	11.7	5.35	0.02015390252839868	-43.0	2022-07-12 15:39:06.699786
684	67.11	58	3	10.0	5.4	0.024460953071208553	-47.0	2022-07-12 15:39:07.699122
685	50.33	50	3	9.7	5.84	0.024958708019820152	-35.0	2022-07-12 15:39:08.701324
686	69.68	73	2	12.0	5.35	0.018844416757514405	-54.0	2022-07-12 15:39:09.702366
687	41.94	19	2	8.5	6.67	0.0	-40.0	2022-07-12 15:39:10.700293
688	41.94	38	2	9.5	5.53	0.018999197217019	-32.0	2022-07-12 15:39:11.704539
689	50.33	31	2	9.5	5.41	0.01723741668581935	-40.0	2022-07-12 15:39:12.706861
690	41.94	19	2	5.0	5.89	0.028191834089436162	-28.0	2022-07-12 15:39:13.706928
691	25.17	37	2	8.5	5.38	0.02591512795594428	-18.0	2022-07-12 15:39:14.708347
692	50.33	66	2	15.5	5.52	0.015710382513661202	-40.0	2022-07-12 15:39:15.708120
693	67.11	42	2	10.5	5.38	0.016634429400386848	-53.0	2022-07-12 15:39:16.708631
694	50.33	60	2	14.0	5.32	0.01857262103505843	-39.0	2022-07-12 15:39:17.709560
695	50.33	37	2	8.0	5.44	0.018620830775526908	-39.0	2022-07-12 15:39:18.707975
696	50.33	51	2	12.0	5.37	0.022197558268590455	-37.0	2022-07-12 15:39:19.711036
697	41.94	39	2	9.0	5.84	0.01870503597122302	-32.0	2022-07-12 15:39:20.712589
698	50.33	50	2	11.5	5.4	0.014308070646098816	-41.0	2022-07-12 15:39:21.710993
699	41.94	46	2	10.5	5.63	0.02316486161251504	-31.0	2022-07-12 15:39:22.714321
700	41.94	58	2	13.5	5.33	0.017548135510601998	-33.0	2022-07-12 15:39:23.715510
701	41.94	84	2	20.0	5.37	0.02017520573400584	-32.0	2022-07-12 15:39:24.717082
702	50.33	34	2	8.0	5.32	0.021038495971351837	-38.0	2022-07-12 15:39:25.715721
703	41.94	53	2	14.0	5.41	0.016971625563511006	-33.0	2022-07-12 15:39:26.717425
704	67.11	48	2	13.5	5.57	0.019131865871219914	-52.0	2022-07-12 15:39:27.719771
705	33.55	30	2	7.5	5.3	0.023816195012608572	-24.0	2022-07-12 15:39:28.720528
706	41.94	40	2	9.5	5.38	0.02159827213822894	-31.0	2022-07-12 15:39:29.721006
707	50.33	70	2	20.0	5.43	0.019801980198019802	-38.0	2022-07-12 15:39:30.720769
708	50.33	27	2	7.5	5.36	0.019668737060041408	-38.0	2022-07-12 15:39:31.722081
709	50.33	57	2	16.5	5.42	0.014715025906735752	-41.0	2022-07-12 15:39:32.724289
710	50.33	49	2	11.5	5.65	0.023466145196773404	-37.0	2022-07-12 15:39:33.723245
711	41.94	40	2	11.0	5.98	0.02288269331930563	-31.0	2022-07-12 15:39:34.728184
712	33.55	32	2	8.5	6.36	0.030335861321776816	-22.0	2022-07-12 15:39:35.718090
713	58.72	73	2	15.0	5.52	0.017241379310344827	-46.0	2022-07-12 15:39:36.731885
714	50.33	56	2	15.5	5.31	0.020623618954087895	-38.0	2022-07-12 15:39:37.729676
715	41.94	30	2	9.0	5.39	0.02283464566929134	-31.0	2022-07-12 15:39:38.725222
716	41.94	37	2	8.0	5.58	0.018457988848298405	-33.0	2022-07-12 15:39:39.893405
717	50.33	34	2	9.0	5.42	0.02141802067946824	-38.0	2022-07-12 15:39:40.727434
718	50.33	58	2	13.5	5.4	0.016735492284286026	-40.0	2022-07-12 15:39:41.728983
719	33.55	46	2	11.0	5.5	0.0202365308804205	-25.0	2022-07-12 15:39:42.761427
720	33.55	41	2	9.5	5.36	0.032742681047765794	-21.0	2022-07-12 15:39:43.733195
721	50.33	36	2	7.5	5.57	0.01997245179063361	-38.0	2022-07-12 15:39:44.730795
722	50.33	52	2	14.5	5.57	0.018565792527268508	-39.0	2022-07-12 15:39:45.732159
723	50.33	68	2	16.0	5.88	0.018505167027156932	-39.0	2022-07-12 15:39:46.734497
724	33.55	38	2	8.0	5.49	0.02426101505856107	-24.0	2022-07-12 15:39:47.736442
725	50.33	64	2	14.0	5.31	0.01712241247124968	-40.0	2022-07-12 15:39:48.734847
726	33.55	72	2	17.0	5.31	0.02411388727484021	-24.0	2022-07-12 15:39:49.733680
727	33.55	49	2	12.0	5.99	0.023784072688401926	-24.0	2022-07-12 15:39:50.737110
728	58.72	30	2	7.5	6.07	0.021584699453551914	-44.0	2022-07-12 15:39:51.735775
729	33.55	48	2	11.5	5.66	0.015964831096714482	-27.0	2022-07-12 15:39:52.737415
730	33.55	50	2	13.5	5.34	0.02055297284071446	-25.0	2022-07-12 15:39:53.736774
731	41.94	41	2	11.0	5.81	0.02532963219986121	-30.0	2022-07-12 15:39:54.732731
732	41.94	60	2	16.0	5.45	0.01596852580421199	-34.0	2022-07-12 15:39:55.740740
733	50.33	46	2	11.5	5.54	0.017762842054728757	-39.0	2022-07-12 15:39:56.741464
734	33.55	69	2	16.0	5.34	0.017331932773109245	-26.0	2022-07-12 15:39:57.742375
735	50.33	38	2	10.5	5.42	0.020378874856486796	-38.0	2022-07-12 15:39:58.742091
736	50.33	40	2	8.5	5.49	0.013976240391334731	-41.0	2022-07-12 15:39:59.740075
737	50.33	36	2	10.0	5.36	0.023020005480953686	-37.0	2022-07-12 15:40:00.740158
738	58.72	45	2	13.0	5.48	0.020106589147286823	-45.0	2022-07-12 15:40:01.744608
739	33.55	45	2	12.0	5.9	0.025795356835769563	-24.0	2022-07-12 15:40:02.739351
740	50.33	34	2	8.0	5.32	0.023145712782745922	-37.0	2022-07-12 15:40:03.784076
741	33.55	41	2	10.0	5.54	0.02221087567015573	-25.0	2022-07-12 15:40:04.747678
742	41.94	28	2	7.5	5.58	0.024642531183449955	-30.0	2022-07-12 15:40:05.748054
743	50.33	64	2	13.5	5.53	0.01788375558867362	-39.0	2022-07-12 15:40:06.766930
744	50.33	32	2	7.5	5.5	0.023940561364887175	-36.0	2022-07-12 15:40:07.744900
745	41.94	46	2	10.5	5.34	0.016953378209922713	-33.0	2022-07-12 15:40:08.755417
746	33.55	45	2	11.0	5.48	0.0221606648199446	-25.0	2022-07-12 15:40:09.753657
747	33.55	34	2	8.0	5.36	0.030550621669627	-22.0	2022-07-12 15:40:10.808320
748	50.33	38	2	12.5	5.34	0.021819985122737418	-37.0	2022-07-12 15:40:11.754829
749	41.94	23	2	6.0	5.48	0.02034587995930824	-32.0	2022-07-12 15:40:12.758667
750	41.94	35	2	8.5	5.44	0.017922906948195434	-33.0	2022-07-12 15:40:13.765417
751	41.94	51	2	12.0	5.45	0.026900584795321637	-29.0	2022-07-12 15:40:14.759668
752	25.17	40	1	9.5	5.34	0.025730994152046785	-18.0	2022-07-12 15:40:15.840815
753	25.17	24	1	11.0	5.36	0.0	-25.0	2022-07-12 15:40:16.764009
754	33.55	15	1	7.0	5.3	0.017761255679471292	-27.0	2022-07-12 15:40:17.756696
755	25.17	24	1	11.0	5.4	0.021962616822429906	-19.0	2022-07-12 15:40:18.760349
756	16.78	21	1	11.0	6.04	0.021378941742383754	-13.0	2022-07-12 15:40:19.795974
757	16.78	21	1	10.0	5.59	0.039538714991762765	-10.0	2022-07-12 15:40:20.766690
758	25.17	15	1	7.0	5.37	0.01615933859451334	-21.0	2022-07-12 15:40:21.769536
759	25.17	13	1	7.0	5.68	0.018226600985221674	-20.0	2022-07-12 15:40:22.767844
760	25.17	8	1	13.0	9.34	0.01806083650190114	-20.0	2022-07-12 15:40:23.769587
761	22.88	26	1	12.0	5.36	0.020793950850661626	-18.0	2022-07-12 15:40:24.771403
762	25.17	29	1	14.0	5.57	0.01880484747179273	-20.0	2022-07-12 15:40:25.770915
763	25.17	13	1	6.0	5.34	0.016611295681063124	-20.0	2022-07-12 15:40:26.773863
764	25.17	28	1	11.0	5.46	0.021897810218978103	-19.0	2022-07-12 15:40:27.773891
765	16.78	21	1	13.0	6.21	0.020959735245449532	-13.0	2022-07-12 15:40:28.774015
766	33.55	31	1	15.0	6.16	0.016489988221436984	-27.0	2022-07-12 15:40:29.771757
767	25.17	54	1	25.0	5.3	0.016228070175438595	-21.0	2022-07-12 15:40:30.774398
768	16.78	22	1	10.0	5.33	0.023391812865497075	-13.0	2022-07-12 15:40:31.771991
769	16.78	23	1	11.0	5.46	0.015985790408525755	-14.0	2022-07-12 15:40:32.774439
770	33.55	24	1	11.0	5.39	0.02232346241457859	-25.0	2022-07-12 15:40:33.866094
771	25.17	11	1	4.0	5.27	0.020869565217391306	-19.0	2022-07-12 15:40:34.799833
772	8.39	26	1	10.0	5.56	0.02577319587628866	-6.0	2022-07-12 15:40:35.820516
773	25.17	21	1	10.0	5.88	0.024185068349106203	-19.0	2022-07-12 15:40:36.791967
774	16.78	32	1	15.0	5.41	0.030124908155767818	-11.0	2022-07-12 15:40:37.792285
775	25.17	16	1	11.0	5.34	0.01951451689671585	-20.0	2022-07-12 15:40:38.792960
776	25.17	13	1	6.0	5.71	0.019788311090658078	-20.0	2022-07-12 15:40:39.794180
777	16.78	17	1	8.0	5.34	0.0213903743315508	-13.0	2022-07-12 15:40:40.793721
778	25.17	13	1	6.0	5.81	0.02018348623853211	-20.0	2022-07-12 15:40:41.795714
779	16.78	17	1	9.0	5.3	0.029885057471264367	-11.0	2022-07-12 15:40:42.796263
780	16.78	21	1	10.0	5.36	0.021205357142857144	-13.0	2022-07-12 15:40:43.798460
781	50.33	45	1	21.0	5.27	0.00827618822416647	-45.0	2022-07-12 15:40:44.798858
782	33.55	64	1	32.0	5.33	0.010045366169799093	-30.0	2022-07-12 15:40:45.797051
783	25.17	8	1	4.0	5.71	0.02502194907813872	-18.0	2022-07-12 15:40:46.799514
784	25.17	14	1	8.0	5.41	0.016848816029143898	-20.0	2022-07-12 15:40:47.799433
785	16.78	21	1	10.0	5.63	0.027869940278699403	-12.0	2022-07-12 15:40:48.797921
786	16.78	11	1	5.0	5.27	0.02947845804988662	-12.0	2022-07-12 15:40:49.798110
787	16.78	28	1	14.0	5.82	0.023114355231143552	-13.0	2022-07-12 15:40:50.803615
788	25.17	24	1	12.0	5.8	0.018271604938271607	-20.0	2022-07-12 15:40:51.802491
789	25.17	10	1	6.0	5.25	0.023130715438407747	-19.0	2022-07-12 15:40:52.801379
790	16.78	17	1	8.0	5.28	0.02608142493638677	-12.0	2022-07-12 15:40:53.804904
791	16.78	11	1	8.0	7.24	0.02309307207837649	-13.0	2022-07-12 15:40:54.805986
792	16.78	15	1	7.0	5.87	0.025657894736842105	-12.0	2022-07-12 15:40:55.807445
793	25.17	36	1	17.0	5.41	0.009012392039053699	-22.0	2022-07-12 15:40:56.808563
794	16.78	17	1	8.0	5.44	0.029160739687055477	-12.0	2022-07-12 15:40:57.807263
795	16.78	20	1	9.0	5.64	0.028696194635059263	-12.0	2022-07-12 15:40:58.809625
796	16.78	17	1	8.0	5.32	0.030261348005502064	-11.0	2022-07-12 15:40:59.811160
797	25.17	26	1	10.0	5.38	0.023608768971332208	-19.0	2022-07-12 15:41:00.812113
798	25.17	37	1	17.0	5.51	0.015358361774744027	-21.0	2022-07-12 15:41:01.812366
799	16.78	11	1	5.0	5.28	0.024594745667970933	-12.0	2022-07-12 15:41:02.814447
800	25.17	17	1	8.0	5.38	0.018949648077964266	-20.0	2022-07-12 15:41:03.814729
801	25.17	32	1	16.0	6.03	0.020192307692307693	-20.0	2022-07-12 15:41:04.813890
802	16.78	30	1	15.0	5.58	0.022006141248720572	-13.0	2022-07-12 15:41:05.812636
803	25.17	32	1	15.0	5.77	0.025512756378189096	-18.0	2022-07-12 15:41:06.816608
804	16.78	25	1	12.0	5.36	0.025128498001142203	-12.0	2022-07-12 15:41:07.818286
805	25.17	45	1	23.0	5.45	0.018344883815735832	-20.0	2022-07-12 15:41:08.818086
806	33.55	37	1	17.0	5.28	0.0163265306122449	-27.0	2022-07-12 15:41:09.818219
807	16.78	24	1	9.0	5.5	0.0290955091714105	-12.0	2022-07-12 15:41:10.819831
808	25.17	19	1	13.0	5.39	0.018789144050104383	-20.0	2022-07-12 15:41:11.820218
