#{"t_start": 1661183722.4652815, "env_id": null}
r,l,t
7.42,7,26.949898
1.54,7,50.08182
1.7,7,73.046836
-1.03,7,95.992648
5.33,7,118.9948
8.8,7,141.969564
6.4,7,165.154066
2.03,7,188.03139
9.76,7,211.084946
-0.9,7,234.034421
3.76,7,256.756927
5.82,7,279.957186
9.4,7,302.982289
10.2,7,326.193129
4.1,7,349.479717
12.47,7,372.707348
9.7,7,395.880304
4.83,7,418.579093
6.82,7,442.072342
11.34,7,465.700719
12.33,7,488.990613
1.9,7,512.005147
9.19,7,535.010711
11.4,7,558.145797
5.73,7,580.771362
8.91,7,604.306407
-0.83,7,627.393039
4.93,7,650.654728
1.53,7,673.873905
7.7,7,696.533294
3.43,7,719.62618
-0.84,7,742.086944
7.13,7,765.254641
9.66,7,788.381818
10.37,7,811.548276
-6.0,7,834.416292
8.13,7,857.595204
9.53,7,880.815049
2.57,7,903.590839
6.84,7,926.419212
8.43,7,949.378594
10.74,7,972.737197
-1.57,7,995.766922
8.23,7,1019.018588
8.7,7,1041.858048
1.8,7,1064.500242
3.67,7,1087.38602
10.63,7,1110.502503
8.97,7,1133.363941
2.37,7,1156.491374
9.4,7,1179.572134
9.78,7,1202.718661
2.7,7,1225.869232
11.86,7,1249.053278
9.83,7,1272.447114
-0.76,7,1295.292655
1.97,7,1318.350444
-3.1,7,1341.200664
0.96,7,1364.142895
1.76,7,1387.161373
10.91,7,1410.469203
9.33,7,1433.691922
8.8,7,1456.851541
-6.0,7,1479.49068
9.1,7,1502.449336
8.41,7,1525.652158
-0.4,7,1548.327941
3.66,7,1571.334597
9.73,7,1594.49993
7.76,7,1617.330722
-3.97,7,1640.381278
0.97,7,1663.17576
7.72,7,1686.037499
1.73,7,1709.145862
10.1,7,1732.302722
2.33,7,1755.125376
1.64,7,1778.017482
4.53,7,1801.260204
8.99,7,1824.573805
9.36,7,1847.466756
2.14,7,1870.491092
8.83,7,1893.712616
11.26,7,1917.017597
3.04,7,1939.822141
3.87,7,1962.917173
7.43,7,1985.785678
1.93,7,2008.735343
-0.4,7,2031.496407
12.2,7,2054.430574
12.6,7,2078.003711
9.7,7,2101.027269
4.76,7,2124.11128
10.7,7,2147.280607
9.96,7,2170.473347
-0.83,7,2193.210451
13.27,7,2216.434105
11.2,7,2239.704045
9.9,7,2262.669849
7.02,7,2285.911118
12.24,7,2309.224096
12.27,7,2332.681593
2.27,7,2356.200573
12.53,7,2379.832378
10.5,7,2402.845463
5.83,7,2425.541243
11.57,7,2449.129297
12.38,7,2472.212088
12.97,7,2495.81479
4.03,7,2519.075308
12.21,7,2542.535536
10.67,7,2565.778771
3.97,7,2588.294117
11.51,7,2611.710534
12.76,7,2635.434379
12.84,7,2659.11181
3.31,7,2682.487194
12.84,7,2705.725933
12.9,7,2728.974296
5.23,7,2752.223697
12.81,7,2775.323228
11.79,7,2798.808658
12.73,7,2821.943847
5.2,7,2845.351677
13.1,7,2868.820781
11.9,7,2892.112066
3.03,7,2915.096899
12.07,7,2938.112626
12.91,7,2961.336649
7.99,7,2984.216652
8.22,7,3007.306161
12.4,7,3030.77801
12.36,7,3054.203686
4.63,7,3077.39209
12.89,7,3100.568518
12.44,7,3124.261732
4.93,7,3147.056714
8.13,7,3169.986283
11.86,7,3192.942086
11.54,7,3215.864389
2.73,7,3238.897204
12.16,7,3261.953654
11.94,7,3285.159674
8.27,7,3307.998495
10.5,7,3331.532068
12.6,7,3354.990396
13.17,7,3378.248365
4.57,7,3401.598201
10.9,7,3424.667628
10.67,7,3448.180091
2.67,7,3471.080585
10.86,7,3494.198401
12.57,7,3517.48023
11.54,7,3540.379449
3.8,7,3563.610313
12.51,7,3587.099124
12.2,7,3610.62533
2.6,7,3633.49909
12.88,7,3656.782284
13.13,7,3680.14566
12.7,7,3703.276245
4.93,7,3726.181086
12.31,7,3749.427222
13.04,7,3772.721258
5.37,7,3795.708128
12.89,7,3819.058987
12.21,7,3842.111407
9.3,7,3865.093892
6.8,7,3888.110986
11.97,7,3911.334672
12.76,7,3934.780284
2.8,7,3958.072885
12.14,7,3981.346824
12.37,7,4004.904659
9.77,7,4027.85733
8.97,7,4051.156192
10.97,7,4074.059327
11.36,7,4097.061888
1.77,7,4120.185878
10.18,7,4143.279083
10.97,7,4166.579375
8.56,7,4189.492214
8.56,7,4212.915613
12.26,7,4236.172129
10.61,7,4258.956205
1.7,7,4281.871694
10.94,7,4305.156
12.64,7,4328.574537
6.47,7,4351.618394
8.33,7,4375.31279
12.17,7,4398.150157
11.7,7,4421.14577
3.23,7,4444.061079
11.99,7,4467.471497
11.61,7,4490.667096
5.47,7,4513.660088
11.9,7,4536.841194
10.83,7,4559.786691
10.46,7,4582.932567
3.96,7,4606.583609
13.27,7,4629.967255
11.17,7,4652.848453
1.93,7,4675.94014
10.86,7,4699.079803
11.14,7,4722.06215
10.96,7,4744.947491
2.07,7,4768.168923
10.39,7,4791.206522
8.01,7,4814.168974
1.97,7,4837.00221
10.2,7,4860.076266
10.27,7,4883.009411
10.21,7,4906.336297
4.67,7,4929.557102
11.83,7,4952.683995
9.57,7,4976.171685
-0.6,7,4999.038747
12.01,7,5021.841739
8.2,7,5044.985517
6.13,7,5068.020796
4.43,7,5091.33857
9.38,7,5114.348279
8.76,7,5137.351475
2.13,7,5160.322283
10.3,7,5183.233268
2.82,7,5206.401484
6.5,7,5229.621939
4.27,7,5252.829152
8.57,7,5275.835201
9.3,7,5298.718088
2.07,7,5321.658189
10.3,7,5344.552085
8.71,7,5367.472564
7.6,7,5390.397326
3.23,7,5413.430339
10.36,7,5436.642598
10.7,7,5459.579171
2.23,7,5482.504562
8.4,7,5505.681873
8.77,7,5528.914338
7.63,7,5551.738578
7.96,7,5574.904137
10.23,7,5598.04798
8.87,7,5621.149411
3.7,7,5644.057766
9.97,7,5667.115932
10.7,7,5690.198833
4.36,7,5713.170056
6.29,7,5736.166825
10.61,7,5759.531396
8.87,7,5783.089576
1.56,7,5806.110534
9.2,7,5829.037155
10.34,7,5852.307538
5.07,7,5875.241179
9.26,7,5898.203596
10.9,7,5921.084446
8.75,7,5944.17519
1.73,7,5967.264693
9.54,7,5990.190279
9.17,7,6013.249229
3.84,7,6036.202164
9.99,7,6059.174919
9.15,7,6082.146321
10.18,7,6105.170526
4.64,7,6128.123876
11.43,7,6151.048327
9.87,7,6173.988597
4.33,7,6196.938667
10.34,7,6220.907027
10.89,7,6243.896653
9.97,7,6267.039497
3.06,7,6289.863852
11.66,7,6313.05068
10.24,7,6336.092971
1.84,7,6358.997057
9.04,7,6382.03493
9.14,7,6404.967341
10.41,7,6428.084646
2.7,7,6451.477532
12.17,7,6474.766856
9.24,7,6497.896455
1.57,7,6520.92898
10.77,7,6543.900772
11.04,7,6566.911357
11.81,7,6590.158453
5.07,7,6613.676205
11.27,7,6636.742826
11.78,7,6659.563807
1.6,7,6682.520851
10.56,7,6705.487188
12.0,7,6728.86007
10.07,7,6751.879067
5.43,7,6775.087627
12.19,7,6798.37246
10.56,7,6821.678381
3.03,7,6844.861174
10.5,7,6868.090893
11.14,7,6891.466378
8.19,7,6914.317573
5.5,7,6937.353556
9.86,7,6960.433173
10.81,7,6983.545655
2.84,7,7006.380107
11.09,7,7029.347919
10.03,7,7052.535409
8.07,7,7075.549753
8.64,7,7098.827461
11.93,7,7122.229725
11.97,7,7145.72218
4.54,7,7169.014521
13.06,7,7192.348008
11.44,7,7215.555418
7.73,7,7238.397225
9.3,7,7261.855263
11.53,7,7284.970762
11.5,7,7308.187824
3.27,7,7331.377804
11.99,7,7355.032272
12.6,7,7378.552902
5.47,7,7401.34419
12.11,7,7424.440006
12.63,7,7447.626527
12.64,7,7471.246489
0.2,7,7494.599066
10.86,7,7517.860318
12.86,7,7541.533912
3.27,7,7564.400473
12.76,7,7587.769282
11.67,7,7611.063465
11.93,7,7634.233481
6.54,7,7657.719132
12.4,7,7681.005044
12.84,7,7704.5528
2.8,7,7727.717262
11.99,7,7750.978542
12.26,7,7773.974034
8.76,7,7796.866834
9.03,7,7820.339373
12.77,7,7843.800011
12.96,7,7867.406848
4.43,7,7890.673153
12.17,7,7913.975155
12.21,7,7936.906061
9.02,7,7959.58328
9.06,7,7982.933025
12.86,7,8006.199298
11.7,7,8029.529743
2.69,7,8052.792579
12.39,7,8075.921037
11.34,7,8098.890913
5.04,7,8121.573186
9.16,7,8144.76535
9.8,7,8167.430378
11.66,7,8190.866217
2.9,7,8214.018861
12.0,7,8237.343904
11.37,7,8260.521371
5.67,7,8283.276966
11.99,7,8306.917332
12.23,7,8330.106061
12.17,7,8353.475275
2.0,7,8376.533473
11.44,7,8399.980782
11.15,7,8422.840138
4.94,7,8445.589487
12.53,7,8469.092407
12.3,7,8492.484908
12.34,7,8515.866543
2.36,7,8538.733768
11.12,7,8562.286833
11.86,7,8585.672806
2.7,7,8608.621072
11.49,7,8631.984334
10.96,7,8655.269428
10.87,7,8678.211116
5.07,7,8701.146881
12.27,7,8724.595749
11.87,7,8748.386181
-0.37,7,8771.293018
11.47,7,8794.698018
11.93,7,8818.102299
9.46,7,8840.97931
6.07,7,8864.57951
12.86,7,8887.958547
11.94,7,8911.140491
4.64,7,8934.721108
12.26,7,8958.373884
11.63,7,8981.979318
5.9,7,9005.01658
11.93,7,9028.1439
12.8,7,9051.271868
12.37,7,9074.415116
4.97,7,9097.414759
10.53,7,9120.430572
11.83,7,9144.065956
5.44,7,9166.946788
12.06,7,9190.099501
11.87,7,9213.583373
12.1,7,9236.986513
2.67,7,9260.14016
12.2,7,9283.586085
12.45,7,9307.02523
2.63,7,9330.473247
12.05,7,9354.089358
12.09,7,9377.608088
11.59,7,9400.601879
5.43,7,9424.079786
10.64,7,9446.980692
11.36,7,9470.361882
2.7,7,9493.50517
11.3,7,9516.787567
12.3,7,9540.225523
8.67,7,9563.138484
5.86,7,9586.252803
11.66,7,9609.295443
12.13,7,9632.53078
2.63,7,9655.700548
12.33,7,9679.006623
11.96,7,9702.624228
8.28,7,9725.413741
7.13,7,9748.546596
11.2,7,9771.589685
12.07,7,9794.966656
5.07,7,9818.092671
12.2,7,9841.325038
10.8,7,9864.360197
7.87,7,9887.284456
9.26,7,9910.079972
12.0,7,9933.792527
11.28,7,9957.260908
2.73,7,9980.657598
12.1,7,10003.777635
12.53,7,10027.084445
5.73,7,10050.007206
11.8,7,10073.407062
11.4,7,10096.399199
11.13,7,10119.631099
2.06,7,10142.710858
11.57,7,10166.245108
11.63,7,10189.137219
2.96,7,10211.824676
12.81,7,10235.187819
11.49,7,10258.474505
10.47,7,10282.145723
1.81,7,10305.507723
11.9,7,10328.693052
11.13,7,10351.951721
4.93,7,10374.989465
11.6,7,10398.351671
2.3,7,10421.060758
10.39,7,10444.043409
4.73,7,10467.163164
11.86,7,10490.648901
12.36,7,10514.047271
2.53,7,10537.181869
11.44,7,10560.469335
12.9,7,10583.448395
2.53,7,10606.1136
2.04,7,10629.209358
10.03,7,10652.215013
11.32,7,10675.542976
2.4,7,10698.694001
5.5,7,10721.602304
10.92,7,10744.896075
9.0,7,10767.745408
5.76,7,10790.862719
11.53,7,10813.696597
11.73,7,10836.854937
1.9,7,10859.815552
10.73,7,10883.09219
10.34,7,10906.296513
7.48,7,10928.867498
4.29,7,10951.890532
9.6,7,10974.929737
11.47,7,10998.143987
3.4,7,11021.264906
9.83,7,11044.551636
9.24,7,11067.685727
7.57,7,11090.560373
8.2,7,11113.741681
2.7,7,11136.527168
9.87,7,11159.679866
4.64,7,11182.648217
12.03,7,11205.899424
8.51,7,11229.000165
7.64,7,11251.495335
1.4,7,11274.202984
11.22,7,11297.212045
5.96,7,11319.967801
2.64,7,11343.176844
11.07,7,11366.392319
13.34,7,11389.795666
8.33,7,11412.689533
9.65,7,11436.272709
10.2,7,11459.365584
11.46,7,11482.529243
5.0,7,11505.713664
9.59,7,11529.338536
10.28,7,11553.072894
4.44,7,11575.708773
10.62,7,11598.862118
12.1,7,11622.106927
11.76,7,11645.017842
2.7,7,11667.940943
12.77,7,11691.059332
11.11,7,11714.648097
1.89,7,11737.68192
10.67,7,11760.707657
10.97,7,11784.291339
11.23,7,11807.594832
2.7,7,11830.586342
11.74,7,11853.887567
11.24,7,11877.053751
2.33,7,11900.276547
12.26,7,11923.515062
11.77,7,11946.619945
11.8,7,11969.713644
5.2,7,11993.221797
12.34,7,12016.398477
11.81,7,12039.416052
2.87,7,12062.719774
10.99,7,12086.121866
9.99,7,12109.262357
9.47,7,12132.365908
5.24,7,12155.943767
10.9,7,12179.684195
12.5,7,12203.125992
2.3,7,12225.972956
7.93,7,12249.223267
11.2,7,12272.610344
8.21,7,12295.549788
8.19,7,12319.586313
11.52,7,12343.633883
12.27,7,12366.823945
4.3,7,12390.125403
12.02,7,12413.048719
11.41,7,12436.526156
4.57,7,12459.665856
12.62,7,12482.731618
12.34,7,12505.597114
9.6,7,12528.432713
2.79,7,12551.871241
12.54,7,12575.003929
12.47,7,12597.977245
3.5,7,12620.719997
12.03,7,12643.829717
11.89,7,12667.539332
11.74,7,12690.686188
2.17,7,12714.051541
11.62,7,12737.360217
11.76,7,12760.741107
2.87,7,12783.747612
4.53,7,12806.568979
7.47,7,12829.52449
11.7,7,12852.541852
5.63,7,12876.190408
12.0,7,12899.78442
11.16,7,12923.261355
2.37,7,12946.579932
2.93,7,12968.994337
10.27,7,12992.039289
1.66,7,13014.924344
4.86,7,13038.091015
11.34,7,13061.060355
11.63,7,13084.63514
2.96,7,13108.188779
9.5,7,13131.52712
10.86,7,13154.330403
8.47,7,13177.093174
4.13,7,13199.969843
9.1,7,13223.147487
11.51,7,13246.409616
5.57,7,13269.626758
8.53,7,13292.874526
12.37,7,13316.227104
6.98,7,13338.834076
4.26,7,13361.94372
10.74,7,13385.136768
8.31,7,13408.172183
0.3,7,13431.401652
11.36,7,13454.69178
9.43,7,13477.948768
2.13,7,13500.819596
7.13,7,13523.637266
2.33,7,13546.388465
6.83,7,13569.305055
0.06,7,13591.939394
9.34,7,13614.778673
10.1,7,13638.240224
4.86,7,13661.174599
4.7,7,13684.447598
11.41,7,13707.74045
2.23,7,13730.099797
-0.07,7,13752.703583
4.56,7,13775.596394
11.31,7,13799.055856
-2.97,7,13821.666747
-1.17,7,13844.291863
5.13,7,13866.961738
10.77,7,13889.762253
2.77,7,13912.758
10.99,7,13935.937333
10.04,7,13959.075086
5.76,7,13981.948048
8.93,7,14005.061373
10.46,7,14028.290821
6.9,7,14051.47729
2.63,7,14074.268477
8.17,7,14097.424697
9.83,7,14120.794072
4.5,7,14143.638622
11.2,7,14167.158951
5.1,7,14190.044057
11.24,7,14213.435157
2.83,7,14236.725025
10.6,7,14259.719158
2.1,7,14282.476746
-0.73,7,14305.396598
7.0,7,14328.443941
4.87,7,14351.619266
11.3,7,14374.796211
-1.06,7,14397.747551
7.5,7,14420.783347
10.21,7,14443.663051
-0.8,7,14466.284918
6.73,7,14489.494031
11.6,7,14512.889066
11.42,7,14536.288446
2.03,7,14559.420424
1.6,7,14582.605571
8.76,7,14605.68496
-0.8,7,14628.264822
2.76,7,14651.587234
10.28,7,14675.076699
10.24,7,14698.129351
3.04,7,14721.273444
4.43,7,14744.239969
7.84,7,14767.099554
-0.8,7,14789.942585
10.57,7,14812.862687
11.21,7,14836.11708
7.56,7,14859.090305
6.04,7,14882.501565
11.83,7,14905.750196
11.9,7,14929.043864
5.2,7,14952.180726
12.17,7,14975.4904
10.84,7,14998.529941
2.13,7,15021.133002
4.59,7,15044.270695
6.97,7,15067.507601
10.74,7,15090.658822
2.16,7,15113.514111
8.07,7,15136.625017
11.94,7,15159.657969
7.5,7,15182.31806
4.83,7,15205.419133
11.64,7,15228.379506
5.63,7,15251.359891
3.1,7,15274.581199
5.57,7,15297.470747
9.03,7,15320.81883
9.2,7,15343.580724
0.2,7,15366.675711
7.91,7,15389.714272
5.13,7,15413.290036
2.87,7,15436.527684
8.13,7,15459.53405
3.06,7,15482.124436
5.3,7,15505.283965
4.64,7,15528.493971
10.54,7,15551.527472
2.83,7,15573.944966
2.5,7,15597.684035
10.59,7,15620.94851
8.0,7,15643.972415
7.72,7,15666.833509
8.37,7,15690.332636
11.97,7,15713.83383
10.7,7,15736.636995
0.13,7,15759.392722
10.52,7,15782.769109
9.87,7,15805.733458
4.38,7,15828.369756
8.04,7,15851.431976
10.33,7,15874.272892
6.79,7,15897.40933
3.0,7,15920.497026
7.93,7,15943.854878
13.13,7,15967.351041
5.4,7,15990.449183
10.96,7,16013.863051
11.06,7,16037.103208
11.1,7,16060.068558
1.13,7,16083.012666
8.17,7,16105.933814
7.07,7,16128.838588
-0.17,7,16151.241896
7.96,7,16174.535182
11.13,7,16197.777841
12.3,7,16221.057181
1.6,7,16243.98896
9.34,7,16267.185784
10.1,7,16290.094969
-0.3,7,16312.850953
13.17,7,16336.369085
12.77,7,16359.768056
11.54,7,16383.180229
5.67,7,16406.896279
8.59,7,16429.816616
11.02,7,16452.99265
4.8,7,16475.836987
11.47,7,16499.196003
13.26,7,16522.495593
10.36,7,16545.491316
4.03,7,16568.664813
8.31,7,16591.463655
10.0,7,16614.749984
2.49,7,16637.831028
12.5,7,16660.92107
4.94,7,16684.212512
7.4,7,16707.061314
6.04,7,16730.433807
11.72,7,16753.502061
11.77,7,16776.610201
5.06,7,16799.688343
10.99,7,16822.85887
11.44,7,16845.953323
7.71,7,16868.539994
4.9,7,16891.513032
10.67,7,16914.858035
10.46,7,16937.869802
2.94,7,16961.116509
7.0,7,16984.402553
11.16,7,17007.612756
7.5,7,17030.184124
8.33,7,17053.504981
10.57,7,17077.205175
12.43,7,17100.769038
2.9,7,17123.9
12.61,7,17147.153709
12.29,7,17170.259315
6.41,7,17193.092957
11.96,7,17216.128972
12.5,7,17239.325558
13.07,7,17262.578496
5.63,7,17285.924142
12.16,7,17308.953411
12.03,7,17332.478391
5.47,7,17355.299041
9.87,7,17378.611314
11.83,7,17401.645284
11.92,7,17425.007051
2.09,7,17448.350614
12.66,7,17471.880774
11.48,7,17494.83755
2.69,7,17518.043687
10.9,7,17541.876199
12.3,7,17565.564228
7.96,7,17588.238347
6.3,7,17611.39382
11.67,7,17634.618279
10.03,7,17657.744967
-0.23,7,17680.74654
10.6,7,17704.42397
11.2,7,17727.395411
9.34,7,17750.264329
3.44,7,17773.2898
9.59,7,17796.651304
7.07,7,17819.637926
2.1,7,17842.951357
12.1,7,17866.425046
7.26,7,17889.636894
4.76,7,17912.423496
8.1,7,17935.768471
13.08,7,17959.12538
10.92,7,17982.396474
2.66,7,18005.799527
10.94,7,18028.857535
8.73,7,18051.701741
2.56,7,18074.595272
9.01,7,18098.168774
12.76,7,18121.488349
11.87,7,18144.433578
2.76,7,18167.487745
10.96,7,18190.730544
12.71,7,18213.725999
6.03,7,18236.91103
9.29,7,18260.123416
12.01,7,18283.067076
11.73,7,18306.326258
-0.03,7,18329.128744
11.44,7,18352.304515
11.84,7,18375.639879
5.1,7,18398.761742
12.13,7,18421.938857
12.02,7,18445.281478
12.27,7,18468.201343
2.27,7,18491.535464
12.24,7,18514.543138
11.92,7,18537.646368
3.1,7,18560.543288
11.86,7,18583.693362
12.86,7,18606.965238
11.54,7,18630.075953
0.9,7,18653.079175
12.19,7,18676.419987
12.46,7,18699.576824
2.83,7,18722.578231
12.24,7,18746.178435
11.82,7,18769.407542
10.83,7,18792.585853
3.8,7,18815.747056
12.5,7,18839.657838
12.09,7,18862.90453
3.7,7,18886.145811
5.06,7,18908.914989
12.17,7,18932.527181
9.1,7,18955.576674
7.14,7,18978.565122
12.57,7,19001.619072
12.39,7,19024.854614
4.79,7,19047.770297
12.14,7,19070.823961
12.06,7,19094.089694
1.8,7,19116.988235
7.8,7,19140.271577
11.66,7,19163.855347
13.24,7,19187.152799
3.33,7,19210.433947
11.49,7,19233.659803
11.17,7,19256.751743
5.47,7,19279.556016
4.2,7,19302.509291
12.36,7,19325.820267
11.9,7,19349.395177
1.2,7,19372.766388
11.46,7,19396.005111
10.4,7,19419.436387
5.47,7,19442.167013
11.63,7,19465.356156
9.4,7,19488.923598
11.76,7,19512.6291
2.37,7,19535.702398
11.58,7,19558.489631
8.67,7,19581.349269
2.4,7,19604.190943
11.4,7,19627.055476
12.1,7,19650.352736
12.27,7,19673.707673
2.33,7,19696.953719
11.47,7,19720.170251
12.81,7,19743.192071
4.9,7,19766.35439
12.53,7,19789.479546
11.56,7,19812.495334
11.54,7,19835.399409
5.94,7,19858.45637
12.27,7,19881.930243
11.23,7,19905.177534
3.41,7,19928.430682
11.63,7,19951.52797
10.96,7,19975.231703
10.16,7,19998.021958
9.07,7,20021.044769
12.14,7,20044.378597
11.77,7,20067.519878
4.03,7,20090.641196
9.94,7,20113.451744
12.51,7,20136.632401
9.27,7,20159.500314
6.5,7,20182.486939
11.53,7,20205.742193
11.24,7,20229.482466
2.9,7,20252.566549
8.17,7,20275.648437
11.2,7,20298.896739
5.23,7,20321.88614
8.47,7,20345.686802
11.43,7,20368.656983
10.36,7,20391.823891
5.2,7,20414.940239
11.56,7,20437.90746
12.74,7,20460.699162
6.17,7,20483.708157
11.09,7,20507.276791
11.1,7,20530.716744
11.77,7,20553.78321
2.77,7,20576.876454
11.99,7,20599.909455
12.1,7,20623.28837
3.67,7,20646.250231
11.66,7,20669.32804
10.96,7,20692.364509
12.43,7,20715.401836
2.43,7,20738.665257
11.16,7,20762.030524
11.56,7,20785.561598
5.66,7,20808.431423
9.16,7,20831.49012
11.23,7,20854.8766
12.1,7,20877.761135
5.93,7,20900.762331
12.51,7,20923.590386
11.5,7,20946.839169
5.03,7,20970.091853
11.68,7,20993.025041
12.61,7,21015.792034
8.94,7,21038.919051
5.93,7,21061.9557
10.51,7,21085.406282
11.57,7,21108.481754
3.1,7,21131.587877
12.11,7,21154.421592
11.2,7,21177.3549
8.33,7,21200.192477
5.7,7,21223.162004
12.27,7,21246.143172
10.83,7,21269.675783
3.3,7,21292.681755
11.43,7,21315.554268
8.98,7,21338.879252
8.49,7,21362.065165
4.67,7,21385.434014
11.54,7,21408.610569
9.5,7,21432.126062
4.6,7,21455.13662
12.53,7,21478.191735
9.76,7,21501.069065
8.2,7,21523.690719
8.66,7,21547.457953
11.43,7,21570.550209
11.1,7,21593.865004
3.46,7,21616.713658
11.4,7,21639.714556
11.02,7,21662.781828
5.63,7,21685.709446
8.06,7,21709.144357
11.54,7,21732.06488
11.68,7,21755.040929
3.46,7,21778.630811
11.39,7,21801.747882
13.1,7,21824.863418
5.84,7,21847.882213
11.0,7,21871.413164
11.16,7,21894.50992
11.64,7,21918.280463
2.7,7,21941.339365
11.7,7,21964.326436
10.04,7,21987.610878
2.89,7,22010.6055
12.24,7,22033.309975
11.3,7,22056.43071
10.71,7,22079.623666
-0.3,7,22102.688725
8.34,7,22125.733562
11.97,7,22149.152415
0.1,7,22172.16163
11.68,7,22195.340156
8.99,7,22218.457358
9.13,7,22241.392005
2.57,7,22264.517601
10.81,7,22287.767709
11.3,7,22310.860949
2.13,7,22333.792466
10.63,7,22356.727396
10.76,7,22380.014765
8.77,7,22402.738827
2.53,7,22426.032963
10.33,7,22449.169352
8.93,7,22472.576736
3.2,7,22495.550972
11.6,7,22518.742498
9.83,7,22542.053144
8.8,7,22564.896872
3.87,7,22588.027959
11.42,7,22611.22216
10.69,7,22634.495166
0.4,7,22657.608079
11.46,7,22680.827965
11.17,7,22704.019248
9.22,7,22727.057765
8.99,7,22750.613294
9.54,7,22773.708024
11.73,7,22796.839931
2.1,7,22819.847387
10.86,7,22843.265796
12.1,7,22866.29919
5.8,7,22889.00714
-1.33,7,22912.287725
10.45,7,22935.635051
7.07,7,22958.630058
2.0,7,22981.573992
10.96,7,23005.008161
11.26,7,23028.591014
4.61,7,23051.341114
10.73,7,23074.911598
9.0,7,23098.183526
9.37,7,23121.543618
2.16,7,23144.462692
10.37,7,23167.742091
1.63,7,23190.418118
-0.64,7,23213.372769
11.78,7,23236.801684
11.36,7,23260.231633
11.1,7,23283.266245
2.17,7,23306.579015
10.26,7,23329.686234
7.93,7,23352.750235
2.14,7,23375.859486
10.6,7,23398.946992
10.22,7,23421.847397
8.64,7,23444.862934
3.63,7,23468.192325
11.84,7,23491.454664
11.3,7,23514.730949
1.66,7,23537.66438
6.29,7,23560.869446
9.0,7,23584.134336
7.06,7,23607.231389
-1.04,7,23630.082214
6.53,7,23653.438633
12.17,7,23676.760788
-0.23,7,23699.644415
7.27,7,23722.593915
4.17,7,23745.426071
3.59,7,23768.071064
5.03,7,23791.238511
11.94,7,23814.517401
9.36,7,23837.783763
2.6,7,23861.215263
4.73,7,23884.217658
10.7,7,23907.196239
7.77,7,23930.671796
6.13,7,23953.889986
7.81,7,23976.719082
3.79,7,23999.513588
-0.0,7,24022.378164
10.49,7,24045.397307
10.2,7,24068.444659
5.5,7,24091.073601
3.64,7,24114.028467
10.83,7,24137.433108
5.14,7,24160.260712
0.3,7,24182.89581
10.51,7,24206.213926
8.84,7,24228.870092
7.89,7,24251.347152
3.74,7,24274.47496
9.19,7,24297.391235
7.53,7,24320.222182
4.77,7,24343.32038
5.4,7,24366.488829
5.26,7,24389.612292
7.83,7,24412.333857
-0.8,7,24435.130355
9.24,7,24457.9907
8.07,7,24480.997506
1.59,7,24504.171983
7.53,7,24527.495785
6.03,7,24550.366034
8.04,7,24572.969804
6.56,7,24596.290631
8.33,7,24619.179237
5.26,7,24642.029891
3.33,7,24665.393842
5.03,7,24688.146371
10.7,7,24711.152375
4.91,7,24733.926936
7.6,7,24757.206117
11.37,7,24780.609516
11.11,7,24803.644334
1.93,7,24826.482483
10.33,7,24849.7777
10.13,7,24873.226961
5.96,7,24896.021076
7.1,7,24918.933128
5.07,7,24942.149664
9.74,7,24965.254999
1.96,7,24987.927959
11.22,7,25011.235826
7.04,7,25034.082661
4.84,7,25056.863507
10.7,7,25080.279641
7.59,7,25103.173969
10.49,7,25126.339324
-0.93,7,25149.015063
11.33,7,25171.936872
9.86,7,25195.013348
6.14,7,25218.320622
10.51,7,25241.758634
10.51,7,25265.010672
10.54,7,25288.022928
1.4,7,25311.21491
11.87,7,25334.433678
9.96,7,25357.51548
2.56,7,25380.188586
2.37,7,25402.720294
8.94,7,25426.118929
12.33,7,25449.3737
4.23,7,25472.709575
10.86,7,25495.696785
11.34,7,25518.915862
2.7,7,25541.71604
10.9,7,25564.872863
2.29,7,25587.561998
8.3,7,25610.663173
4.07,7,25634.182303
4.99,7,25656.914141
7.93,7,25679.95362
0.03,7,25703.330051
12.0,7,25726.534284
8.51,7,25749.879535
4.7,7,25772.930991
2.04,7,25795.890006
10.27,7,25819.302765
10.52,7,25842.348015
-0.4,7,25865.294234
9.83,7,25888.586347
8.23,7,25911.643517
4.51,7,25934.379808
3.1,7,25957.161701
5.77,7,25979.983802
10.63,7,26003.432324
1.87,7,26026.322235
8.64,7,26049.428923
9.66,7,26072.839796
8.74,7,26095.680199
7.37,7,26118.769585
7.23,7,26141.790197
11.0,7,26165.21087
3.9,7,26188.218243
12.1,7,26211.497377
10.19,7,26235.110629
7.18,7,26257.95413
3.7,7,26281.246307
9.77,7,26304.794038
6.23,7,26327.680211
3.03,7,26351.174152
9.96,7,26374.390831
9.23,7,26397.592407
2.6,7,26420.677011
9.23,7,26444.273733
7.99,7,26467.496672
5.71,7,26490.621807
2.17,7,26513.831814
8.24,7,26536.756454
11.67,7,26560.022222
3.2,7,26582.757297
11.67,7,26606.378453
9.97,7,26629.650341
9.53,7,26652.600808
2.11,7,26675.791666
12.0,7,26699.022177
9.9,7,26722.175215
1.33,7,26745.696548
10.67,7,26768.717256
11.3,7,26791.601834
7.2,7,26814.949759
5.4,7,26838.072138
10.8,7,26861.358408
10.56,7,26884.682127
4.7,7,26907.926629
11.48,7,26931.292919
10.82,7,26954.591331
6.24,7,26977.755553
2.2,7,27001.062724
6.97,7,27023.687875
10.83,7,27046.90606
-2.93,7,27069.863507
9.06,7,27093.242567
11.3,7,27116.410763
9.13,7,27139.177441
7.5,7,27162.142229
8.06,7,27185.17531
12.43,7,27207.93884
2.13,7,27231.421942
8.76,7,27254.523001
11.43,7,27277.981981
8.84,7,27300.841677
1.54,7,27323.744483
9.97,7,27347.004081
8.6,7,27370.178428
4.46,7,27393.076399
8.06,7,27416.344638
10.69,7,27439.847461
4.79,7,27462.796886
8.96,7,27486.082843
12.31,7,27509.331133
11.8,7,27532.735318
2.5,7,27555.719182
12.47,7,27578.819519
10.34,7,27602.110894
1.71,7,27624.877867
10.63,7,27647.881043
12.93,7,27671.428276
11.2,7,27694.731545
-0.23,7,27718.191278
12.33,7,27741.039791
11.63,7,27764.457192
1.66,7,27787.271604
12.67,7,27810.800575
11.13,7,27834.249407
11.97,7,27857.667642
5.04,7,27881.218668
11.54,7,27904.108769
12.24,7,27927.373678
2.83,7,27950.34086
12.07,7,27973.175766
12.28,7,27996.66627
11.33,7,28019.664246
5.47,7,28042.721155
12.05,7,28065.779996
11.44,7,28088.818371
4.79,7,28111.957855
10.4,7,28135.239712
11.45,7,28158.089436
10.61,7,28180.977103
6.43,7,28204.661914
12.01,7,28228.090496
12.4,7,28251.448977
3.17,7,28274.678688
11.87,7,28298.061823
12.04,7,28321.334012
7.73,7,28344.292006
9.0,7,28367.232301
11.76,7,28390.533056
12.29,7,28414.181562
3.03,7,28437.659459
12.83,7,28460.893968
12.54,7,28484.22613
5.93,7,28507.02321
11.15,7,28530.343707
12.71,7,28553.700881
11.87,7,28577.015635
4.96,7,28600.198921
13.13,7,28623.633759
12.0,7,28647.023039
3.43,7,28669.749568
12.57,7,28692.446189
10.46,7,28715.768666
12.38,7,28738.961455
2.79,7,28761.827682
10.05,7,28785.228093
12.27,7,28808.615015
3.26,7,28831.430328
12.46,7,28854.994638
4.8,7,28878.076951
11.92,7,28900.927395
6.11,7,28924.069971
10.96,7,28947.248085
11.53,7,28970.794965
5.24,7,28993.550423
11.47,7,29016.677207
12.47,7,29040.125443
10.47,7,29063.002821
5.71,7,29086.216972
11.81,7,29109.446557
12.16,7,29133.10248
2.5,7,29156.069929
10.5,7,29179.255794
10.93,7,29202.507213
9.79,7,29225.356323
8.67,7,29248.35791
11.77,7,29271.482893
12.4,7,29294.807121
3.21,7,29317.89431
11.84,7,29340.92646
12.17,7,29363.825527
8.13,7,29386.580438
8.53,7,29409.985436
12.87,7,29433.004958
11.06,7,29455.880854
2.04,7,29479.384321
11.66,7,29502.42316
8.51,7,29525.84801
4.94,7,29548.731879
8.53,7,29571.985274
11.59,7,29595.408236
12.33,7,29618.417165
5.5,7,29641.747224
12.3,7,29664.809117
12.43,7,29687.740799
5.83,7,29710.717866
12.14,7,29733.78822
12.07,7,29756.917518
12.23,7,29780.101034
4.76,7,29803.297725
11.99,7,29826.508329
12.64,7,29849.813713
5.47,7,29872.691017
12.23,7,29896.043499
12.89,7,29919.268455
11.95,7,29942.505034
3.4,7,29965.870183
11.89,7,29988.934322
10.4,7,30012.188548
3.63,7,30035.411932
9.53,7,30058.820515
10.67,7,30081.740323
12.93,7,30104.946649
5.57,7,30128.673933
11.3,7,30151.799186
8.91,7,30174.587691
1.9,7,30197.814317
9.2,7,30221.016678
11.29,7,30244.225493
9.07,7,30267.067332
5.97,7,30290.484727
11.5,7,30313.569024
11.39,7,30336.44373
2.53,7,30359.662214
11.24,7,30382.75979
11.14,7,30406.003371
7.53,7,30429.093766
8.2,7,30452.09224
11.5,7,30475.136858
11.57,7,30498.339638
3.03,7,30521.213013
12.53,7,30544.227784
11.97,7,30567.265254
7.9,7,30590.312374
8.73,7,30613.746642
7.7,7,30636.830142
9.24,7,30660.015663
1.54,7,30683.153759
12.39,7,30706.331756
11.53,7,30729.686452
6.27,7,30752.579665
2.63,7,30775.410269
10.17,7,30798.71701
12.13,7,30821.841678
1.17,7,30845.192499
9.44,7,30868.427144
9.41,7,30891.65934
3.1,7,30914.42821
9.93,7,30937.963155
10.87,7,30961.365613
11.29,7,30984.73155
-0.47,7,31008.067118
11.61,7,31031.525608
11.39,7,31054.766408
3.2,7,31077.709055
12.43,7,31100.760092
10.24,7,31123.882016
10.74,7,31146.976029
4.62,7,31170.166087
11.1,7,31193.435757
12.06,7,31216.733551
4.57,7,31239.896242
11.67,7,31263.027357
11.3,7,31286.228228
10.03,7,31309.113907
5.39,7,31332.478726
6.8,7,31355.514072
10.43,7,31378.851658
2.1,7,31402.15009
10.53,7,31425.543544
11.83,7,31448.503397
8.51,7,31471.233075
8.44,7,31494.380438
11.31,7,31517.680452
7.04,7,31540.645908
0.1,7,31563.94664
10.6,7,31587.291887
10.39,7,31610.306732
8.2,7,31633.317694
8.4,7,31656.270473
3.27,7,31679.119374
11.17,7,31702.267411
4.67,7,31725.624096
12.37,7,31749.183895
11.57,7,31772.552937
4.46,7,31795.332182
8.7,7,31819.026997
12.09,7,31842.118316
9.52,7,31865.133801
2.47,7,31888.581353
7.97,7,31911.75479
11.4,7,31935.020491
5.47,7,31957.787746
8.29,7,31981.023251
11.91,7,32004.581089
10.34,7,32027.685964
2.23,7,32050.494998
11.4,7,32073.914879
11.5,7,32096.953064
3.34,7,32119.804976
12.37,7,32143.153685
11.03,7,32166.713467
11.5,7,32190.131191
5.17,7,32213.312479
5.3,7,32236.284273
10.73,7,32259.25995
1.97,7,32282.30844
7.3,7,32305.121994
9.83,7,32327.993834
10.17,7,32351.238194
4.57,7,32374.342847
11.97,7,32397.351218
7.86,7,32420.821538
2.17,7,32443.86356
11.47,7,32467.392847
10.93,7,32490.619821
9.62,7,32513.410618
5.27,7,32536.556936
10.14,7,32559.770218
12.05,7,32582.845163
2.46,7,32605.972952
11.83,7,32629.114125
11.91,7,32652.267269
8.8,7,32675.470122
7.67,7,32698.725865
12.0,7,32721.910688
8.0,7,32745.141306
5.54,7,32768.370849
11.57,7,32791.563336
10.1,7,32814.971923
8.79,7,32837.75607
9.07,7,32861.329432
12.0,7,32884.202828
11.4,7,32907.37242
3.1,7,32930.66464
11.59,7,32953.508755
12.26,7,32976.495971
5.2,7,32999.467517
9.04,7,33022.327637
12.09,7,33045.481134
11.3,7,33068.358487
1.87,7,33091.547944
11.77,7,33114.582143
12.36,7,33137.639397
4.74,7,33160.512322
8.94,7,33183.95472
12.06,7,33207.451708
12.37,7,33230.666916
2.11,7,33253.911095
12.46,7,33276.831278
11.94,7,33299.985735
3.57,7,33322.730387
11.83,7,33345.782011
11.91,7,33369.072759
11.4,7,33392.274493
2.61,7,33415.71992
11.49,7,33438.946198
11.8,7,33462.315978
3.3,7,33485.568691
11.53,7,33508.479785
10.91,7,33531.381981
11.39,7,33554.331244
5.0,7,33577.609573
11.23,7,33600.836943
10.93,7,33624.160197
2.33,7,33646.936109
7.59,7,33670.02465
6.62,7,33692.708269
11.87,7,33715.612482
5.0,7,33738.979996
9.23,7,33762.173531
11.69,7,33785.814542
3.0,7,33809.053982
11.67,7,33832.346488
12.33,7,33855.183419
7.36,7,33877.867094
5.74,7,33901.024163
12.0,7,33924.149493
12.04,7,33947.351416
3.43,7,33970.537394
11.99,7,33993.770768
12.79,7,34016.691602
8.53,7,34039.555508
6.7,7,34062.875064
11.8,7,34086.133878
12.37,7,34109.623657
4.9,7,34132.627239
11.53,7,34155.779003
11.63,7,34179.615299
8.1,7,34202.417963
7.76,7,34225.662642
12.25,7,34248.485447
12.06,7,34271.724779
3.46,7,34294.900094
10.2,7,34318.244766
12.06,7,34341.326119
5.03,7,34364.045021
10.37,7,34387.157414
12.11,7,34410.729436
12.07,7,34433.754812
4.49,7,34456.891326
11.02,7,34479.935785
12.2,7,34503.514575
3.17,7,34526.460694
11.07,7,34549.784547
11.34,7,34572.992074
12.27,7,34595.917325
3.3,7,34618.932848
11.4,7,34642.260621
8.57,7,34665.429144
2.1,7,34688.560051
10.73,7,34711.869608
11.39,7,34734.959613
11.43,7,34757.981968
4.99,7,34781.538579
10.97,7,34804.90458
11.66,7,34828.132474
-3.07,7,34850.900902
10.26,7,34873.915313
9.14,7,34897.249922
8.23,7,34920.043399
5.51,7,34942.957118
11.64,7,34965.960144
11.53,7,34988.89396
-0.56,7,35011.726143
11.77,7,35034.777877
11.83,7,35057.871159
8.64,7,35080.808871
5.0,7,35103.968714
12.9,7,35126.970776
11.54,7,35150.088977
3.09,7,35173.173527
11.3,7,35196.724825
11.94,7,35219.587396
8.13,7,35242.786919
8.26,7,35266.362275
11.62,7,35289.642485
11.53,7,35312.837819
4.96,7,35336.203748
11.81,7,35359.355245
11.31,7,35382.191843
8.9,7,35404.910142
8.5,7,35427.825732
11.32,7,35451.007586
12.1,7,35473.889617
5.3,7,35497.079417
11.5,7,35520.360191
12.04,7,35543.406786
7.97,7,35566.238857
8.31,7,35589.597633
11.18,7,35612.790001
11.17,7,35635.951454
3.53,7,35659.038836
10.72,7,35682.208257
10.5,7,35705.691645
5.53,7,35728.560271
10.6,7,35751.593038
12.94,7,35774.411187
11.64,7,35797.421678
5.13,7,35820.666445
11.17,7,35844.284376
11.7,7,35867.440001
3.63,7,35890.515006
10.97,7,35913.516261
11.47,7,35936.626662
12.04,7,35959.984928
2.37,7,35983.112475
11.07,7,36006.207438
10.9,7,36029.674412
2.64,7,36052.726844
12.1,7,36076.126897
11.62,7,36099.322838
10.79,7,36122.258259
5.63,7,36145.446893
10.37,7,36168.473819
11.46,7,36191.441613
4.72,7,36214.619892
11.07,7,36237.839577
11.12,7,36261.52887
8.73,7,36284.455235
5.57,7,36307.419053
12.32,7,36330.34174
10.57,7,36353.478941
2.63,7,36376.561413
10.64,7,36399.617296
10.08,7,36422.461743
7.36,7,36445.317078
5.47,7,36468.122623
12.2,7,36491.017838
12.46,7,36513.977916
2.74,7,36537.253848
12.46,7,36560.124811
10.46,7,36583.15153
7.87,7,36606.092594
3.87,7,36629.273999
10.38,7,36652.287856
10.75,7,36675.314111
0.0,7,36698.714305
9.83,7,36722.075506
10.87,7,36745.064165
8.66,7,36768.261785
8.64,7,36791.361709
11.84,7,36814.750697
11.4,7,36837.955237
2.7,7,36860.874707
11.37,7,36883.990182
8.27,7,36907.226484
5.76,7,36929.995645
8.0,7,36953.340022
10.94,7,36976.438824
11.53,7,36999.483229
2.81,7,37022.613182
11.23,7,37045.753987
11.66,7,37069.208738
4.97,7,37092.101897
10.81,7,37115.406204
11.57,7,37138.481879
12.37,7,37161.69189
4.43,7,37184.786758
10.61,7,37207.880485
11.56,7,37231.076939
2.24,7,37254.039888
12.23,7,37277.080165
11.6,7,37300.180209
11.87,7,37323.197891
2.54,7,37346.435526
11.86,7,37369.301334
10.93,7,37392.712168
3.03,7,37415.760154
10.76,7,37439.485389
11.25,7,37462.696865
12.51,7,37485.706808
2.2,7,37508.768799
11.36,7,37531.945671
12.1,7,37554.964056
2.57,7,37577.788253
10.6,7,37601.114236
11.84,7,37625.166262
11.44,7,37647.947531
5.69,7,37671.955317
11.43,7,37695.122569
11.03,7,37718.839188
3.17,7,37742.144886
11.67,7,37765.140673
11.67,7,37788.033112
10.1,7,37811.14164
4.56,7,37835.111768
11.74,7,37858.180459
12.29,7,37881.515223
2.79,7,37904.851854
11.61,7,37928.304166
12.36,7,37951.167539
5.83,7,37973.712201
8.48,7,37996.734118
11.11,7,38020.164494
11.49,7,38043.575718
2.93,7,38066.937366
10.48,7,38089.810117
7.52,7,38113.125314
6.69,7,38135.820783
11.56,7,38158.954778
10.92,7,38182.394466
10.78,7,38205.488539
4.26,7,38228.403429
8.47,7,38251.370356
10.46,7,38274.617085
2.33,7,38297.210209
7.83,7,38320.281819
11.79,7,38343.548799
10.93,7,38366.895309
1.3,7,38389.793287
10.3,7,38413.1092
10.64,7,38436.30327
1.73,7,38459.013103
10.6,7,38482.213907
12.2,7,38505.376634
11.69,7,38528.822596
3.03,7,38551.897208
10.7,7,38575.166211
8.09,7,38598.371465
2.77,7,38621.28177
10.94,7,38644.500982
11.87,7,38667.619825
11.33,7,38690.44583
4.84,7,38713.622842
11.29,7,38737.126236
11.4,7,38760.401458
2.7,7,38783.403796
12.03,7,38806.700994
10.93,7,38830.002697
8.4,7,38852.980164
5.31,7,38876.17028
12.17,7,38899.348801
10.8,7,38922.726359
2.47,7,38945.876832
12.43,7,38968.868814
8.49,7,38991.87241
8.53,7,39014.64353
4.03,7,39037.668311
11.43,7,39060.867411
11.8,7,39084.306111
0.34,7,39107.593199
8.7,7,39131.155176
11.66,7,39154.497358
6.42,7,39177.19194
8.1,7,39200.443457
10.84,7,39223.540844
12.53,7,39246.629232
2.6,7,39269.62527
10.11,7,39292.779152
10.92,7,39315.999075
5.67,7,39338.851607
10.07,7,39361.88739
8.83,7,39385.390558
11.37,7,39408.593795
3.83,7,39431.703372
10.54,7,39454.705002
12.06,7,39478.227402
5.01,7,39501.690785
11.44,7,39524.951055
9.9,7,39548.171398
12.0,7,39571.371462
-0.57,7,39594.47819
7.03,7,39617.247744
12.27,7,39640.639536
1.67,7,39663.493503
8.36,7,39686.648026
10.74,7,39710.023943
7.46,7,39733.023481
3.76,7,39755.955697
9.63,7,39779.175026
11.21,7,39802.07897
5.23,7,39825.069994
7.44,7,39847.925039
10.66,7,39871.100507
11.54,7,39894.101553
5.18,7,39917.30302
10.93,7,39940.661859
10.96,7,39964.085646
2.73,7,39987.03622
10.5,7,40010.398174
8.46,7,40033.640885
7.29,7,40056.414375
2.34,7,40079.906729
8.84,7,40102.826807
10.13,7,40126.068112
2.6,7,40149.246001
6.26,7,40172.396316
8.01,7,40195.065394
4.73,7,40217.816945
-0.06,7,40240.605268
9.6,7,40264.03811
6.79,7,40287.418868
0.53,7,40310.838896
6.77,7,40334.595943
7.86,7,40357.391595
6.94,7,40379.857917
5.73,7,40403.289177
7.53,7,40426.924274
8.8,7,40450.395577
0.46,7,40473.799407
8.27,7,40496.942178
8.77,7,40520.33368
4.53,7,40542.771589
9.49,7,40565.960091
3.14,7,40588.827809
5.73,7,40612.10493
4.8,7,40634.994066
5.5,7,40658.091562
3.03,7,40680.881117
-0.67,7,40703.87903
5.43,7,40726.969034
8.33,7,40750.343117
7.87,7,40773.336957
-0.2,7,40796.368945
8.29,7,40819.796173
8.23,7,40843.129785
0.07,7,40865.977197
8.72,7,40889.171453
5.5,7,40911.458609
7.89,7,40934.674227
-0.03,7,40958.166435
8.74,7,40981.917389
8.66,7,41005.571363
-2.97,7,41028.311618
10.47,7,41051.297058
11.17,7,41074.34581
4.99,7,41097.187026
2.33,7,41120.313275
2.4,7,41143.100747
11.49,7,41166.677441
-2.73,7,41189.441401
3.0,7,41212.119819
7.9,7,41235.038649
7.88,7,41258.153975
2.7,7,41281.435874
11.26,7,41304.798145
8.33,7,41328.252186
-0.67,7,41350.781299
6.27,7,41374.425009
11.14,7,41397.985281
8.26,7,41420.991503
5.0,7,41444.037054
7.71,7,41467.410966
7.77,7,41490.229355
2.63,7,41513.357255
8.03,7,41536.334587
10.8,7,41559.693794
8.74,7,41582.730619
3.33,7,41606.075866
11.09,7,41629.029876
8.93,7,41652.419701
2.37,7,41675.768821
10.67,7,41699.248491
5.3,7,41721.935032
8.0,7,41744.456223
5.7,7,41767.484946
7.37,7,41790.149592
5.66,7,41813.231203
0.2,7,41836.419088
10.44,7,41859.267679
9.39,7,41882.679044
5.29,7,41905.65018
5.74,7,41929.024825
11.26,7,41952.165893
8.46,7,41974.975823
0.2,7,41998.244703
7.29,7,42021.067101
10.63,7,42044.187022
7.9,7,42066.981901
4.47,7,42090.149368
11.0,7,42113.346292
11.2,7,42136.915404
0.3,7,42159.821443
11.78,7,42183.647342
8.79,7,42206.848483
4.96,7,42229.601613
10.56,7,42252.88883
8.36,7,42275.653499
5.51,7,42298.422436
2.3,7,42321.952601
12.06,7,42345.450023
5.4,7,42368.261406
2.67,7,42390.813884
5.86,7,42413.540996
5.53,7,42436.658987
11.21,7,42460.072269
-3.2,7,42482.795683
8.33,7,42505.68466
9.93,7,42529.091605
3.16,7,42551.983224
10.43,7,42574.721544
6.7,7,42597.702321
-2.73,7,42620.89322
3.0,7,42644.326815
7.89,7,42667.742682
6.49,7,42691.242441
-2.8,7,42714.374382
11.8,7,42737.350024
9.13,7,42760.454448
5.74,7,42783.242429
-0.96,7,42806.143983
5.77,7,42829.381247
5.97,7,42852.693085
2.47,7,42875.425379
8.47,7,42899.010552
5.88,7,42922.504277
1.6,7,42945.236155
5.91,7,42968.721794
9.67,7,42992.350717
1.87,7,43015.122632
-0.33,7,43037.392722
8.6,7,43061.076037
11.71,7,43084.239542
5.93,7,43107.217451
1.33,7,43130.254448
8.13,7,43153.441394
8.43,7,43176.494402
-2.83,7,43199.122668
8.4,7,43222.703835
10.46,7,43246.143624
6.94,7,43269.137514
0.0,7,43292.22146
8.66,7,43315.428536
7.26,7,43338.610515
-2.73,7,43361.615188
4.99,7,43384.783051
8.73,7,43408.191526
7.15,7,43431.104065
2.33,7,43454.226574
8.37,7,43477.78803
8.3,7,43500.8934
0.23,7,43523.514403
2.07,7,43546.216393
1.9,7,43569.363718
3.2,7,43591.948218
5.63,7,43615.576258
9.64,7,43638.977337
5.83,7,43662.194404
2.2,7,43685.028893
9.42,7,43708.184974
6.47,7,43731.406772
0.1,7,43753.97612
7.9,7,43777.360284
8.94,7,43800.831282
8.63,7,43824.0171
-0.8,7,43847.507363
5.87,7,43870.617045
6.76,7,43893.675181
3.06,7,43916.335189
2.6,7,43939.1215
8.19,7,43962.039676
8.71,7,43985.048923
1.8,7,44008.140949
7.4,7,44031.694495
6.27,7,44054.881569
-0.14,7,44077.85192
9.04,7,44100.862512
6.4,7,44124.501852
8.79,7,44147.861284
1.13,7,44171.018745
6.26,7,44194.540866
8.93,7,44218.229663
-2.83,7,44240.539435
5.2,7,44263.257239
8.4,7,44286.649441
5.17,7,44309.748907
3.4,7,44333.13183
5.23,7,44356.535957
6.87,7,44379.702431
0.47,7,44402.712319
1.57,7,44425.613412
3.92,7,44448.467464
8.03,7,44471.418792
2.4,7,44494.76041
9.29,7,44518.239406
6.03,7,44542.06483
-2.73,7,44564.520009
5.56,7,44587.836135
8.43,7,44610.896414
5.86,7,44633.700039
0.1,7,44656.595476
6.56,7,44679.944646
6.5,7,44703.545398
-2.8,7,44726.002978
8.21,7,44749.310914
1.67,7,44772.335612
2.07,7,44794.973411
2.83,7,44818.134555
2.56,7,44841.153207
9.3,7,44864.587985
-2.77,7,44887.279123
6.14,7,44910.622536
5.64,7,44934.261307
-0.73,7,44956.605775
-0.6,7,44979.817519
9.4,7,45003.186194
8.96,7,45026.693704
-0.57,7,45048.964919
7.33,7,45072.212476
2.7,7,45095.857919
2.44,7,45118.341424
4.07,7,45140.787585
5.9,7,45164.135484
2.5,7,45187.18541
-0.03,7,45209.882885
6.3,7,45233.266147
2.36,7,45255.949486
-0.6,7,45278.199721
-0.53,7,45300.93655
5.33,7,45324.318196
6.39,7,45347.274544
2.17,7,45370.450926
9.57,7,45393.911472
6.24,7,45416.867949
0.44,7,45439.308199
8.17,7,45462.706349
3.6,7,45485.104608
5.8,7,45508.416979
2.57,7,45531.428968
2.9,7,45553.973264
6.47,7,45576.987216
4.43,7,45599.702468
2.44,7,45623.141977
5.2,7,45646.059169
8.3,7,45669.366029
0.07,7,45691.672376
5.44,7,45714.737055
2.67,7,45737.597014
-0.1,7,45759.9082
-0.63,7,45782.724626
6.46,7,45806.001899
8.06,7,45829.268119
-0.0,7,45851.555915
4.79,7,45874.762014
3.27,7,45897.775393
4.46,7,45920.258191
5.56,7,45943.910949
7.0,7,45967.320678
6.8,7,45990.795961
-0.26,7,46013.232828
6.27,7,46036.531677
8.67,7,46059.924761
3.04,7,46082.706403
8.35,7,46106.005163
6.83,7,46129.686748
6.53,7,46153.12723
-0.74,7,46176.160279
11.13,7,46199.566504
9.21,7,46222.942885
-2.8,7,46245.706558
4.04,7,46268.560106
9.0,7,46292.003505
2.97,7,46314.965601
2.37,7,46338.122288
8.27,7,46361.470145
4.74,7,46384.88133
1.9,7,46408.261913
2.97,7,46431.752559
6.29,7,46454.889165
6.06,7,46477.341942
2.6,7,46500.731739
6.57,7,46523.952286
5.33,7,46547.125531
0.2,7,46570.185382
2.67,7,46592.769438
3.1,7,46615.841897
2.23,7,46638.47046
-0.67,7,46660.695411
5.0,7,46683.627002
6.74,7,46706.891551
-2.83,7,46729.419558
5.43,7,46752.72079
1.73,7,46775.905004
4.74,7,46798.666955
-3.93,7,46821.646789
7.03,7,46844.597348
8.76,7,46867.841016
-2.97,7,46890.215498
-0.6,7,46913.273106
3.06,7,46936.85519
4.7,7,46959.87318
-3.1,7,46982.181879
1.53,7,47004.963514
0.0,7,47027.80003
-2.7,7,47050.650534
6.66,7,47074.006509
6.06,7,47097.370425
1.59,7,47120.169359
-0.04,7,47142.668363
-1.04,7,47165.644463
3.67,7,47187.77089
-0.94,7,47210.522736
1.5,7,47233.427254
2.3,7,47256.576849
-2.83,7,47279.447978
-0.2,7,47302.9041
1.93,7,47326.310767
-0.26,7,47349.488844
-0.77,7,47372.283031
1.67,7,47395.097192
2.43,7,47417.497789
5.77,7,47440.367488
1.19,7,47463.4704
2.3,7,47486.435751
4.64,7,47509.483073
-2.9,7,47532.639842
6.04,7,47555.708326
6.1,7,47579.186592
4.24,7,47602.124604
2.6,7,47625.413805
3.2,7,47648.456958
6.57,7,47671.792736
-2.77,7,47694.187342
5.3,7,47717.378366
5.49,7,47740.505873
2.93,7,47762.96417
1.7,7,47785.886315
3.03,7,47808.905807
6.67,7,47832.180755
-2.77,7,47854.444514
6.24,7,47877.848186
2.29,7,47900.211748
3.51,7,47922.758205
2.07,7,47946.302226
5.44,7,47969.834365
2.07,7,47992.236809
-2.8,7,48014.605988
4.24,7,48037.73315
5.9,7,48061.364354
5.24,7,48084.209119
0.14,7,48107.799224
6.2,7,48131.009379
5.9,7,48154.609566
-0.8,7,48177.453717
2.74,7,48200.498483
5.77,7,48222.848501
2.37,7,48245.656155
2.3,7,48269.374678
5.67,7,48292.321203
8.5,7,48315.724073
2.19,7,48338.584733
3.46,7,48361.102669
3.37,7,48383.668854
3.1,7,48406.346131
3.33,7,48429.685944
5.87,7,48452.824759
5.13,7,48475.121986
-2.93,7,48497.707303
8.64,7,48521.206518
6.9,7,48544.476563
2.77,7,48567.321657
3.43,7,48590.812744
6.1,7,48614.524593
3.17,7,48637.158236
-2.77,7,48660.033108
2.26,7,48682.213853
5.78,7,48705.756276
2.03,7,48728.553842
-0.26,7,48750.921489
2.4,7,48773.64137
2.6,7,48796.362336
0.17,7,48819.569528
2.93,7,48842.733014
2.36,7,48865.327323
2.43,7,48887.821352
2.87,7,48911.175016
2.81,7,48934.040928
2.4,7,48956.940039
2.16,7,48979.82581
3.07,7,49002.522185
-2.9,7,49025.186206
2.83,7,49047.609518
1.07,7,49070.676914
-0.9,7,49093.591027
3.2,7,49116.269015
-0.33,7,49139.142999
5.27,7,49163.041049
5.87,7,49186.374997
2.3,7,49209.131769
-0.2,7,49231.44304
2.46,7,49253.723315
5.36,7,49277.000067
-2.9,7,49299.456131
5.84,7,49322.946911
2.36,7,49346.303131
3.3,7,49368.61922
2.77,7,49392.060661
6.03,7,49415.338344
5.94,7,49438.520768
-2.93,7,49461.151295
6.33,7,49484.304101
5.57,7,49507.780779
1.84,7,49530.64013
-0.84,7,49553.062145
4.87,7,49576.264162
8.84,7,49599.500578
-2.93,7,49621.956225
0.27,7,49644.490009
5.83,7,49667.695602
-0.26,7,49690.522056
-0.74,7,49712.840254
3.1,7,49736.429146
5.61,7,49759.535448
-0.2,7,49782.655431
4.76,7,49805.677597
0.13,7,49827.9171
0.1,7,49850.260405
2.13,7,49873.86041
5.47,7,49897.15222
2.07,7,49920.232165
0.23,7,49942.421303
2.87,7,49965.090204
2.13,7,49987.560206
0.07,7,50010.011717
-3.13,7,50032.640494
5.83,7,50056.214956
5.37,7,50079.661752
-0.57,7,50102.81728
2.96,7,50125.958215
2.53,7,50148.444513
3.24,7,50171.491973
-0.1,7,50194.925636
6.17,7,50218.288679
3.3,7,50241.724742
0.03,7,50264.164627
3.24,7,50286.587094
6.07,7,50309.526587
3.79,7,50332.493046
-0.03,7,50354.956827
5.54,7,50378.436841
-0.76,7,50401.204459
-2.77,7,50423.706635
2.83,7,50447.014784
2.23,7,50470.222411
-0.7,7,50492.481205
2.46,7,50515.841856
3.03,7,50538.446718
5.77,7,50562.040129
-0.7,7,50584.971057
2.4,7,50608.218859
4.96,7,50631.303226
-2.83,7,50653.794885
5.07,7,50676.974188
6.2,7,50700.278054
6.16,7,50724.015388
2.57,7,50747.071943
4.97,7,50770.392579
5.86,7,50793.941654
-3.0,7,50816.838268
3.04,7,50839.867853
5.56,7,50862.114671
6.08,7,50885.635084
1.93,7,50909.349795
5.83,7,50932.872394
2.93,7,50955.655565
-0.6,7,50978.120285
3.3,7,51000.464305
2.24,7,51023.243659
6.27,7,51046.347784
-0.33,7,51069.902194
6.0,7,51093.158236
6.81,7,51116.382313
-0.67,7,51139.128952
8.24,7,51162.912625
5.79,7,51186.262149
5.67,7,51209.721163
1.97,7,51232.996925
2.8,7,51255.461628
2.8,7,51278.148412
-2.83,7,51301.026917
5.02,7,51324.348511
2.87,7,51347.679041
11.46,7,51370.929346
0.5,7,51394.673779
5.26,7,51417.458763
8.69,7,51440.68081
0.23,7,51463.376505
-6.0,7,51485.918898
-6.0,7,51508.473815
-6.0,7,51531.216809
-6.0,7,51553.891826
-6.0,7,51576.430599
-6.0,7,51598.841136
-6.0,7,51621.375239
-6.0,7,51643.911155
-6.0,7,51666.468426
-6.0,7,51689.010195
-6.0,7,51711.614723
-6.0,7,51734.180915
-6.0,7,51756.752656
-6.0,7,51779.369571
-6.0,7,51802.08866
-6.0,7,51824.679743
-6.0,7,51847.274045
-6.0,7,51869.871852
-6.0,7,51892.457528
-6.0,7,51915.053628
-6.0,7,51937.833743
-6.0,7,51960.40614
-6.0,7,51983.006139
-6.0,7,52005.620399
-6.0,7,52028.282448
-6.0,7,52050.87889
-6.0,7,52073.500444
-6.0,7,52096.338295
-6.0,7,52118.961502
-6.0,7,52141.431859
-6.0,7,52164.053274
-6.0,7,52186.701721
-6.0,7,52209.32891
-6.0,7,52231.962465
-6.0,7,52254.718169
-6.0,7,52277.445923
-6.0,7,52300.052339
-6.0,7,52322.524766
-6.0,7,52345.172764
-6.0,7,52367.823847
-6.0,7,52390.427837
-6.0,7,52413.236604
-6.0,7,52435.943874
-6.0,7,52458.578346
-6.0,7,52481.179524
-6.0,7,52503.73607
-6.0,7,52526.384112
-6.0,7,52549.048032
-6.0,7,52571.816326
-6.0,7,52594.481759
-6.0,7,52617.111428
-6.0,7,52639.745122
-6.0,7,52662.366643
-6.0,7,52684.875446
-6.0,7,52707.477865
-6.0,7,52730.069883
-6.0,7,52752.683789
-6.0,7,52775.266621
-6.0,7,52797.860287
-6.0,7,52820.686396
-6.0,7,52843.30856
-6.0,7,52865.772807
-6.0,7,52888.3432
-6.0,7,52910.945192
-6.0,7,52933.552355
-6.0,7,52956.168711
-6.0,7,52978.987458
-6.0,7,53001.587484
-6.0,7,53024.171565
-6.0,7,53046.618967
-6.0,7,53069.191467
-6.0,7,53091.777537
-6.0,7,53114.358064
-6.0,7,53137.123624
-6.0,7,53159.793556
-6.0,7,53182.390141
-6.0,7,53204.975902
-6.0,7,53227.425204
-6.0,7,53250.046205
-6.0,7,53272.651376
-6.0,7,53295.393644
-6.0,7,53318.002146
-6.0,7,53340.602
-6.0,7,53363.179096
-6.0,7,53385.780924
-6.0,7,53408.273637
-6.0,7,53430.890207
-6.0,7,53453.650581
-6.0,7,53476.345069
-6.0,7,53498.97977
-6.0,7,53521.611885
-6.0,7,53544.25801
-6.0,7,53566.857332
-6.0,7,53589.357947
-6.0,7,53612.044212
-6.0,7,53634.699037
-6.0,7,53657.309976
-6.0,7,53679.913436
-6.0,7,53702.535848
-6.0,7,53725.141392
-6.0,7,53747.77281
-6.0,7,53770.262131
-6.0,7,53792.884024
-6.0,7,53815.492646
-6.0,7,53838.072752
-6.0,7,53860.824237
-6.0,7,53883.458504
-6.0,7,53906.078846
-6.0,7,53928.708688
-6.0,7,53951.216486
-6.0,7,53973.823505
-6.0,7,53996.434715
-6.0,7,54019.278128
-6.0,7,54041.946161
-6.0,7,54064.544231
-6.0,7,54087.161127
-6.0,7,54109.770015
-6.0,7,54132.207997
-6.0,7,54154.795355
-6.0,7,54177.560028
-6.0,7,54200.194888
-6.0,7,54222.797949
-6.0,7,54245.395409
-6.0,7,54267.969582
-6.0,7,54290.599962
-6.0,7,54313.062156
-6.0,7,54335.793268
-6.0,7,54358.487023
-6.0,7,54381.088433
-6.0,7,54403.692562
-6.0,7,54426.311519
-6.0,7,54448.884337
-6.0,7,54471.497067
-6.0,7,54494.109906
-6.0,7,54516.811298
-6.0,7,54539.408208
-6.0,7,54562.026004
-6.0,7,54584.621986
-6.0,7,54607.229028
-6.0,7,54629.827044
-6.0,7,54652.407264
-6.0,7,54674.982215
-6.0,7,54697.529335
-6.0,7,54720.08159
-6.0,7,54742.825301
-6.0,7,54765.391892
-6.0,7,54787.939962
-6.0,7,54810.494527
-6.0,7,54833.036968
-6.0,7,54855.462482
-6.0,7,54878.071448
-6.0,7,54900.860484
-6.0,7,54923.448077
-6.0,7,54946.031673
-6.0,7,54968.60786
-6.0,7,54991.182001
-6.0,7,55013.741391
-6.0,7,55036.139907
-6.0,7,55058.880539
-6.0,7,55081.582281
-6.0,7,55104.122344
-6.0,7,55126.670874
-6.0,7,55149.264652
-6.0,7,55171.815481
-6.0,7,55194.371929
-6.0,7,55216.951845
-6.0,7,55239.66098
-6.0,7,55262.241322
-6.0,7,55284.807965
-6.0,7,55307.38472
-6.0,7,55329.971786
-6.0,7,55352.568083
-6.0,7,55375.327025
-6.0,7,55397.83844
-6.0,7,55420.479267
-6.0,7,55443.110371
-6.0,7,55465.734353
-6.0,7,55488.309165
-6.0,7,55510.893436
-6.0,7,55533.542475
-6.0,7,55556.242089
-6.0,7,55578.693997
-6.0,7,55601.285475
-6.0,7,55623.916993
-6.0,7,55646.482446
-6.0,7,55669.041041
-6.0,7,55691.64454
-6.0,7,55714.257588
-6.0,7,55736.847883
-6.0,7,55759.302736
-6.0,7,55781.956962
-6.0,7,55804.627446
-6.0,7,55827.19925
-6.0,7,55849.742444
-6.0,7,55872.306964
-6.0,7,55894.849811
-6.0,7,55917.406407
-6.0,7,55939.990636
-6.0,7,55962.716538
-6.0,7,55985.281878
-6.0,7,56007.860976
-6.0,7,56030.431226
-6.0,7,56053.001595
-6.0,7,56075.564074
-6.0,7,56098.379207
-6.0,7,56120.860574
-6.0,7,56143.430647
-6.0,7,56165.974994
-6.0,7,56188.557298
-6.0,7,56211.13607
-6.0,7,56233.723437
-6.0,7,56256.490551
-6.0,7,56279.087431
-6.0,7,56301.517468
-6.0,7,56324.102423
-6.0,7,56346.669538
-6.0,7,56369.236406
-6.0,7,56391.782463
-6.0,7,56414.474886
-6.0,7,56437.079443
-6.0,7,56459.67157
-6.0,7,56482.122552
-6.0,7,56504.723098
-6.0,7,56527.278331
-6.0,7,56549.846511
-6.0,7,56572.461629
-6.0,7,56595.045818
-6.0,7,56617.632785
-6.0,7,56640.190821
-6.0,7,56662.802691
-6.0,7,56685.401602
-6.0,7,56707.979987
-6.0,7,56730.543685
-6.0,7,56753.142028
-6.0,7,56775.697744
-6.0,7,56798.25549
-6.0,7,56820.974256
-6.0,7,56843.658181
-6.0,7,56866.260007
-6.0,7,56888.849387
-6.0,7,56911.419797
-6.0,7,56933.983436
-6.0,7,56956.545277
-6.0,7,56979.32651
-6.0,7,57001.94231
-6.0,7,57024.411889
-6.0,7,57046.981885
-6.0,7,57069.569302
-6.0,7,57092.1537
-6.0,7,57114.697473
-6.0,7,57137.479755
-6.0,7,57160.164311
-6.0,7,57182.717878
-6.0,7,57205.192558
-6.0,7,57227.764069
-6.0,7,57250.314866
-6.0,7,57272.906923
-6.0,7,57295.616555
-6.0,7,57318.243451
-6.0,7,57340.808762
-6.0,7,57363.393188
-6.0,7,57385.812652
-6.0,7,57408.381301
-6.0,7,57430.957912
-6.0,7,57453.526826
-6.0,7,57476.096535
-6.0,7,57498.680774
-6.0,7,57521.271504
-6.0,7,57543.967671
-6.0,7,57566.597841
-6.0,7,57589.154574
-6.0,7,57611.706957
-6.0,7,57634.280718
-6.0,7,57656.817569
-6.0,7,57679.389526
-6.0,7,57702.155949
-6.0,7,57724.84108
-6.0,7,57747.296806
-6.0,7,57769.861069
-6.0,7,57792.417068
-6.0,7,57814.998806
-6.0,7,57837.550045
-6.0,7,57860.311553
-6.0,7,57883.126295
-6.0,7,57905.697093
-6.0,7,57928.135059
-6.0,7,57950.721056
-6.0,7,57973.307963
-6.0,7,57995.891317
-6.0,7,58018.668746
-6.0,7,58041.26626
-6.0,7,58063.846319
-6.0,7,58086.422544
-6.0,7,58108.870115
-6.0,7,58131.426393
-6.0,7,58153.987486
-6.0,7,58176.804005
-6.0,7,58199.444215
-6.0,7,58222.013151
-6.0,7,58244.631526
-6.0,7,58267.227318
-6.0,7,58289.701543
-6.0,7,58312.258858
-6.0,7,58334.822738
-6.0,7,58357.421125
-6.0,7,58380.028084
-6.0,7,58402.606764
-6.0,7,58425.439911
-6.0,7,58448.073801
-6.0,7,58470.531181
-6.0,7,58493.092577
-6.0,7,58515.671988
-6.0,7,58538.279044
-6.0,7,58560.857043
-6.0,7,58583.612014
-6.0,7,58606.235264
-6.0,7,58628.833493
-6.0,7,58651.283459
-6.0,7,58673.864259
-6.0,7,58696.445048
-6.0,7,58719.074573
-6.0,7,58741.87505
-6.0,7,58764.518469
-6.0,7,58787.126427
-6.0,7,58809.70333
-6.0,7,58832.152732
-6.0,7,58854.733685
-6.0,7,58877.324785
-6.0,7,58900.081221
-6.0,7,58922.739485
-6.0,7,58945.339189
-6.0,7,58967.940902
-6.0,7,58990.523089
-6.0,7,59012.981773
-6.0,7,59035.580712
-6.0,7,59058.320708
-6.0,7,59081.001713
-6.0,7,59103.56816
-6.0,7,59126.173638
-6.0,7,59148.753949
-6.0,7,59171.332968
-6.0,7,59193.789039
-6.0,7,59216.36893
-6.0,7,59239.002102
-6.0,7,59261.586057
-6.0,7,59284.233578
-6.0,7,59306.925094
-6.0,7,59329.532345
-6.0,7,59352.139034
-6.0,7,59374.611963
-6.0,7,59397.227628
-6.0,7,59419.810978
-6.0,7,59442.384234
-6.0,7,59465.102655
-6.0,7,59487.767804
-6.0,7,59510.345004
-6.0,7,59532.941689
-6.0,7,59555.401927
-6.0,7,59577.983203
-6.0,7,59600.581633
-6.0,7,59623.328001
-6.0,7,59646.00235
-6.0,7,59668.584768
-6.0,7,59691.172895
-6.0,7,59713.761775
-6.0,7,59736.244949
-6.0,7,59758.813389
-6.0,7,59781.592038
-6.0,7,59804.237603
-6.0,7,59826.851611
-6.0,7,59849.448886
-6.0,7,59872.053451
-6.0,7,59894.617408
-6.0,7,59917.090677
-6.0,7,59939.918284
-6.0,7,59962.641512
-6.0,7,59985.233063
-6.0,7,60007.86003
-6.0,7,60030.510443
-6.0,7,60053.117247
-6.0,7,60075.699575
-6.0,7,60098.404091
-6.0,7,60121.040097
-6.0,7,60143.634875
-6.0,7,60166.247781
-6.0,7,60188.87749
-6.0,7,60211.476815
-6.0,7,60234.100693
-6.0,7,60256.702216
-6.0,7,60279.177143
-6.0,7,60301.790137
-6.0,7,60324.402957
-6.0,7,60347.17655
-6.0,7,60369.83949
-6.0,7,60392.448693
-6.0,7,60415.042758
-6.0,7,60437.656009
-6.0,7,60460.11265
-6.0,7,60482.714336
-6.0,7,60505.54043
-6.0,7,60528.165172
-6.0,7,60550.75008
-6.0,7,60573.377258
-6.0,7,60595.977733
-6.0,7,60618.589063
-6.0,7,60641.091051
-6.0,7,60663.916247
-6.0,7,60686.543867
-6.0,7,60709.167542
-6.0,7,60731.796672
-6.0,7,60754.432734
-6.0,7,60777.064333
-6.0,7,60799.679182
-6.0,7,60822.313455
-6.0,7,60844.965333
-6.0,7,60867.573138
-6.0,7,60890.217006
-6.0,7,60912.863792
-6.0,7,60935.508581
-6.0,7,60958.136938
-6.0,7,60980.985415
-6.0,7,61003.592741
-6.0,7,61026.227339
-6.0,7,61048.859249
-6.0,7,61071.432775
-6.0,7,61094.043959
-6.0,7,61116.653725
-6.0,7,61139.472189
-6.0,7,61162.109874
-6.0,7,61184.59604
-6.0,7,61207.207181
-6.0,7,61229.824684
-6.0,7,61252.437032
-6.0,7,61275.023793
-6.0,7,61297.647627
-6.0,7,61320.225924
-6.0,7,61342.80122
-6.0,7,61365.278986
-6.0,7,61388.052958
-6.0,7,61410.666592
-6.0,7,61433.244221
-6.0,7,61455.834927
-6.0,7,61478.428997
-6.0,7,61501.016862
-6.0,7,61523.607056
-6.0,7,61546.298662
-6.0,7,61569.03669
-6.0,7,61591.649326
-6.0,7,61614.25699
-6.0,7,61636.911855
-6.0,7,61659.504572
-6.0,7,61682.132746
-6.0,7,61704.935594
-6.0,7,61727.451894
-6.0,7,61750.068748
-6.0,7,61772.66209
-6.0,7,61795.256939
-6.0,7,61817.846996
-6.0,7,61840.44333
-6.0,7,61863.25678
-6.0,7,61885.892535
-6.0,7,61908.345976
-6.0,7,61930.954534
-6.0,7,61953.570229
-6.0,7,61976.156004
-6.0,7,61998.724716
-6.0,7,62021.469534
-6.0,7,62044.127058
-6.0,7,62066.694895
-6.0,7,62089.135817
-6.0,7,62111.704516
-6.0,7,62134.286032
-6.0,7,62156.894643
-6.0,7,62179.66287
-6.0,7,62202.30113
-6.0,7,62224.927218
-6.0,7,62247.518107
-6.0,7,62269.975239
-6.0,7,62292.590917
-6.0,7,62315.1992
-6.0,7,62337.816158
-6.0,7,62360.437569
-6.0,7,62383.015323
-6.0,7,62405.642246
-6.0,7,62428.497254
-6.0,7,62451.019663
-6.0,7,62473.622401
-6.0,7,62496.216473
-6.0,7,62518.904532
-6.0,7,62541.553891
-6.0,7,62564.154115
-6.0,7,62586.957144
-6.0,7,62609.755544
-6.0,7,62632.207159
-6.0,7,62654.813828
-6.0,7,62677.414003
-6.0,7,62700.028093
-6.0,7,62722.640791
-6.0,7,62745.378006
-6.0,7,62768.032348
-6.0,7,62790.65878
-6.0,7,62813.164302
-6.0,7,62835.779443
-6.0,7,62858.384881
-6.0,7,62881.001829
-6.0,7,62903.833134
-6.0,7,62926.583089
-6.0,7,62949.24334
-6.0,7,62971.852152
-6.0,7,62994.334305
-6.0,7,63016.911586
-6.0,7,63039.487087
-6.0,7,63062.265248
-6.0,7,63084.960045
-6.0,7,63107.591253
-6.0,7,63130.191995
-6.0,7,63152.778246
-6.0,7,63175.259351
-6.0,7,63197.851239
-6.0,7,63220.606034
-6.0,7,63243.402388
-6.0,7,63265.986549
-6.0,7,63288.593799
-6.0,7,63311.201199
-6.0,7,63333.782118
-6.0,7,63356.244649
-6.0,7,63378.843679
-6.0,7,63401.446147
-6.0,7,63424.047597
-6.0,7,63446.617364
-6.0,7,63469.369256
-6.0,7,63491.996858
-6.0,7,63514.599706
-6.0,7,63537.070531
-6.0,7,63559.711681
-6.0,7,63582.312493
-6.0,7,63604.91144
-6.0,7,63627.694411
-6.0,7,63650.387009
-6.0,7,63672.999205
-6.0,7,63695.582052
-6.0,7,63718.074044
-6.0,7,63740.683502
-6.0,7,63763.280868
-6.0,7,63786.121593
-6.0,7,63808.822768
-6.0,7,63831.446205
-6.0,7,63854.074944
-6.0,7,63876.681866
-6.0,7,63899.187109
-6.0,7,63921.80592
-6.0,7,63944.598878
-6.0,7,63967.335811
-6.0,7,63989.94259
-6.0,7,64012.554025
-6.0,7,64035.171503
-6.0,7,64057.806263
-6.0,7,64080.304638
-6.0,7,64103.113583
-6.0,7,64125.795586
-6.0,7,64148.432883
-6.0,7,64171.074901
-6.0,7,64193.705013
-6.0,7,64216.299599
-6.0,7,64238.930111
-6.0,7,64261.637822
-6.0,7,64284.437881
-6.0,7,64307.073786
-6.0,7,64329.673337
-6.0,7,64352.305411
-6.0,7,64374.931006
-6.0,7,64397.531324
-6.0,7,64420.175707
-6.0,7,64442.70437
-6.0,7,64465.327416
-6.0,7,64487.920841
-6.0,7,64510.656749
-6.0,7,64533.30108
-6.0,7,64555.897267
-6.0,7,64578.516305
-6.0,7,64601.129919
-6.0,7,64623.598279
-6.0,7,64646.183594
-6.0,7,64668.96225
-6.0,7,64691.593413
-6.0,7,64714.182152
-6.0,7,64736.810016
-6.0,7,64759.433119
-6.0,7,64782.070498
-6.0,7,64804.533707
-6.0,7,64827.339442
-6.0,7,64850.086258
-6.0,7,64872.721068
-6.0,7,64895.327932
-6.0,7,64918.002897
-6.0,7,64940.597107
-6.0,7,64963.1742
-6.0,7,64985.899129
-6.0,7,65008.55585
-6.0,7,65031.243885
-6.0,7,65053.91638
