#{"t_start": 1661092150.4813974, "env_id": null}
r,l,t
3.873333,6,24.059483
8.466667,7,47.418468
5.53,7,70.521269
7.71,7,94.137965
9.49,7,117.615401
7.983333,7,140.569611
8.516667,7,163.746088
10.97,7,187.174829
9.92,7,210.598776
4.106667,7,233.722964
8.36,7,256.923645
9.37,7,280.491883
6.41,7,303.623708
10.3,7,327.047034
11.07,7,350.415935
12.6,7,374.072341
6.166667,7,397.526778
10.5,7,421.082393
10.63,7,444.5
6.43,7,467.606777
12.44,7,491.12706
12.16,7,514.875143
9.573333,7,537.881262
10.543333,7,561.534296
12.54,7,585.203555
11.36,7,608.614806
5.753333,7,631.772072
9.726667,7,655.579484
11.74,7,679.41349
8.743333,7,702.466435
10.33,7,726.038962
10.65,7,749.489137
12.19,7,773.407866
6.556667,7,796.781551
11.57,7,820.494858
9.79,7,844.020206
6.14,7,867.186706
11.19,7,890.624769
11.8,7,914.013847
11.76,7,937.189252
8.483333,7,960.888015
11.08,7,985.037758
11.64,7,1008.583206
7.276667,7,1032.097127
11.48,7,1055.27617
10.86,7,1078.596143
8.766667,7,1101.421906
9.726667,7,1124.889473
9.64,7,1148.469455
9.673333,7,1172.150328
6.346667,7,1195.298025
11.51,7,1218.9279
12.06,7,1242.401159
7.33,7,1265.435807
10.73,7,1288.699122
11.89,7,1312.286822
10.84,7,1336.065347
5.55,7,1359.481301
9.26,7,1383.104311
12.22,7,1407.232198
7.473333,7,1430.602905
11.72,7,1454.241761
10.84,7,1477.508894
8.206667,7,1500.574751
8.96,7,1524.16879
12.47,7,1547.960364
10.26,7,1571.585849
6.35,7,1595.167792
11.57,7,1618.7801
12.49,7,1642.277728
7.473333,7,1665.312075
7.08,7,1688.802414
9.76,7,1712.567637
11.37,7,1736.175246
5.386667,7,1759.269913
11.62,7,1783.053088
10.71,7,1806.574313
6.743333,7,1829.884231
8.156667,7,1852.895002
10.84,7,1876.156513
10.01,7,1899.580158
5.693333,7,1922.940876
11.26,7,1946.754972
11.33,7,1970.666218
6.676667,7,1994.31269
12.86,7,2017.999399
11.09,7,2041.239302
7.756667,7,2064.235244
10.696667,7,2087.874047
13.04,7,2111.640633
12.67,7,2135.451448
5.94,7,2158.645804
10.0,7,2181.663305
11.21,7,2204.884201
6.023333,7,2227.662812
12.3,7,2251.574579
11.76,7,2275.249111
11.6,7,2299.318531
8.073333,7,2323.098418
12.0,7,2346.633571
11.59,7,2370.380064
8.116667,7,2393.908459
10.57,7,2417.09573
12.07,7,2440.660337
10.79,7,2463.955339
9.776667,7,2487.780489
11.36,7,2511.669661
12.18,7,2535.083647
6.426667,7,2558.31747
11.92,7,2582.248185
11.57,7,2605.62779
8.226667,7,2628.720283
12.08,7,2652.399051
11.87,7,2675.940109
11.68,7,2699.614372
7.186667,7,2723.089414
12.0,7,2746.645869
12.24,7,2770.288814
6.593333,7,2793.649229
12.56,7,2817.121855
12.09,7,2840.825237
10.836667,7,2864.01947
7.75,7,2887.481546
12.47,7,2911.420332
12.45,7,2935.070565
7.043333,7,2958.562952
12.49,7,2982.090574
10.44,7,3005.49538
9.25,7,3028.919735
10.44,7,3052.951645
11.51,7,3076.642399
11.7,7,3100.211229
7.62,7,3123.89569
12.63,7,3147.633588
12.44,7,3171.337176
7.223333,7,3194.726719
12.81,7,3218.562465
11.83,7,3242.835125
10.696667,7,3265.863546
9.09,7,3289.872337
12.14,7,3313.782775
11.8,7,3337.455806
6.136667,7,3360.587044
12.49,7,3384.017036
10.27,7,3407.264312
7.39,7,3430.393318
10.47,7,3453.940021
12.57,7,3478.024742
13.21,7,3501.567571
6.69,7,3524.858437
12.03,7,3548.240364
12.0,7,3571.774395
7.073333,7,3595.041908
11.77,7,3618.847821
9.91,7,3642.226467
11.34,7,3665.649303
7.743333,7,3689.330654
11.34,7,3713.275735
9.76,7,3736.280318
4.9,7,3759.44657
10.87,7,3782.858938
11.8,7,3806.5988
9.256667,7,3829.609154
8.796667,7,3853.409306
8.19,7,3876.707453
8.426667,7,3899.832473
6.943333,7,3923.011457
12.56,7,3946.666579
12.22,7,3970.551308
7.616667,7,3993.485584
9.006667,7,4017.244931
11.07,7,4041.078466
10.243333,7,4064.028653
6.133333,7,4087.598215
10.36,7,4111.010121
11.27,7,4134.573707
5.11,7,4157.564261
7.073333,7,4180.702934
12.08,7,4204.381456
12.08,7,4227.647623
5.596667,7,4250.853041
10.98,7,4274.393469
12.07,7,4297.769802
6.08,7,4321.001299
12.27,7,4344.86704
10.016667,7,4368.053855
8.24,7,4391.175154
6.31,7,4414.471473
10.156667,7,4437.404794
10.543333,7,4460.944509
7.153333,7,4484.057967
9.8,7,4506.984634
9.743333,7,4530.496445
7.193333,7,4553.471359
8.703333,7,4577.464012
11.33,7,4601.211709
8.76,7,4624.607327
6.863333,7,4647.942019
7.81,7,4670.766227
9.893333,7,4694.45058
6.54,7,4717.620861
9.8,7,4741.224345
9.32,7,4764.736342
10.46,7,4788.272429
6.873333,7,4811.663506
9.56,7,4835.323976
9.183333,7,4858.599911
6.636667,7,4881.928423
10.09,7,4905.49647
6.7,7,4928.323215
7.36,7,4951.156839
3.866667,7,4973.975924
10.073333,7,4997.768972
7.236667,7,5020.45364
3.56,7,5043.021922
9.236667,7,5066.255327
8.833333,7,5089.759025
8.403333,7,5113.185539
7.01,7,5137.088386
8.65,7,5160.553248
7.353333,7,5184.159057
4.22,7,5207.116166
9.56,7,5230.14745
6.886667,7,5252.963315
6.8,7,5275.93992
9.16,7,5299.697202
6.726667,7,5322.6728
8.51,7,5345.724004
5.153333,7,5369.368567
8.74,7,5392.689436
8.07,7,5415.630795
4.51,7,5438.361855
10.9,7,5462.326992
9.06,7,5485.905963
10.11,7,5509.090158
4.306667,7,5532.180386
8.216667,7,5555.507944
11.2,7,5579.178615
6.59,7,5602.525607
8.86,7,5625.847965
9.91,7,5649.304319
7.576667,7,5672.334198
3.903333,7,5695.535625
7.31,7,5718.768677
7.453333,7,5741.578526
5.736667,7,5764.794922
8.57,7,5788.160779
9.3,7,5811.465019
7.656667,7,5834.480495
5.043333,7,5857.59811
8.4,7,5880.517994
8.466667,7,5904.305542
5.69,7,5927.516468
7.42,7,5950.392889
6.63,7,5972.979949
8.63,7,5996.144013
7.566667,7,6019.401417
8.396667,7,6042.984966
7.786667,7,6066.233245
5.576667,7,6089.667051
7.166667,7,6112.867285
6.893333,7,6135.736855
7.43,7,6158.516748
6.11,7,6181.622704
7.916667,7,6205.000683
6.976667,7,6228.122526
4.616667,7,6251.036889
7.013333,7,6274.037266
7.133333,7,6296.791366
7.01,7,6319.621258
6.746667,7,6342.519944
7.076667,7,6365.3928
5.736667,7,6388.171039
5.24,7,6410.986319
6.4,7,6433.913969
7.48,7,6456.903314
5.71,7,6479.73156
6.0,7,6502.770503
7.34,7,6525.392364
5.93,7,6548.046409
5.343333,7,6571.257772
7.813333,7,6594.551611
6.773333,7,6617.117013
5.283333,7,6640.483857
5.783333,7,6663.315166
6.87,7,6686.293506
7.196667,7,6708.97239
4.86,7,6731.851624
7.236667,7,6755.091695
9.46,7,6778.723068
5.906667,7,6801.308197
5.393333,7,6824.381947
8.546667,7,6848.014544
6.783333,7,6870.799012
5.713333,7,6893.722285
6.286667,7,6916.432741
6.14,7,6939.439556
7.31,7,6962.28699
6.83,7,6985.226289
8.2,7,7008.531803
7.35,7,7031.493474
4.643333,7,7054.77928
7.236667,7,7077.47442
8.186667,7,7100.85073
4.72,7,7123.871924
7.69,7,7147.753619
8.66,7,7171.017399
9.53,7,7194.916729
4.443333,7,7217.957455
9.8,7,7241.342989
7.416667,7,7264.072613
5.21,7,7286.760831
9.27,7,7310.814317
7.133333,7,7333.796746
7.323333,7,7357.065858
4.186667,7,7380.19225
9.17,7,7403.305371
8.496667,7,7426.579705
5.496667,7,7449.453628
12.77,7,7472.894995
7.606667,7,7496.924428
6.71,7,7519.883277
6.336667,7,7543.398613
7.646667,7,7566.261951
8.416667,7,7589.088058
5.7,7,7612.624904
9.06,7,7636.198331
6.92,7,7658.983341
6.406667,7,7681.762136
4.706667,7,7704.823221
7.37,7,7727.825042
8.46,7,7751.34639
5.956667,7,7774.714398
7.356667,7,7798.158343
7.6,7,7820.767165
8.46,7,7843.598783
6.22,7,7866.971384
8.686667,7,7890.588352
6.923333,7,7913.26861
3.846667,7,7935.858866
5.996667,7,7958.75369
6.663333,7,7982.323638
6.603333,7,8005.092968
6.476667,7,8028.189823
7.06,7,8051.440567
6.296667,7,8075.154396
4.663333,7,8097.964794
8.003333,7,8121.204804
10.4,7,8144.719697
5.703333,7,8167.836909
9.23,7,8191.370762
8.37,7,8214.466197
8.36,7,8237.648988
5.86,7,8260.660127
9.4,7,8284.099784
10.5,7,8307.784445
6.863333,7,8330.866483
9.416667,7,8354.344246
8.266667,7,8377.101857
10.84,7,8400.348094
4.29,7,8423.310633
9.023333,7,8446.896577
7.79,7,8469.818813
6.516667,7,8493.312603
10.99,7,8516.493577
10.13,7,8539.701858
10.293333,7,8562.732723
6.773333,7,8586.268458
7.493333,7,8609.448645
7.97,7,8632.346615
6.493333,7,8655.903021
9.4,7,8679.148387
10.31,7,8702.846271
7.47,7,8725.677193
8.7,7,8748.64335
10.26,7,8772.040532
10.62,7,8795.525838
5.98,7,8818.721842
9.926667,7,8841.864444
7.74,7,8864.970837
7.076667,7,8887.946579
10.193333,7,8911.614259
10.74,7,8935.016709
7.463333,7,8958.044028
6.636667,7,8981.316278
9.93,7,9004.492138
10.71,7,9028.353173
5.81,7,9051.515048
11.26,7,9075.480088
11.7,7,9099.269989
12.4,7,9122.552582
7.376667,7,9145.982151
11.43,7,9169.458058
12.16,7,9192.817809
6.61,7,9215.983764
11.77,7,9239.647269
12.0,7,9263.342558
10.95,7,9286.549464
9.593333,7,9309.808601
11.6,7,9333.360203
9.7,7,9356.909947
8.016667,7,9380.494532
11.97,7,9404.160963
13.2,7,9427.688423
7.653333,7,9450.625507
10.3,7,9474.427988
12.21,7,9497.661258
9.496667,7,9521.066824
6.09,7,9544.356519
10.5,7,9567.904878
9.023333,7,9590.909039
6.513333,7,9613.883906
9.33,7,9637.023397
9.94,7,9660.399523
11.68,7,9683.727547
4.856667,7,9706.940725
11.24,7,9730.315132
11.37,7,9754.137895
6.176667,7,9777.178185
8.39,7,9800.302818
8.22,7,9823.369812
9.57,7,9846.635075
6.976667,7,9869.878741
11.27,7,9893.42389
11.66,7,9917.637135
5.82,7,9941.365944
8.233333,7,9964.366009
6.89,7,9987.971617
6.65,7,10011.5308
9.89,7,10035.376449
11.63,7,10058.756782
10.56,7,10082.094291
7.73,7,10105.429002
10.37,7,10128.831437
11.17,7,10152.388113
6.25,7,10175.419507
7.41,7,10198.995339
9.88,7,10222.465731
8.446667,7,10245.683307
7.456667,7,10269.154007
8.45,7,10292.50705
7.53,7,10316.251135
5.21,7,10339.39353
9.36,7,10362.836693
8.463333,7,10385.892364
9.35,7,10408.895698
6.226667,7,10432.071235
11.37,7,10455.695674
7.526667,7,10479.108253
6.426667,7,10502.66195
9.57,7,10526.105912
10.34,7,10550.037844
8.42,7,10573.059249
8.243333,7,10596.501093
10.23,7,10619.82633
10.83,7,10643.096245
5.993333,7,10666.4514
8.58,7,10689.937161
6.8,7,10712.966572
5.303333,7,10736.03881
6.886667,7,10759.407433
8.133333,7,10782.578584
7.99,7,10805.506587
4.8,7,10828.425668
9.69,7,10852.013574
10.196667,7,10874.986609
5.233333,7,10898.263727
7.1,7,10921.642854
6.826667,7,10944.414511
8.93,7,10967.673914
4.823333,7,10990.889006
5.266667,7,11013.518596
8.166667,7,11037.076427
5.373333,7,11060.348824
10.11,7,11083.802738
8.76,7,11107.117504
6.76,7,11129.756489
2.44,7,11152.781249
8.72,7,11175.746264
6.696667,7,11198.899541
3.61,7,11222.222798
5.916667,7,11245.186723
5.816667,7,11268.51736
7.073333,7,11291.85959
9.466667,7,11315.853759
7.756667,7,11338.99301
9.063333,7,11362.473716
4.75,7,11385.918787
5.95,7,11408.833956
8.75,7,11432.682875
5.23,7,11455.496953
5.203333,7,11478.550802
7.77,7,11501.619542
7.37,7,11524.686883
4.826667,7,11548.025298
6.16,7,11571.093626
9.583333,7,11594.937742
5.153333,7,11617.773795
5.706667,7,11640.956323
8.34,7,11664.294909
8.536667,7,11687.908348
5.18,7,11711.230774
9.53,7,11734.287364
7.19,7,11757.514647
4.223333,7,11780.413869
6.913333,7,11803.783827
7.226667,7,11826.880135
8.3,7,11850.322406
3.41,7,11873.414552
7.133333,7,11896.201145
6.49,7,11918.694531
4.8,7,11941.360138
6.523333,7,11964.14141
7.846667,7,11987.552249
4.836667,7,12010.334872
2.323333,7,12033.688253
7.993333,7,12057.277577
8.606667,7,12081.165321
4.176667,7,12103.869727
6.38,7,12126.539212
7.23,7,12150.047905
6.61,7,12172.698488
2.26,7,12195.726366
6.546667,7,12218.666082
6.23,7,12241.265542
4.386667,7,12263.885717
8.94,7,12287.434322
6.476667,7,12310.220079
7.87,7,12333.677253
3.19,7,12356.953915
6.346667,7,12380.036254
7.54,7,12402.973734
0.733333,7,12425.506288
8.873333,7,12449.05489
7.623333,7,12471.684613
6.69,7,12494.484273
6.006667,7,12518.112153
6.263333,7,12541.138431
6.753333,7,12564.299488
4.006667,7,12587.213551
7.136667,7,12609.869372
8.58,7,12633.82873
6.966667,7,12656.528848
5.03,7,12679.416202
6.11,7,12702.462363
7.523333,7,12725.404794
3.883333,7,12748.477082
8.17,7,12771.917014
6.946667,7,12794.506197
6.37,7,12817.218616
4.323333,7,12840.487877
6.623333,7,12863.39153
5.8,7,12886.188376
3.82,7,12909.03915
5.686667,7,12931.933264
6.4,7,12954.782139
7.076667,7,12977.540383
5.62,7,13000.838326
6.363333,7,13023.475289
6.113333,7,13046.120942
4.796667,7,13069.624632
8.66,7,13093.139178
6.193333,7,13116.179779
6.79,7,13138.922083
4.8,7,13162.338066
7.45,7,13185.23492
8.63,7,13208.930031
3.31,7,13231.733552
9.603333,7,13255.411367
6.153333,7,13277.962666
5.26,7,13300.876174
6.25,7,13323.816151
8.116667,7,13346.438647
6.513333,7,13369.880856
5.233333,7,13393.05303
6.626667,7,13415.743773
6.42,7,13438.779748
6.02,7,13461.696844
5.483333,7,13484.617434
6.0,7,13507.399136
6.993333,7,13530.648416
5.703333,7,13554.096085
6.476667,7,13576.568222
6.21,7,13599.598729
3.633333,7,13622.248986
5.953333,7,13645.760475
6.396667,7,13668.70046
6.526667,7,13691.752537
5.026667,7,13715.09785
6.486667,7,13737.740853
5.55,7,13760.769031
5.233333,7,13783.367615
4.996667,7,13806.640995
8.67,7,13830.434544
6.353333,7,13853.58086
3.496667,7,13876.919509
6.383333,7,13899.620143
8.506667,7,13923.416775
1.153333,7,13945.788901
8.556667,7,13969.644887
6.553333,7,13992.731427
5.836667,7,14015.531043
2.523333,7,14038.324409
4.693333,7,14061.335242
6.686667,7,14085.067779
3.9,7,14107.904913
5.66,7,14130.504398
9.27,7,14154.094783
7.253333,7,14177.289773
3.706667,7,14200.344587
7.763333,7,14223.239121
10.356667,7,14247.15212
5.113333,7,14270.616617
7.22,7,14293.304551
6.376667,7,14316.052314
8.556667,7,14338.97457
4.626667,7,14361.680995
6.243333,7,14384.932408
5.406667,7,14407.943055
3.796667,7,14430.955126
5.933333,7,14453.476953
7.86,7,14477.263539
7.683333,7,14499.871452
3.513333,7,14522.694191
6.68,7,14545.661956
7.283333,7,14568.712623
4.526667,7,14591.336946
7.553333,7,14615.010605
8.653333,7,14638.246794
8.003333,7,14661.489854
3.676667,7,14685.251381
7.946667,7,14708.979989
6.69,7,14732.137541
3.786667,7,14755.150695
9.756667,7,14778.778192
7.363333,7,14802.412094
5.823333,7,14825.718162
7.75,7,14849.777765
7.49,7,14872.968211
8.39,7,14896.547982
4.54,7,14920.291249
8.13,7,14943.375061
8.243333,7,14966.192265
5.03,7,14988.972237
9.26,7,15012.936349
6.913333,7,15035.775758
7.273333,7,15058.932706
0.946667,7,15081.440517
9.556667,7,15105.327606
5.656667,7,15128.435489
3.436667,7,15151.208183
7.896667,7,15174.854974
7.146667,7,15198.09796
7.466667,7,15221.672212
2.23,7,15245.118946
6.13,7,15267.625235
7.24,7,15290.993598
3.58,7,15313.60055
9.81,7,15337.643855
6.666667,7,15361.186306
5.463333,7,15383.903254
3.593333,7,15407.648039
6.98,7,15430.510126
2.07,7,15452.974837
3.656667,7,15475.724323
5.313333,7,15498.421227
7.536667,7,15521.663457
6.786667,7,15544.885298
0.79,7,15567.727602
7.203333,7,15591.215754
6.75,7,15613.951712
4.613333,7,15637.093268
1.89,7,15659.746564
6.923333,7,15682.659156
6.926667,7,15705.799499
4.286667,7,15728.805667
6.923333,7,15751.835943
6.936667,7,15774.476495
3.436667,7,15797.054575
6.793333,7,15819.908542
6.586667,7,15843.007279
6.456667,7,15865.800146
3.94,7,15888.596349
6.066667,7,15911.518442
5.92,7,15934.242721
3.606667,7,15957.214807
6.18,7,15979.772338
5.61,7,16002.840212
6.423333,7,16025.818856
3.92,7,16048.952157
7.32,7,16071.802702
6.513333,7,16094.776702
2.89,7,16118.465618
6.38,7,16141.375358
6.666667,7,16163.983268
5.08,7,16186.559364
4.51,7,16209.329598
5.803333,7,16232.03848
5.77,7,16255.181731
3.543333,7,16278.123913
6.243333,7,16301.122061
6.826667,7,16323.940451
6.393333,7,16346.56869
3.586667,7,16369.28538
5.24,7,16391.75457
5.946667,7,16414.660474
2.38,7,16437.280737
6.09,7,16460.066815
5.85,7,16482.919559
5.62,7,16505.681694
1.06,7,16528.567298
6.026667,7,16551.158535
6.236667,7,16574.280364
4.536667,7,16597.296025
3.213333,7,16619.955969
4.406667,7,16642.469137
4.77,7,16665.009986
1.576667,7,16688.334594
3.803333,7,16711.915811
1.396667,7,16734.379623
1.21,7,16756.99884
5.933333,7,16779.674937
5.566667,7,16802.476864
5.32,7,16825.810263
0.94,7,16848.741651
5.866667,7,16871.484303
5.646667,7,16894.105585
4.206667,7,16916.791693
0.63,7,16939.482055
4.183333,7,16962.10426
6.563333,7,16984.76002
1.676667,7,17007.857071
6.586667,7,17030.644612
5.8,7,17053.340631
4.993333,7,17075.802123
3.786667,7,17098.289898
5.326667,7,17121.973834
6.276667,7,17144.666139
3.836667,7,17168.231745
6.123333,7,17191.238942
6.216667,7,17213.887091
5.24,7,17236.707232
6.25,7,17259.830939
5.646667,7,17282.494296
5.33,7,17305.418449
1.813333,7,17328.248065
5.83,7,17351.110276
5.323333,7,17374.679136
5.196667,7,17398.080926
5.393333,7,17420.932218
5.94,7,17443.470696
6.34,7,17466.190458
5.34,7,17490.151245
5.546667,7,17512.998238
5.213333,7,17535.516237
4.983333,7,17558.168916
6.313333,7,17580.719759
5.786667,7,17603.472247
4.463333,7,17626.398509
5.606667,7,17649.911431
4.45,7,17673.088311
5.593333,7,17696.092411
4.283333,7,17718.665041
6.65,7,17741.711796
4.84,7,17765.129439
5.303333,7,17788.108325
1.22,7,17811.327482
4.183333,7,17833.904623
5.726667,7,17856.749655
4.343333,7,17879.527364
5.95,7,17902.518672
6.253333,7,17925.367287
3.85,7,17947.906038
2.886667,7,17971.929679
6.2,7,17994.640789
5.84,7,18017.510986
3.39,7,18040.418379
5.923333,7,18063.275479
5.163333,7,18085.878317
6.326667,7,18108.640614
3.003333,7,18132.161467
3.58,7,18155.509442
5.86,7,18178.187977
3.286667,7,18200.899799
4.603333,7,18224.146843
5.54,7,18246.888145
6.236667,7,18269.768852
4.116667,7,18293.007725
4.49,7,18315.833795
5.25,7,18338.74239
5.166667,7,18361.861655
5.206667,7,18384.621997
4.17,7,18407.757873
5.066667,7,18430.391141
3.373333,7,18454.186874
5.833333,7,18477.759113
5.413333,7,18501.442309
5.853333,7,18525.210947
5.786667,7,18548.619412
4.536667,7,18571.739401
4.923333,7,18595.151186
3.44,7,18618.039587
5.786667,7,18641.066287
5.653333,7,18664.705177
5.39,7,18687.66734
4.876667,7,18710.655265
4.86,7,18733.548562
5.86,7,18756.329319
3.173333,7,18779.008139
6.983333,7,18802.09952
6.023333,7,18825.097726
4.466667,7,18848.793587
3.303333,7,18871.653803
5.21,7,18894.247555
5.196667,7,18916.835305
4.536667,7,18939.378589
7.21,7,18962.976822
5.843333,7,18986.186046
5.426667,7,19009.087562
5.77,7,19032.026659
5.446667,7,19054.662546
3.496667,7,19078.069816
5.166667,7,19100.942131
4.16,7,19123.724008
6.213333,7,19146.951022
4.986667,7,19169.523091
6.013333,7,19192.040365
3.943333,7,19215.184024
3.733333,7,19237.697207
7.1,7,19261.207266
5.79,7,19283.715656
3.886667,7,19306.531266
3.673333,7,19329.596571
6.433333,7,19352.479611
6.07,7,19375.404203
5.55,7,19398.211179
3.203333,7,19420.913929
7.466667,7,19444.189959
7.48,7,19466.796499
3.233333,7,19489.685956
5.176667,7,19512.479899
8.893333,7,19536.426566
4.423333,7,19559.015981
3.29,7,19581.698414
6.446667,7,19604.328022
6.853333,7,19627.303907
3.89,7,19649.675436
6.733333,7,19673.053625
5.016667,7,19696.256331
4.896667,7,19718.856904
7.103333,7,19742.489153
5.116667,7,19765.364384
6.25,7,19788.115918
3.88,7,19811.129711
6.763333,7,19833.639604
3.57,7,19856.152761
4.9,7,19879.033697
1.87,7,19901.865907
6.146667,7,19924.680773
6.716667,7,19947.339051
3.416667,7,19970.251032
5.05,7,19992.952604
5.31,7,20015.486379
5.84,7,20038.177675
4.493333,7,20060.792593
5.966667,7,20083.293025
6.546667,7,20105.990362
2.566667,7,20129.118477
5.073333,7,20152.066339
5.716667,7,20174.76568
5.99,7,20197.343769
3.786667,7,20220.102237
6.646667,7,20242.956277
6.566667,7,20265.758994
3.856667,7,20288.774553
5.973333,7,20311.817304
7.33,7,20334.740652
6.786667,7,20357.273939
1.906667,7,20379.727008
6.263333,7,20402.340783
5.833333,7,20425.226325
2.643333,7,20448.048944
4.986667,7,20470.912964
5.23,7,20493.820607
3.953333,7,20516.853859
3.93,7,20540.628567
4.94,7,20563.371993
6.586667,7,20586.11289
3.78,7,20609.000124
7.75,7,20631.713687
6.553333,7,20654.489017
7.0,7,20677.509342
1.05,7,20700.752537
6.55,7,20723.362157
7.066667,7,20746.395252
-0.416667,7,20768.83345
6.693333,7,20791.878808
5.216667,7,20814.430035
6.4,7,20837.792857
4.07,7,20861.255321
4.896667,7,20883.817625
4.396667,7,20906.432099
3.73,7,20928.869832
2.93,7,20951.361006
6.193333,7,20974.041797
6.97,7,20997.362906
3.81,7,21021.154188
7.986667,7,21043.94298
5.256667,7,21066.673901
5.6,7,21090.133569
6.953333,7,21112.56276
5.923333,7,21135.474674
7.98,7,21158.5341
4.546667,7,21182.146121
6.23,7,21205.105504
6.733333,7,21227.948932
2.553333,7,21250.552359
5.493333,7,21273.065634
7.01,7,21295.533235
4.25,7,21318.084457
0.956667,7,21340.602579
7.05,7,21363.640267
5.803333,7,21386.969989
5.19,7,21409.664279
5.95,7,21432.186772
3.793333,7,21454.640683
6.61,7,21477.130173
3.323333,7,21499.714417
5.743333,7,21522.370878
8.88,7,21545.997317
2.763333,7,21568.837795
3.76,7,21591.311503
4.243333,7,21613.798906
6.62,7,21637.296748
2.896667,7,21660.489637
3.356667,7,21683.087461
5.893333,7,21705.978347
4.996667,7,21728.539529
6.413333,7,21751.624665
6.86,7,21774.750585
2.93,7,21797.207961
1.893333,7,21819.711482
5.883333,7,21842.121829
5.726667,7,21864.668845
4.906667,7,21887.380885
5.053333,7,21910.300437
5.623333,7,21932.946161
4.853333,7,21955.558497
1.126667,7,21978.048677
2.63,7,22000.528036
6.23,7,22022.947332
2.25,7,22045.455557
4.083333,7,22068.447624
6.74,7,22091.456226
4.2,7,22114.097758
4.29,7,22137.503
4.086667,7,22159.972842
2.63,7,22182.443684
5.436667,7,22205.508038
3.446667,7,22228.348934
2.996667,7,22250.859917
5.113333,7,22273.340346
2.763333,7,22296.132344
6.173333,7,22319.64496
5.186667,7,22342.146684
3.96,7,22364.699572
3.376667,7,22387.392153
4.56,7,22410.117559
4.746667,7,22432.857269
2.556667,7,22455.383644
5.833333,7,22478.435753
7.94,7,22501.84417
5.91,7,22524.694014
3.286667,7,22547.327183
5.026667,7,22570.418298
3.9,7,22593.132805
3.966667,7,22616.064891
8.016667,7,22639.517987
5.71,7,22662.145528
5.103333,7,22684.724745
3.96,7,22708.283093
3.286667,7,22730.76648
7.456667,7,22753.214487
2.383333,7,22775.780762
6.966667,7,22798.927644
3.64,7,22821.661522
6.12,7,22844.565624
4.013333,7,22867.405343
6.383333,7,22890.897871
4.88,7,22913.303205
4.28,7,22936.617362
5.026667,7,22959.174462
7.163333,7,22982.329718
7.953333,7,23005.138171
3.453333,7,23028.84895
5.683333,7,23051.358278
9.713333,7,23074.863575
1.23,7,23097.411502
6.97,7,23119.877247
6.05,7,23142.534119
6.773333,7,23165.948558
3.113333,7,23189.430068
5.933333,7,23212.336587
7.2,7,23235.091912
4.19,7,23258.119328
8.213333,7,23281.832421
5.843333,7,23304.315012
3.063333,7,23326.815823
2.293333,7,23349.353787
5.316667,7,23371.916503
5.273333,7,23395.096689
2.9,7,23418.164632
7.226667,7,23440.986232
6.89,7,23463.693618
4.1,7,23486.556852
6.353333,7,23509.343544
7.19,7,23533.049334
5.48,7,23556.523637
5.176667,7,23579.761031
2.253333,7,23602.274886
4.893333,7,23624.850363
5.833333,7,23647.397525
4.116667,7,23669.973514
4.223333,7,23692.527385
5.57,7,23715.986192
5.336667,7,23739.247294
3.93,7,23761.796052
6.07,7,23784.612108
5.83,7,23807.200511
4.603333,7,23830.074627
5.59,7,23852.93111
7.26,7,23876.092236
3.95,7,23898.850435
5.816667,7,23922.00122
7.113333,7,23945.183904
7.02,7,23967.997508
3.25,7,23991.613901
4.21,7,24014.032488
6.536667,7,24036.40258
2.683333,7,24059.287274
3.766667,7,24081.905822
4.896667,7,24104.418643
7.166667,7,24127.348975
3.403333,7,24150.520687
4.536667,7,24173.383697
5.643333,7,24197.027002
2.606667,7,24219.514037
7.026667,7,24242.262867
5.493333,7,24265.063068
6.493333,7,24288.088605
3.576667,7,24311.361903
6.043333,7,24334.364577
5.63,7,24356.94091
3.76,7,24379.577596
6.45,7,24402.729402
4.943333,7,24425.540186
4.306667,7,24448.564665
3.996667,7,24471.982152
7.743333,7,24495.699089
8.253333,7,24518.344243
4.946667,7,24541.558669
7.02,7,24564.358556
7.32,7,24587.051736
6.446667,7,24609.91519
0.263333,7,24632.445483
4.803333,7,24655.113451
4.373333,7,24677.669047
4.78,7,24700.746244
6.74,7,24724.308854
5.296667,7,24747.663531
6.673333,7,24770.136485
5.306667,7,24793.065449
7.303333,7,24816.351664
3.52,7,24839.021028
5.826667,7,24862.275691
2.96,7,24884.774163
5.933333,7,24907.800659
6.186667,7,24930.830432
3.78,7,24953.408917
5.616667,7,24976.052208
7.31,7,24999.656149
5.55,7,25022.77878
6.333333,7,25045.710751
5.31,7,25068.34281
7.126667,7,25091.37927
4.72,7,25115.164802
6.436667,7,25137.598543
7.053333,7,25160.683751
3.853333,7,25183.523084
3.693333,7,25206.11756
3.553333,7,25228.750635
6.036667,7,25251.825124
2.91,7,25274.906287
6.77,7,25298.5889
6.286667,7,25321.090037
2.66,7,25343.92445
8.06,7,25367.670494
3.336667,7,25390.10798
5.043333,7,25412.787779
5.01,7,25435.42047
6.31,7,25458.010309
5.576667,7,25481.646203
4.9,7,25504.668297
6.44,7,25527.278502
6.686667,7,25550.323791
5.936667,7,25573.529524
3.186667,7,25596.466281
6.183333,7,25619.057382
4.526667,7,25642.479807
5.526667,7,25666.185281
7.726667,7,25689.569013
6.663333,7,25712.336395
4.106667,7,25735.329062
7.01,7,25759.075499
3.633333,7,25781.594911
3.613333,7,25804.057321
3.806667,7,25827.082134
7.0,7,25849.852337
10.44,7,25873.247134
3.666667,7,25895.749594
8.34,7,25919.362316
6.57,7,25941.92814
10.253333,7,25965.653844
3.976667,7,25988.458676
6.603333,7,26011.026767
6.79,7,26034.445518
2.903333,7,26057.126553
7.583333,7,26080.970478
7.67,7,26104.735585
4.01,7,26127.327061
4.24,7,26150.804909
5.64,7,26173.836056
9.503333,7,26197.181826
4.046667,7,26219.692797
6.733333,7,26242.164948
9.026667,7,26266.087226
5.59,7,26288.962971
3.483333,7,26312.380172
5.736667,7,26335.364623
5.046667,7,26358.005055
3.936667,7,26380.576731
6.91,7,26403.985699
7.173333,7,26426.784512
4.666667,7,26450.095742
1.563333,7,26472.58745
5.136667,7,26495.132042
5.443333,7,26518.020385
4.076667,7,26541.008185
7.606667,7,26563.835947
7.18,7,26586.420857
6.823333,7,26608.881936
3.2,7,26632.052333
5.333333,7,26654.700421
5.946667,7,26677.977049
3.586667,7,26700.950561
6.926667,7,26723.907351
7.506667,7,26747.202582
5.41,7,26769.953182
1.786667,7,26792.470503
3.98,7,26815.108413
5.76,7,26837.82247
4.846667,7,26860.560146
5.56,7,26883.776169
5.13,7,26907.474844
4.563333,7,26930.193784
0.936667,7,26952.693906
5.873333,7,26976.226995
3.743333,7,26998.676497
3.96,7,27021.825528
5.153333,7,27044.482442
4.72,7,27067.113005
4.796667,7,27090.11706
2.636667,7,27113.060313
7.353333,7,27136.563587
4.966667,7,27159.107236
4.293333,7,27181.670224
5.736667,7,27204.801446
7.166667,7,27228.523235
4.533333,7,27251.321126
0.226667,7,27273.754943
4.336667,7,27296.15402
6.946667,7,27319.000461
3.613333,7,27341.425899
7.64,7,27364.93793
6.673333,7,27388.109766
5.28,7,27410.724286
2.616667,7,27433.2386
7.84,7,27456.470106
5.236667,7,27479.324698
4.96,7,27501.999363
5.63,7,27524.582785
4.246667,7,27547.151945
6.693333,7,27570.414182
3.226667,7,27593.083545
5.81,7,27615.719123
3.5,7,27638.20527
6.366667,7,27661.633131
5.463333,7,27684.366409
3.536667,7,27706.752332
6.453333,7,27729.726271
4.936667,7,27753.416993
6.54,7,27777.164264
5.53,7,27800.014263
4.223333,7,27822.555298
3.936667,7,27845.193257
5.37,7,27867.701529
3.866667,7,27890.058348
4.146667,7,27913.161511
6.55,7,27936.580149
6.593333,7,27960.034964
5.673333,7,27983.02586
7.726667,7,28006.396379
5.026667,7,28029.904604
5.476667,7,28052.463329
2.63,7,28074.867124
6.803333,7,28097.723443
6.263333,7,28121.020622
3.51,7,28144.41667
7.076667,7,28168.164884
-6.0,7,28191.129518
-6.0,7,28214.110877
-6.0,7,28237.050254
-6.0,7,28259.920096
-6.0,7,28282.95558
-6.0,7,28306.071968
-6.0,7,28329.09976
-6.0,7,28352.113131
-6.0,7,28375.125188
-6.0,7,28398.340115
-6.0,7,28421.338826
-6.0,7,28444.259437
-6.0,7,28467.35515
-6.0,7,28490.389855
-6.0,7,28513.423717
-6.0,7,28536.67689
-6.0,7,28559.762445
-6.0,7,28582.794644
-6.0,7,28605.730598
-6.0,7,28628.738781
-6.0,7,28651.747566
-6.0,7,28674.766977
-6.0,7,28697.988336
-6.0,7,28721.108259
-6.0,7,28744.209481
-6.0,7,28767.269459
-6.0,7,28790.291718
-6.0,7,28813.203884
-6.0,7,28836.214799
-6.0,7,28859.405158
-6.0,7,28882.482175
-6.0,7,28905.516248
-6.0,7,28928.527876
