#{"t_start": 1660943053.494248, "env_id": null}
r,l,t
5.286667,6,23.784519
9.11,7,46.832947
8.516667,7,69.812161
5.72,7,92.734692
9.16,7,115.677536
9.17,7,138.59484
5.79,7,161.276356
9.74,7,184.176723
8.73,7,207.167799
6.096667,7,230.042843
4.176667,7,252.759153
7.753333,7,275.6383
8.09,7,298.496845
6.343333,7,321.293696
7.866667,7,344.358127
10.13,7,367.355909
9.2,7,390.543694
5.476667,7,413.440377
8.84,7,436.545296
10.17,7,460.211145
7.183333,7,483.116221
12.0,7,506.414515
8.51,7,529.241093
10.73,7,552.279176
7.71,7,575.367999
11.03,7,598.607646
7.66,7,621.619108
5.506667,7,644.617418
11.53,7,668.245757
11.47,7,691.465243
8.49,7,714.020487
4.66,7,736.966154
11.09,7,760.384631
10.76,7,783.609051
5.91,7,806.403537
9.61,7,829.463894
7.576667,7,852.859982
8.11,7,875.666019
7.396667,7,898.899914
8.346667,7,921.783104
8.576667,7,944.843916
5.91,7,967.858897
9.27,7,990.899862
9.613333,7,1014.397366
10.633333,7,1037.592302
6.993333,7,1060.971095
6.98,7,1083.854621
10.17,7,1107.09078
5.163333,7,1130.116601
10.29,7,1153.301854
11.53,7,1176.728675
8.84,7,1199.582307
9.263333,7,1222.983789
11.67,7,1246.561721
8.296667,7,1269.378642
4.04,7,1292.170041
9.46,7,1315.191055
5.206667,7,1338.063904
6.633333,7,1360.83794
8.22,7,1384.261596
11.1,7,1407.612661
10.02,7,1430.915612
5.166667,7,1453.695491
6.29,7,1476.430154
9.33,7,1499.401089
7.546667,7,1522.259301
7.94,7,1545.390143
7.646667,7,1568.496606
10.62,7,1591.927073
6.48,7,1614.9801
7.536667,7,1637.977457
9.133333,7,1661.198967
7.366667,7,1683.90726
9.27,7,1707.157814
10.36,7,1730.298212
9.47,7,1753.123719
5.183333,7,1776.095192
10.48,7,1799.279659
9.4,7,1822.409511
7.07,7,1844.951784
8.91,7,1868.205822
9.99,7,1891.00359
9.63,7,1914.018795
5.883333,7,1937.118557
10.36,7,1960.143639
10.78,7,1983.385422
6.55,7,2005.888053
10.07,7,2029.093552
12.84,7,2052.164356
12.1,7,2075.585243
7.06,7,2098.797426
11.86,7,2122.034637
10.87,7,2145.115664
7.0,7,2167.731452
10.873333,7,2190.821937
12.86,7,2214.097286
10.04,7,2237.428114
7.836667,7,2260.755297
11.31,7,2283.897126
11.0,7,2307.029009
7.493333,7,2329.994724
10.75,7,2353.045956
12.7,7,2376.276427
9.98,7,2399.287033
7.953333,7,2422.593266
10.56,7,2445.682342
11.43,7,2468.945408
8.61,7,2491.948601
12.63,7,2515.123792
11.88,7,2538.445638
10.77,7,2561.135968
6.76,7,2584.380841
10.346667,7,2607.639752
11.9,7,2630.915441
6.093333,7,2653.772903
12.62,7,2676.891538
11.73,7,2700.03736
10.986667,7,2722.824725
7.56,7,2745.730507
10.34,7,2768.722088
11.33,7,2791.708495
6.82,7,2814.890661
12.29,7,2838.534432
10.096667,7,2861.907752
10.573333,7,2884.777058
7.256667,7,2907.603601
12.54,7,2930.672926
7.276667,7,2953.376941
7.44,7,2976.645036
12.13,7,3000.077926
11.33,7,3022.993129
10.783333,7,3045.946545
9.506667,7,3068.985712
10.79,7,3092.289696
10.43,7,3115.126857
6.756667,7,3138.314722
13.07,7,3161.774976
12.66,7,3185.391947
8.583333,7,3208.062853
9.933333,7,3231.157493
12.1,7,3254.650208
11.3,7,3278.077917
7.096667,7,3301.061917
10.67,7,3324.256554
6.936667,7,3347.230064
7.28,7,3370.023832
10.27,7,3393.146812
10.7,7,3416.404218
12.94,7,3439.62576
7.423333,7,3463.096377
12.94,7,3485.90139
8.93,7,3508.9459
7.733333,7,3531.754624
12.34,7,3555.037285
11.36,7,3578.386247
11.2,7,3601.742141
5.59,7,3624.859332
11.73,7,3648.384059
8.763333,7,3670.865276
5.64,7,3693.456943
9.38,7,3716.56383
12.23,7,3739.849473
10.056667,7,3763.006244
4.91,7,3785.956334
8.746667,7,3808.667422
11.51,7,3832.160578
7.28,7,3854.835283
8.013333,7,3877.449777
9.6,7,3900.650938
11.06,7,3923.800097
6.173333,7,3947.012678
10.08,7,3970.695664
10.693333,7,3994.078311
5.023333,7,4016.645558
9.706667,7,4039.818829
9.54,7,4062.83017
7.09,7,4085.640907
4.396667,7,4108.512192
10.04,7,4131.676861
10.77,7,4155.161945
4.22,7,4177.859206
10.1,7,4201.226935
10.726667,7,4224.445121
7.233333,7,4247.283487
7.75,7,4270.205696
7.896667,7,4292.84651
9.186667,7,4316.209655
4.803333,7,4338.918324
9.866667,7,4361.535876
10.273333,7,4384.935069
8.52,7,4407.615397
6.276667,7,4430.504364
9.053333,7,4453.922414
6.743333,7,4476.861105
4.133333,7,4499.441043
8.693333,7,4522.764714
8.653333,7,4546.056871
8.616667,7,4568.823828
5.806667,7,4591.802223
8.343333,7,4614.754049
9.8,7,4637.835483
6.603333,7,4661.056043
8.276667,7,4683.848757
10.416667,7,4707.038073
9.033333,7,4730.205298
5.423333,7,4753.265558
10.116667,7,4775.913033
11.0,7,4798.970595
3.883333,7,4821.706724
7.676667,7,4844.781931
7.6,7,4867.553695
9.36,7,4890.346314
5.673333,7,4913.37687
8.48,7,4936.556886
10.1,7,4959.306831
3.826667,7,4981.917089
7.813333,7,5005.051219
10.323333,7,5028.322304
9.633333,7,5051.110229
6.373333,7,5074.166165
8.08,7,5096.977341
9.283333,7,5119.785234
6.033333,7,5142.432316
7.17,7,5164.969797
10.2,7,5188.302323
10.183333,7,5211.230368
7.413333,7,5234.678122
10.37,7,5257.770884
8.903333,7,5280.784631
4.703333,7,5303.360432
10.63,7,5326.154897
8.466667,7,5349.043581
7.653333,7,5371.861902
7.046667,7,5394.597517
11.24,7,5417.544253
11.96,7,5441.122946
6.45,7,5464.122078
12.2,7,5487.60223
10.41,7,5510.581555
7.78,7,5533.187433
8.823333,7,5556.454839
9.216667,7,5579.275328
8.296667,7,5602.103627
6.6,7,5625.147778
8.826667,7,5648.167162
9.56,7,5671.783084
10.346667,7,5694.398553
9.033333,7,5717.239462
9.5,7,5740.247967
10.7,7,5763.616066
7.193333,7,5786.911056
12.16,7,5810.436483
11.83,7,5833.916523
7.963333,7,5856.55485
7.526667,7,5879.415152
9.7,7,5902.307564
12.04,7,5925.657028
6.64,7,5948.528989
9.1,7,5971.32215
10.19,7,5994.862143
9.163333,7,6017.482517
8.39,7,6040.821381
10.53,7,6063.848759
9.03,7,6086.657442
3.866667,7,6109.452497
7.353333,7,6132.34411
8.83,7,6155.203115
8.45,7,6177.886547
9.11,7,6200.817889
10.34,7,6223.707956
10.76,7,6246.615823
7.046667,7,6269.525422
8.76,7,6292.543789
7.083333,7,6315.323799
8.016667,7,6337.999269
8.243333,7,6361.106105
11.29,7,6384.331447
11.8,7,6407.286015
5.92,7,6429.98149
8.256667,7,6452.4892
10.8,7,6475.862398
10.293333,7,6498.6002
9.73,7,6522.316781
8.756667,7,6545.243297
9.56,7,6568.120553
4.743333,7,6590.859395
10.4,7,6613.70137
10.55,7,6636.597049
8.863333,7,6659.520576
8.823333,7,6682.625811
8.68,7,6705.323824
8.83,7,6728.472336
5.083333,7,6751.006267
8.12,7,6773.853813
11.0,7,6796.857999
6.776667,7,6819.355677
8.193333,7,6842.530513
10.42,7,6865.616445
9.9,7,6888.352277
6.903333,7,6911.42531
10.51,7,6934.663102
12.5,7,6958.236509
8.57,7,6980.798074
9.273333,7,7003.839611
9.61,7,7026.881618
10.46,7,7050.179076
6.563333,7,7072.998602
9.66,7,7095.920912
10.14,7,7119.368206
8.67,7,7142.01181
6.723333,7,7164.825268
7.866667,7,7187.513796
10.03,7,7210.599516
4.65,7,7233.315548
9.96,7,7256.322669
9.56,7,7279.267255
8.603333,7,7301.997545
9.286667,7,7325.601824
9.69,7,7348.434915
10.5,7,7371.35664
5.62,7,7394.262478
8.406667,7,7417.108436
7.836667,7,7439.850021
7.22,7,7462.3518
7.506667,7,7485.770056
7.633333,7,7508.632477
10.44,7,7531.45891
3.876667,7,7554.204126
7.103333,7,7577.657957
9.15,7,7600.937508
9.633333,7,7623.800478
7.286667,7,7646.611943
8.926667,7,7669.978379
10.47,7,7692.819205
5.956667,7,7715.573308
11.05,7,7738.70809
6.053333,7,7761.779505
6.88,7,7784.27422
7.603333,7,7807.492347
10.506667,7,7831.036022
7.846667,7,7853.771898
4.676667,7,7876.713326
11.3,7,7899.806978
8.94,7,7922.784409
5.186667,7,7945.427104
8.816667,7,7968.568145
9.07,7,7991.661794
9.59,7,8014.783614
5.266667,7,8037.568831
7.216667,7,8060.432376
8.776667,7,8083.321826
8.796667,7,8106.004089
9.503333,7,8129.126274
9.17,7,8152.315014
9.67,7,8175.131864
5.903333,7,8197.877405
8.113333,7,8220.628573
7.433333,7,8243.621804
7.25,7,8266.03117
9.546667,7,8289.149875
9.296667,7,8312.594924
8.716667,7,8335.3762
4.51,7,8358.100767
8.68,7,8381.510522
10.02,7,8404.612122
6.906667,7,8427.181829
7.34,7,8450.009922
7.44,7,8472.6984
6.86,7,8496.126818
5.22,7,8518.87454
8.893333,7,8542.058465
7.59,7,8564.8799
5.523333,7,8587.252878
6.216667,7,8610.642311
7.663333,7,8633.334715
6.706667,7,8655.947142
6.076667,7,8679.019326
7.013333,7,8701.789141
6.52,7,8724.195549
8.136667,7,8746.723028
6.143333,7,8770.057774
7.68,7,8792.942837
7.266667,7,8815.351434
5.573333,7,8838.491244
6.93,7,8861.462321
7.053333,7,8884.050472
8.183333,7,8906.72308
5.15,7,8929.512879
7.16,7,8953.121171
7.473333,7,8975.686648
6.79,7,8998.645586
8.483333,7,9021.322742
7.426667,7,9044.374008
8.056667,7,9066.829191
5.663333,7,9089.848468
8.67,7,9112.990915
7.24,7,9135.748961
6.42,7,9158.819812
8.18,7,9181.897933
9.053333,7,9204.622497
7.586667,7,9227.556836
4.873333,7,9250.38268
8.186667,7,9273.203027
8.766667,7,9296.058069
5.13,7,9318.794994
7.43,7,9341.570758
11.55,7,9364.634984
7.306667,7,9387.297527
7.06,7,9410.359547
8.07,7,9433.03899
6.976667,7,9455.551992
5.053333,7,9478.283066
8.726667,7,9501.543532
8.256667,7,9524.363356
10.07,7,9547.040308
5.82,7,9570.391451
7.66,7,9593.362303
7.693333,7,9616.64839
3.86,7,9639.055946
7.053333,7,9661.576051
8.34,7,9684.526359
6.113333,7,9707.372807
5.446667,7,9730.633687
8.91,7,9753.426318
6.246667,7,9775.99063
4.456667,7,9798.596911
4.136667,7,9820.882174
6.55,7,9843.966112
7.656667,7,9866.543587
4.99,7,9890.164593
7.18,7,9912.648369
6.446667,7,9935.148184
3.96,7,9957.99158
7.373333,7,9980.520725
6.893333,7,10003.169238
7.5,7,10026.225844
6.456667,7,10049.174881
6.65,7,10071.606081
6.316667,7,10093.892807
5.11,7,10116.288314
6.096667,7,10138.9393
6.686667,7,10161.630641
5.72,7,10183.950204
4.85,7,10206.183385
6.586667,7,10228.738347
6.533333,7,10251.381149
5.316667,7,10273.611568
6.74,7,10296.518652
5.41,7,10318.906483
5.08,7,10341.135861
4.523333,7,10364.127045
7.49,7,10387.137059
6.35,7,10410.335925
6.213333,7,10432.739002
5.67,7,10455.062769
5.833333,7,10477.473021
3.603333,7,10500.145406
2.703333,7,10522.799232
6.003333,7,10545.238572
5.556667,7,10567.558511
5.98,7,10589.880764
4.146667,7,10613.267969
6.54,7,10636.100151
6.32,7,10658.369398
3.526667,7,10680.934438
6.53,7,10703.487958
4.953333,7,10725.891455
6.61,7,10748.300154
4.886667,7,10771.371555
5.816667,7,10793.906968
3.45,7,10816.016427
0.033333,7,10838.164596
6.266667,7,10860.537102
4.876667,7,10882.72599
6.2,7,10905.15449
4.693333,7,10927.439225
4.4,7,10949.783806
2.683333,7,10971.941805
6.676667,7,10994.105817
3.66,7,11016.421275
2.926667,7,11038.823848
5.883333,7,11061.106774
3.883333,7,11083.478619
6.846667,7,11105.950715
5.86,7,11128.221688
5.26,7,11151.406885
0.89,7,11173.505357
5.973333,7,11195.702461
0.086667,7,11217.940008
3.35,7,11240.197988
6.603333,7,11262.693573
5.866667,7,11285.121483
5.39,7,11307.620271
3.38,7,11330.118698
6.333333,7,11352.317416
4.503333,7,11374.536771
5.113333,7,11396.817676
4.256667,7,11419.302171
5.903333,7,11441.573465
4.556667,7,11463.996146
5.78,7,11487.029485
-6.0,7,11509.60748
-6.0,7,11532.086291
-6.0,7,11554.877142
-6.0,7,11577.629718
-6.0,7,11600.316241
-6.0,7,11622.958192
-6.0,7,11645.63114
-6.0,7,11668.237944
-6.0,7,11690.853888
-6.0,7,11713.604092
-6.0,7,11736.478137
-6.0,7,11759.161305
-6.0,7,11781.810968
-6.0,7,11804.543575
-6.0,7,11827.241685
-6.0,7,11849.92143
-6.0,7,11872.711701
-6.0,7,11895.262786
-6.0,7,11917.857715
-6.0,7,11940.398432
-6.0,7,11963.137218
-6.0,7,11985.834717
-6.0,7,12008.501565
-6.0,7,12031.332136
-6.0,7,12053.999943
-6.0,7,12076.602894
-6.0,7,12099.281062
-6.0,7,12121.880797
-6.0,7,12144.503234
-6.0,7,12167.212675
-6.0,7,12189.871281
-6.0,7,12212.532194
-6.0,7,12235.185908
-6.0,7,12257.750927
-6.0,7,12280.575253
-6.0,7,12303.210198
-6.0,7,12325.8457
-6.0,7,12348.461759
-6.0,7,12371.082378
-6.0,7,12393.695394
-6.0,7,12416.264555
-6.0,7,12438.94421
-6.0,7,12461.662093
-6.0,7,12484.254745
-6.0,7,12506.848068
-6.0,7,12529.43329
-6.0,7,12552.11812
-6.0,7,12574.77418
-6.0,7,12597.627696
-6.0,7,12620.225974
-6.0,7,12642.842078
-6.0,7,12665.485
-6.0,7,12688.145015
-6.0,7,12710.730739
-6.0,7,12733.293515
-6.0,7,12756.059081
-6.0,7,12778.684368
-6.0,7,12801.146757
-6.0,7,12823.747841
-6.0,7,12846.339703
-6.0,7,12868.93408
-6.0,7,12891.490894
-6.0,7,12914.270119
-6.0,7,12936.962193
-6.0,7,12959.469341
-6.0,7,12981.853601
-6.0,7,13004.43444
-6.0,7,13026.936974
-6.0,7,13049.514661
-6.0,7,13072.315755
-6.0,7,13095.066828
-6.0,7,13117.69098
-6.0,7,13140.31169
-6.0,7,13162.793691
-6.0,7,13185.420228
-6.0,7,13208.021941
-6.0,7,13230.631186
-6.0,7,13253.295721
-6.0,7,13275.935608
-6.0,7,13298.528819
-6.0,7,13321.307638
-6.0,7,13343.754143
-6.0,7,13366.314718
-6.0,7,13388.950391
-6.0,7,13411.581793
-6.0,7,13434.165259
-6.0,7,13456.775296
-6.0,7,13479.581003
-6.0,7,13502.323943
-6.0,7,13524.789388
-6.0,7,13547.299851
-6.0,7,13569.899312
-6.0,7,13592.485661
-6.0,7,13614.985066
-6.0,7,13637.731373
-6.0,7,13660.430865
-6.0,7,13683.035781
-6.0,7,13705.503801
-6.0,7,13728.139019
-6.0,7,13750.777652
-6.0,7,13773.378495
-6.0,7,13796.207597
-6.0,7,13818.865418
-6.0,7,13841.469128
-6.0,7,13864.046911
-6.0,7,13886.469474
-6.0,7,13908.982122
-6.0,7,13931.522604
-6.0,7,13954.27422
-6.0,7,13976.901111
-6.0,7,13999.513955
-6.0,7,14022.203832
-6.0,7,14044.860911
-6.0,7,14067.38058
-6.0,7,14089.904447
-6.0,7,14112.7072
-6.0,7,14135.396669
-6.0,7,14157.967821
-6.0,7,14180.595143
-6.0,7,14203.23123
-6.0,7,14225.859651
-6.0,7,14248.391906
-6.0,7,14270.991836
-6.0,7,14293.713077
-6.0,7,14316.386028
-6.0,7,14339.055548
-6.0,7,14361.865226
-6.0,7,14384.544266
-6.0,7,14407.186725
-6.0,7,14429.585192
-6.0,7,14452.150079
-6.0,7,14474.777585
-6.0,7,14497.392357
-6.0,7,14520.188093
-6.0,7,14542.934713
-6.0,7,14565.565812
-6.0,7,14588.176725
-6.0,7,14610.64881
-6.0,7,14633.161589
-6.0,7,14655.644424
-6.0,7,14678.441711
-6.0,7,14701.067183
-6.0,7,14723.693009
-6.0,7,14746.332866
-6.0,7,14768.959212
-6.0,7,14791.474272
-6.0,7,14814.112105
-6.0,7,14837.023181
-6.0,7,14859.714728
-6.0,7,14882.370358
-6.0,7,14905.009852
-6.0,7,14927.641007
-6.0,7,14950.266493
-6.0,7,14972.87936
-6.0,7,14995.823852
-6.0,7,15018.683102
-6.0,7,15041.358256
-6.0,7,15063.994379
-6.0,7,15086.682702
-6.0,7,15109.449449
-6.0,7,15132.138671
-6.0,7,15154.916435
-6.0,7,15177.658655
-6.0,7,15200.333166
-6.0,7,15222.959245
-6.0,7,15245.63102
-6.0,7,15268.263771
-6.0,7,15290.884418
-6.0,7,15313.669117
-6.0,7,15336.118686
-6.0,7,15358.84466
-6.0,7,15381.539152
-6.0,7,15404.230549
-6.0,7,15426.921968
-6.0,7,15449.573177
-6.0,7,15472.248599
-6.0,7,15494.889587
-6.0,7,15517.51111
-6.0,7,15540.245542
-6.0,7,15563.178515
-6.0,7,15585.865623
-6.0,7,15608.548921
-6.0,7,15631.222459
-6.0,7,15653.871042
-6.0,7,15676.531802
-6.0,7,15699.105731
-6.0,7,15722.085536
-6.0,7,15744.911278
-6.0,7,15767.597945
-6.0,7,15790.263184
-6.0,7,15812.932173
-6.0,7,15835.598883
-6.0,7,15858.272283
-6.0,7,15881.146988
-6.0,7,15904.011855
-6.0,7,15926.690079
-6.0,7,15949.349793
-6.0,7,15972.010419
-6.0,7,15994.740705
-6.0,7,16017.402521
-6.0,7,16040.287601
-6.0,7,16062.85781
-6.0,7,16085.556719
-6.0,7,16108.277506
-6.0,7,16131.002152
-6.0,7,16153.744053
-6.0,7,16176.429241
-6.0,7,16199.353735
-6.0,7,16222.018675
-6.0,7,16244.588497
-6.0,7,16267.236373
-6.0,7,16289.889342
-6.0,7,16312.525337
-6.0,7,16335.213936
-6.0,7,16358.138907
-6.0,7,16380.902709
-6.0,7,16403.558183
-6.0,7,16426.157898
-6.0,7,16448.871187
-6.0,7,16471.484099
-6.0,7,16494.198435
-6.0,7,16517.083241
-6.0,7,16539.742058
-6.0,7,16562.44207
-6.0,7,16585.129252
-6.0,7,16607.721919
-6.0,7,16630.368097
-6.0,7,16653.097726
-6.0,7,16675.973467
-6.0,7,16698.705081
-6.0,7,16721.38613
-6.0,7,16744.026583
-6.0,7,16766.638927
-6.0,7,16789.269155
-6.0,7,16811.991448
-6.0,7,16834.761634
-6.0,7,16857.518022
-6.0,7,16880.155977
-6.0,7,16902.839681
-6.0,7,16925.53826
-6.0,7,16948.158429
-6.0,7,16970.703847
-6.0,7,16993.410599
-6.0,7,17016.154552
-6.0,7,17038.852926
-6.0,7,17061.540403
-6.0,7,17084.477749
-6.0,7,17107.150076
-6.0,7,17129.807785
-6.0,7,17152.395612
-6.0,7,17175.106128
-6.0,7,17197.791502
-6.0,7,17220.43767
-6.0,7,17243.324169
-6.0,7,17266.18485
-6.0,7,17288.813928
-6.0,7,17311.458866
-6.0,7,17334.045475
-6.0,7,17356.723205
-6.0,7,17379.409672
-6.0,7,17402.261597
-6.0,7,17424.941418
-6.0,7,17447.557386
-6.0,7,17470.245001
-6.0,7,17492.876789
-6.0,7,17515.530788
-6.0,7,17538.237772
-6.0,7,17561.150111
-6.0,7,17583.848939
-6.0,7,17606.506718
-6.0,7,17629.196777
-6.0,7,17651.848203
-6.0,7,17674.42211
-6.0,7,17696.949685
-6.0,7,17719.726385
-6.0,7,17742.372171
-6.0,7,17765.061017
-6.0,7,17787.690734
-6.0,7,17810.324089
-6.0,7,17832.923867
-6.0,7,17855.512971
-6.0,7,17878.154618
-6.0,7,17900.949272
-6.0,7,17923.563066
-6.0,7,17946.187446
-6.0,7,17968.873789
-6.0,7,17991.539413
-6.0,7,18014.21583
-6.0,7,18037.074991
-6.0,7,18059.725454
-6.0,7,18082.376162
-6.0,7,18105.069371
-6.0,7,18127.725191
-6.0,7,18150.41906
-6.0,7,18173.075349
-6.0,7,18195.859236
-6.0,7,18218.507438
-6.0,7,18241.054256
-6.0,7,18263.740646
-6.0,7,18286.480157
-6.0,7,18309.192119
-6.0,7,18331.813544
-6.0,7,18354.448152
-6.0,7,18377.084751
-6.0,7,18399.673389
-6.0,7,18422.280891
-6.0,7,18445.107442
-6.0,7,18467.750443
-6.0,7,18490.435141
-6.0,7,18513.112682
-6.0,7,18535.792217
-6.0,7,18558.444896
-6.0,7,18581.053724
-6.0,7,18603.862333
-6.0,7,18626.585527
-6.0,7,18649.198156
-6.0,7,18671.865402
-6.0,7,18694.562203
-6.0,7,18717.219239
-6.0,7,18739.883195
-6.0,7,18762.818289
-6.0,7,18785.439522
-6.0,7,18808.159896
-6.0,7,18830.810924
-6.0,7,18853.562435
-6.0,7,18876.232859
-6.0,7,18898.90969
-6.0,7,18921.839109
-6.0,7,18944.533847
-6.0,7,18967.05946
-6.0,7,18989.804032
-6.0,7,19012.525186
-6.0,7,19035.19679
-6.0,7,19057.852243
-6.0,7,19080.761168
-6.0,7,19103.484123
-6.0,7,19126.182999
-6.0,7,19148.789999
-6.0,7,19171.467366
-6.0,7,19194.159874
-6.0,7,19216.822989
-6.0,7,19239.744457
-6.0,7,19262.536682
-6.0,7,19285.204073
-6.0,7,19307.874241
-6.0,7,19330.495292
-6.0,7,19353.236627
-6.0,7,19375.874971
-6.0,7,19398.776935
-6.0,7,19421.490399
-6.0,7,19444.194742
-6.0,7,19466.883911
-6.0,7,19489.50301
-6.0,7,19512.058521
-6.0,7,19534.802499
-6.0,7,19557.757347
-6.0,7,19580.586553
-6.0,7,19603.260662
-6.0,7,19625.946461
-6.0,7,19648.632131
-6.0,7,19671.280875
-6.0,7,19693.800377
-6.0,7,19716.433107
-6.0,7,19739.168106
-6.0,7,19761.910421
-6.0,7,19784.589185
-6.0,7,19807.36449
-6.0,7,19830.046938
-6.0,7,19852.835768
-6.0,7,19875.359603
-6.0,7,19898.064794
-6.0,7,19920.800812
-6.0,7,19943.487842
-6.0,7,19966.303812
-6.0,7,19989.073505
-6.0,7,20011.745375
-6.0,7,20034.37618
-6.0,7,20056.941345
-6.0,7,20079.592668
-6.0,7,20102.249848
-6.0,7,20125.056126
-6.0,7,20147.864874
-6.0,7,20170.550067
-6.0,7,20193.236064
-6.0,7,20215.933164
-6.0,7,20238.54822
-6.0,7,20261.240355
-6.0,7,20284.169811
-6.0,7,20306.858087
-6.0,7,20329.564878
-6.0,7,20352.269107
-6.0,7,20374.921085
-6.0,7,20397.559912
-6.0,7,20420.065363
-6.0,7,20442.936434
-6.0,7,20465.671502
-6.0,7,20488.462528
-6.0,7,20511.117577
-6.0,7,20533.814961
-6.0,7,20556.512778
-6.0,7,20579.191515
-6.0,7,20601.922159
-6.0,7,20624.685595
-6.0,7,20647.33621
-6.0,7,20669.989641
-6.0,7,20692.648308
-6.0,7,20715.327531
-6.0,7,20738.016602
-6.0,7,20760.944011
-6.0,7,20783.545538
-6.0,7,20806.245585
-6.0,7,20828.846349
-6.0,7,20851.530904
-6.0,7,20874.205543
-6.0,7,20896.898075
-6.0,7,20919.720807
-6.0,7,20942.421731
-6.0,7,20964.998464
-6.0,7,20987.710016
-6.0,7,21010.381257
-6.0,7,21033.007427
-6.0,7,21055.601024
-6.0,7,21078.474588
-6.0,7,21101.183063
-6.0,7,21123.845817
-6.0,7,21146.443407
-6.0,7,21169.170851
-6.0,7,21191.870166
-6.0,7,21214.519197
-6.0,7,21237.262897
-6.0,7,21259.988193
-6.0,7,21282.672812
-6.0,7,21305.31862
-6.0,7,21328.064502
-6.0,7,21350.804086
-6.0,7,21373.4943
-6.0,7,21396.175554
-6.0,7,21418.928586
-6.0,7,21441.602134
-6.0,7,21464.28286
-6.0,7,21487.123361
-6.0,7,21509.751211
-6.0,7,21532.511164
-6.0,7,21555.158832
-6.0,7,21577.892222
-6.0,7,21600.552707
-6.0,7,21623.283819
-6.0,7,21646.209028
-6.0,7,21669.061373
-6.0,7,21691.683799
-6.0,7,21714.389214
-6.0,7,21737.153044
-6.0,7,21759.846918
-6.0,7,21782.541084
-6.0,7,21805.483545
-6.0,7,21828.234528
-6.0,7,21850.945063
-6.0,7,21873.56378
-6.0,7,21896.297043
-6.0,7,21919.025554
-6.0,7,21941.702742
-6.0,7,21964.638658
-6.0,7,21987.422614
-6.0,7,22010.092958
-6.0,7,22032.733319
-6.0,7,22055.257119
-6.0,7,22077.984883
-6.0,7,22100.733118
-6.0,7,22123.631404
-6.0,7,22146.429905
-6.0,7,22169.112406
-6.0,7,22191.798971
-6.0,7,22214.493245
-6.0,7,22237.097367
-6.0,7,22259.848998
-6.0,7,22282.800382
-6.0,7,22305.521461
-6.0,7,22328.201342
-6.0,7,22350.86269
-6.0,7,22373.543472
-6.0,7,22396.21717
-6.0,7,22418.833347
-6.0,7,22441.791912
-6.0,7,22464.553395
-6.0,7,22487.250526
-6.0,7,22509.944645
-6.0,7,22532.664754
-6.0,7,22555.347373
-6.0,7,22578.002713
-6.0,7,22600.824537
-6.0,7,22623.588809
-6.0,7,22646.274297
-6.0,7,22668.941934
-6.0,7,22691.672014
-6.0,7,22714.365024
-6.0,7,22737.065897
-6.0,7,22759.975832
-6.0,7,22782.704225
-6.0,7,22805.420145
-6.0,7,22828.191785
-6.0,7,22850.881278
-6.0,7,22873.559182
-6.0,7,22896.240904
-6.0,7,22918.936376
-6.0,7,22941.645094
-6.0,7,22964.259117
-6.0,7,22987.012985
-6.0,7,23009.826788
-6.0,7,23032.52
-6.0,7,23055.189973
-6.0,7,23077.875086
-6.0,7,23100.552411
-6.0,7,23123.203055
-6.0,7,23145.833648
-6.0,7,23168.746179
-6.0,7,23191.549142
-6.0,7,23214.238711
-6.0,7,23236.950451
-6.0,7,23259.64489
-6.0,7,23282.322815
-6.0,7,23305.002105
-6.0,7,23327.87452
-6.0,7,23350.644463
-6.0,7,23373.391329
-6.0,7,23396.088095
-6.0,7,23418.788535
-6.0,7,23441.48762
-6.0,7,23464.159384
-6.0,7,23487.034424
-6.0,7,23509.689294
-6.0,7,23532.418169
-6.0,7,23555.091542
-6.0,7,23577.778421
-6.0,7,23600.45034
-6.0,7,23623.110603
-6.0,7,23646.049263
-6.0,7,23668.77524
-6.0,7,23691.372952
-6.0,7,23713.95217
-6.0,7,23736.661093
-6.0,7,23759.364395
-6.0,7,23782.051649
-6.0,7,23804.936578
-6.0,7,23827.667104
-6.0,7,23850.347982
-6.0,7,23872.963931
-6.0,7,23895.599905
-6.0,7,23918.241423
-6.0,7,23940.931929
-6.0,7,23963.83991
-6.0,7,23986.550339
-6.0,7,24009.243452
-6.0,7,24031.932215
-6.0,7,24054.553009
-6.0,7,24077.309546
-6.0,7,24100.048592
-6.0,7,24122.94813
-6.0,7,24145.666505
-6.0,7,24168.396054
-6.0,7,24191.074144
-6.0,7,24213.764173
-6.0,7,24236.385512
-6.0,7,24259.111055
-6.0,7,24282.053694
-6.0,7,24304.980387
-6.0,7,24327.677068
-6.0,7,24350.356637
-6.0,7,24373.070317
-6.0,7,24395.759503
-6.0,7,24418.366973
-6.0,7,24441.237786
-6.0,7,24464.040206
-6.0,7,24486.728911
-6.0,7,24509.405713
-6.0,7,24532.113378
-6.0,7,24554.788667
-6.0,7,24577.465632
-6.0,7,24600.076722
-6.0,7,24622.868049
-6.0,7,24645.602164
-6.0,7,24668.283056
-6.0,7,24691.052549
-6.0,7,24713.731905
-6.0,7,24736.430672
-6.0,7,24759.142245
-6.0,7,24781.753007
-6.0,7,24804.499974
-6.0,7,24827.245353
-6.0,7,24850.115415
-6.0,7,24872.879307
-6.0,7,24895.552418
-6.0,7,24918.25467
-6.0,7,24940.952698
-6.0,7,24963.579683
-6.0,7,24986.329934
-6.0,7,25009.288805
-6.0,7,25032.179975
-6.0,7,25054.873891
-6.0,7,25077.588148
-6.0,7,25100.282509
-6.0,7,25122.978122
-6.0,7,25145.582664
-6.0,7,25168.527727
-6.0,7,25191.214743
-6.0,7,25213.933507
-6.0,7,25236.629576
-6.0,7,25259.323742
-6.0,7,25282.017457
-6.0,7,25304.706875
-6.0,7,25327.570145
-6.0,7,25350.40995
-6.0,7,25373.157331
-6.0,7,25395.844056
-6.0,7,25418.575346
-6.0,7,25441.249359
-6.0,7,25463.948228
-6.0,7,25486.866566
-6.0,7,25509.491999
-6.0,7,25532.248838
-6.0,7,25554.99147
-6.0,7,25577.714119
-6.0,7,25600.383813
-6.0,7,25623.08728
-6.0,7,25645.996175
-6.0,7,25668.713177
-6.0,7,25691.339953
-6.0,7,25714.066698
-6.0,7,25736.822621
-6.0,7,25759.516996
-6.0,7,25782.20321
-6.0,7,25805.103664
-6.0,7,25827.804402
-6.0,7,25850.502159
-6.0,7,25873.122625
-6.0,7,25895.879053
-6.0,7,25918.627211
-6.0,7,25941.315145
-6.0,7,25964.206824
-6.0,7,25986.996854
-6.0,7,26009.69047
-6.0,7,26032.310827
-6.0,7,26054.918631
-6.0,7,26077.689353
-6.0,7,26100.414985
-6.0,7,26123.327838
-6.0,7,26146.104376
-6.0,7,26168.799551
-6.0,7,26191.506946
-6.0,7,26214.201255
-6.0,7,26236.843082
-6.0,7,26259.591086
-6.0,7,26282.40515
-6.0,7,26305.192856
-6.0,7,26327.887617
-6.0,7,26350.57361
-6.0,7,26373.285299
-6.0,7,26395.974744
-6.0,7,26418.596651
-6.0,7,26441.364058
-6.0,7,26464.111928
-6.0,7,26486.808137
-6.0,7,26509.506196
-6.0,7,26532.374129
-6.0,7,26555.061506
-6.0,7,26577.738718
-6.0,7,26600.349071
-6.0,7,26623.102359
-6.0,7,26645.84241
-6.0,7,26668.525031
-6.0,7,26691.516189
-6.0,7,26714.348149
-6.0,7,26737.04702
-6.0,7,26759.748948
-6.0,7,26782.363744
-6.0,7,26805.115717
-6.0,7,26827.855777
-6.0,7,26850.737309
-6.0,7,26873.458712
-6.0,7,26896.125852
-6.0,7,26918.838629
-6.0,7,26941.533838
-6.0,7,26964.165293
-6.0,7,26986.874242
-6.0,7,27009.791532
-6.0,7,27032.692565
-6.0,7,27055.390852
-6.0,7,27078.08706
-6.0,7,27100.777362
-6.0,7,27123.481667
-6.0,7,27146.109
-6.0,7,27169.068526
-6.0,7,27191.913958
-6.0,7,27214.600827
-6.0,7,27237.302587
-6.0,7,27260.024146
-6.0,7,27282.724229
-6.0,7,27305.421117
-6.0,7,27328.273595
-6.0,7,27351.050945
-6.0,7,27373.808815
-6.0,7,27396.506122
-6.0,7,27419.212838
-6.0,7,27441.898801
-6.0,7,27464.587301
-6.0,7,27487.511266
-6.0,7,27510.170627
-6.0,7,27532.919813
-6.0,7,27555.667332
-6.0,7,27578.366859
-6.0,7,27601.072869
-6.0,7,27623.801967
-6.0,7,27646.74421
-6.0,7,27669.480056
-6.0,7,27692.106461
-6.0,7,27714.858018
-6.0,7,27737.583549
-6.0,7,27760.285053
-6.0,7,27782.96878
-6.0,7,27805.900618
-6.0,7,27828.648805
-6.0,7,27851.34976
-6.0,7,27873.974287
-6.0,7,27896.729621
-6.0,7,27919.464915
-6.0,7,27942.160745
-6.0,7,27965.090162
-6.0,7,27987.807838
-6.0,7,28010.523302
-6.0,7,28033.198832
-6.0,7,28055.816099
-6.0,7,28078.562939
-6.0,7,28101.304711
-6.0,7,28124.101385
-6.0,7,28146.881825
-6.0,7,28169.565704
-6.0,7,28192.253491
-6.0,7,28214.951051
-6.0,7,28237.571083
-6.0,7,28260.314106
-6.0,7,28283.061121
-6.0,7,28305.830095
-6.0,7,28328.533821
-6.0,7,28351.243251
-6.0,7,28374.104849
-6.0,7,28396.815062
-6.0,7,28419.432666
-6.0,7,28442.169752
-6.0,7,28464.94814
-6.0,7,28487.661298
-6.0,7,28510.357954
-6.0,7,28533.31373
-6.0,7,28556.035288
-6.0,7,28578.729908
-6.0,7,28601.341606
-6.0,7,28624.094954
-6.0,7,28646.827104
-6.0,7,28669.545509
-6.0,7,28692.456563
-6.0,7,28715.188502
-6.0,7,28737.881299
-6.0,7,28760.571257
-6.0,7,28783.192113
-6.0,7,28805.948787
-6.0,7,28828.703179
-6.0,7,28851.619304
-6.0,7,28874.335455
-6.0,7,28897.029006
-6.0,7,28919.714925
-6.0,7,28942.397555
-6.0,7,28965.009353
-6.0,7,28987.749095
-6.0,7,29010.709182
-6.0,7,29033.529555
-6.0,7,29056.222357
-6.0,7,29078.910131
-6.0,7,29101.61578
-6.0,7,29124.30544
-6.0,7,29146.939514
-6.0,7,29169.912065
-6.0,7,29192.698723
-6.0,7,29215.39308
-6.0,7,29238.082016
-6.0,7,29260.785107
-6.0,7,29283.468013
-6.0,7,29306.183053
-6.0,7,29329.060729
-6.0,7,29351.865782
-6.0,7,29374.609147
-6.0,7,29397.300993
-6.0,7,29420.028054
-6.0,7,29442.716995
-6.0,7,29465.397191
-6.0,7,29488.352014
-6.0,7,29511.105539
-6.0,7,29533.846727
-6.0,7,29556.597523
-6.0,7,29579.294467
-6.0,7,29601.986669
-6.0,7,29624.679336
-6.0,7,29647.582773
-6.0,7,29670.336347
-6.0,7,29692.950293
-6.0,7,29715.694413
-6.0,7,29738.432655
-6.0,7,29761.129495
-6.0,7,29783.820353
-6.0,7,29806.715567
-6.0,7,29829.521215
-6.0,7,29852.211317
-6.0,7,29874.827488
-6.0,7,29897.568706
-6.0,7,29920.310024
-6.0,7,29942.997577
-6.0,7,29965.90851
-6.0,7,29988.629783
-6.0,7,30011.337033
-6.0,7,30034.026165
-6.0,7,30056.650872
-6.0,7,30079.403633
-6.0,7,30102.143312
-6.0,7,30124.836242
-6.0,7,30147.555841
-6.0,7,30170.258213
-6.0,7,30192.943691
-6.0,7,30215.737982
-6.0,7,30238.350624
-6.0,7,30261.10571
-6.0,7,30283.853345
-6.0,7,30306.552736
-6.0,7,30329.233538
-6.0,7,30351.912361
-6.0,7,30374.820601
-6.0,7,30397.607012
-6.0,7,30420.225966
-6.0,7,30442.952289
-6.0,7,30465.713217
-6.0,7,30488.412029
-6.0,7,30511.105427
-6.0,7,30534.042565
-6.0,7,30556.784414
-6.0,7,30579.485606
-6.0,7,30602.112936
-6.0,7,30624.846438
-6.0,7,30647.601827
-6.0,7,30670.299309
-6.0,7,30693.254681
-6.0,7,30715.97956
-6.0,7,30738.651267
-6.0,7,30761.338665
-6.0,7,30783.97233
-6.0,7,30806.687141
-6.0,7,30829.430148
-6.0,7,30852.376101
-6.0,7,30875.089251
-6.0,7,30897.791317
-6.0,7,30920.468045
-6.0,7,30943.162801
-6.0,7,30965.785997
-6.0,7,30988.542537
-6.0,7,31011.488838
-6.0,7,31034.220091
-6.0,7,31056.912544
-6.0,7,31079.60468
-6.0,7,31102.255674
-6.0,7,31124.897334
-6.0,7,31147.514299
-6.0,7,31170.417067
-6.0,7,31193.274508
-6.0,7,31215.980084
-6.0,7,31238.68771
-6.0,7,31261.402472
-6.0,7,31284.090567
-6.0,7,31306.78445
-6.0,7,31329.561764
-6.0,7,31352.385783
-6.0,7,31375.105967
-6.0,7,31397.788219
-6.0,7,31420.514772
-6.0,7,31443.200329
-6.0,7,31465.877032
-6.0,7,31488.746502
-6.0,7,31511.268148
-6.0,7,31534.007653
-6.0,7,31556.749866
-6.0,7,31579.459198
-6.0,7,31602.146217
-6.0,7,31624.8252
-6.0,7,31647.705829
-6.0,7,31670.466554
-6.0,7,31693.093784
-6.0,7,31715.778291
-6.0,7,31738.540137
-6.0,7,31761.236609
-6.0,7,31783.907913
-6.0,7,31806.68219
-6.0,7,31829.415766
-6.0,7,31852.114593
-6.0,7,31874.720059
-6.0,7,31897.452329
-6.0,7,31920.165684
-6.0,7,31942.857985
-6.0,7,31965.549613
-6.0,7,31988.229836
-6.0,7,32010.919479
-6.0,7,32033.602923
-6.0,7,32056.538824
-6.0,7,32079.302442
-6.0,7,32102.044291
-6.0,7,32124.787901
-6.0,7,32147.516659
-6.0,7,32170.217918
-6.0,7,32192.874029
-6.0,7,32215.797853
-6.0,7,32238.606632
-6.0,7,32261.280567
-6.0,7,32283.871623
-6.0,7,32306.612253
-6.0,7,32329.25103
-6.0,7,32351.888946
-6.0,7,32374.812102
-6.0,7,32397.61526
-6.0,7,32420.171763
-6.0,7,32442.88158
-6.0,7,32465.625211
-6.0,7,32488.312713
-6.0,7,32511.010928
-6.0,7,32533.973695
