#{"t_start": 1661372226.7804112, "env_id": null}
r,l,t
1.89,7,27.151548
2.57,7,49.976701
3.74,7,72.841204
2.0,7,95.564475
-6.0,7,118.387674
0.53,7,140.904881
1.17,7,163.696116
-3.77,7,185.976951
-2.9,7,208.008926
-3.87,7,230.887691
-1.3,7,253.663416
4.9,7,275.629406
8.4,7,298.20934
-6.0,7,320.699563
1.87,7,343.873614
-1.36,7,365.964581
5.11,7,388.912953
-3.5,7,411.590782
-6.0,7,433.753184
-3.13,7,455.927649
3.34,7,478.007397
4.54,7,500.086054
-6.0,7,522.238284
4.66,7,544.694438
1.66,7,567.467535
2.1,7,590.501588
-6.0,7,612.574267
-3.33,7,634.743971
-3.57,7,657.665437
5.24,7,679.771718
-6.0,7,702.326786
-6.0,7,725.262688
1.57,7,747.327842
1.94,7,770.15675
1.49,7,792.923947
-6.0,7,814.990991
3.09,7,838.175883
-1.23,7,860.952085
5.77,7,883.025862
-3.6,7,905.774884
-6.0,7,928.012736
4.47,7,950.865888
5.79,7,973.841375
-3.2,7,995.979428
-6.0,7,1018.176279
-6.0,7,1040.349562
-3.2,7,1062.449592
-3.2,7,1084.558524
-2.9,7,1106.718192
-6.0,7,1128.83114
-3.03,7,1150.904169
-3.1,7,1172.978423
-3.37,7,1195.090386
-6.0,7,1217.243307
-6.0,7,1239.408906
-3.53,7,1261.481311
-3.73,7,1283.577163
-3.63,7,1305.704667
-6.0,7,1327.903878
-3.73,7,1349.977032
-3.7,7,1372.057063
-3.6,7,1394.195487
-6.0,7,1416.37423
-6.0,7,1438.568048
-3.13,7,1460.667628
-2.97,7,1482.75129
-2.93,7,1504.87213
-6.0,7,1526.956121
-2.93,7,1549.063129
-3.23,7,1571.144167
-3.4,7,1593.259342
-6.0,7,1615.421335
-6.0,7,1637.54775
-3.2,7,1659.623243
-3.3,7,1681.725891
-3.4,7,1703.848366
-6.0,7,1725.953341
-3.4,7,1748.038389
-3.33,7,1770.141199
-3.37,7,1792.219395
-6.0,7,1814.34185
-6.0,7,1836.551543
-3.63,7,1858.618773
-3.67,7,1880.698569
-3.63,7,1902.81702
-6.0,7,1924.92591
-3.43,7,1947.016528
-3.4,7,1969.135455
-3.63,7,1991.217918
-3.6,7,2013.356918
-6.0,7,2035.641481
-3.6,7,2057.722415
-3.6,7,2079.836995
-3.63,7,2101.971254
-6.0,7,2124.134914
-3.87,7,2146.284148
-3.87,7,2168.393785
-3.77,7,2190.528476
-6.0,7,2212.682686
-6.0,7,2234.862207
-3.77,7,2256.963174
-3.6,7,2279.077032
-3.77,7,2301.198939
-6.0,7,2323.364148
-6.0,7,2345.570938
-6.0,7,2367.665008
-3.8,7,2389.773341
-3.77,7,2411.913122
-6.0,7,2434.030828
-3.8,7,2456.117917
-6.0,7,2478.21333
-6.0,7,2500.350467
-6.0,7,2522.511069
-6.0,7,2544.628762
-6.0,7,2566.769895
-6.0,7,2588.867105
-6.0,7,2610.964963
-6.0,7,2633.175478
-3.97,7,2655.282771
-6.0,7,2677.355356
-6.0,7,2699.513513
-6.0,7,2721.675941
-6.0,7,2743.800642
-3.87,7,2765.884615
-6.0,7,2787.978448
-6.0,7,2810.129385
-6.0,7,2832.271493
-6.0,7,2854.375819
-6.0,7,2876.482775
-6.0,7,2898.657195
-6.0,7,2920.829255
-6.0,7,2942.998471
-6.0,7,2965.09387
-6.0,7,2987.167161
-3.8,7,3009.328779
-6.0,7,3031.426821
-3.83,7,3053.524091
-3.83,7,3075.639789
-3.77,7,3097.802223
-6.0,7,3120.133554
-6.0,7,3142.322529
-3.77,7,3164.410899
-3.7,7,3186.50174
-3.87,7,3208.680714
-6.0,7,3230.89987
-3.77,7,3253.039507
-3.57,7,3275.155751
-3.6,7,3297.291017
-6.0,7,3319.465473
-6.0,7,3341.576895
-3.83,7,3363.713468
-3.8,7,3385.822757
-3.8,7,3407.971337
-6.0,7,3430.074985
-3.33,7,3452.141681
-3.77,7,3474.248896
-3.67,7,3496.367931
-6.0,7,3518.648637
-6.0,7,3540.769392
-3.4,7,3562.891074
-3.53,7,3584.977881
-3.57,7,3607.105175
-6.0,7,3629.24033
-3.63,7,3651.315008
-3.43,7,3673.45214
-3.53,7,3695.546044
-6.0,7,3717.679989
-6.0,7,3739.971875
-3.57,7,3762.062865
-3.37,7,3784.161114
-3.6,7,3806.287681
-6.0,7,3828.413335
-3.5,7,3850.473981
-3.77,7,3872.573827
-3.63,7,3894.68303
-6.0,7,3916.81173
-6.0,7,3938.935869
-3.57,7,3961.051476
-3.53,7,3983.124939
-3.4,7,4005.268276
-6.0,7,4027.419037
-3.57,7,4049.515481
-3.6,7,4071.615506
-3.57,7,4093.705053
-3.6,7,4115.84017
-6.0,7,4137.989673
-3.63,7,4160.114163
-3.6,7,4182.22157
-3.57,7,4204.358739
-6.0,7,4226.511782
-3.37,7,4248.721017
-3.8,7,4270.838642
-3.63,7,4292.937146
-3.57,7,4315.066857
-6.0,7,4337.207235
-3.83,7,4359.296419
-3.67,7,4381.398637
-3.63,7,4403.518292
-6.0,7,4425.664259
-3.7,7,4447.824862
-3.53,7,4469.941354
-3.63,7,4492.044571
-3.63,7,4514.199038
-6.0,7,4536.329603
-3.63,7,4558.43032
-3.57,7,4580.510059
-3.63,7,4602.624812
-6.0,7,4624.845494
-6.0,7,4647.064407
-3.63,7,4669.154772
-3.63,7,4691.23884
-3.63,7,4713.338962
-6.0,7,4735.473669
-3.47,7,4757.654446
-3.57,7,4779.752944
-3.57,7,4801.868824
-6.0,7,4824.058331
-6.0,7,4846.193929
-3.63,7,4868.275368
-3.8,7,4890.368404
-3.83,7,4912.515918
-6.0,7,4934.630361
-3.6,7,4956.761325
-3.6,7,4978.863699
-3.6,7,5001.027983
-6.0,7,5023.226474
-6.0,7,5045.319495
-3.57,7,5067.450189
-3.9,7,5089.551158
-3.33,7,5111.66469
-6.0,7,5133.878937
-3.4,7,5155.96069
-3.6,7,5178.074065
-3.37,7,5200.262938
-6.0,7,5222.427995
-6.0,7,5244.632876
-3.53,7,5266.754317
-3.57,7,5288.848629
-3.6,7,5310.989161
-6.0,7,5333.110656
-3.63,7,5355.211702
-3.67,7,5377.295876
-3.6,7,5399.436818
-6.0,7,5421.664921
-6.0,7,5443.777531
-3.77,7,5465.855376
-3.77,7,5487.950253
-3.6,7,5510.098426
-6.0,7,5532.285535
-3.73,7,5554.378227
-3.57,7,5576.489279
-3.57,7,5598.596866
-6.0,7,5620.765251
-6.0,7,5642.92455
-3.57,7,5665.027689
-3.5,7,5687.105465
-3.63,7,5709.229136
-6.0,7,5731.521442
-3.4,7,5753.62519
-3.7,7,5775.702046
-3.43,7,5797.797631
-6.0,7,5819.919783
-6.0,7,5842.200422
-3.53,7,5864.287596
-3.63,7,5886.407824
-3.37,7,5908.563793
-6.0,7,5930.721669
-3.4,7,5952.842843
-3.57,7,5974.955687
-3.6,7,5997.063496
-6.0,7,6019.180014
-6.0,7,6041.299237
-3.6,7,6063.419874
-3.6,7,6085.497912
-3.6,7,6107.629666
-6.0,7,6129.939265
-3.6,7,6152.064098
-3.37,7,6174.203854
-3.53,7,6196.288935
-3.63,7,6218.432507
-6.0,7,6240.648127
-3.33,7,6262.745962
-3.6,7,6284.82679
-3.4,7,6306.972278
-6.0,7,6329.205381
-3.63,7,6351.329145
-3.63,7,6373.450252
-3.7,7,6395.550248
-3.43,7,6417.731023
-6.0,7,6439.917048
-3.6,7,6462.041671
-3.53,7,6484.163928
-3.53,7,6506.290089
-6.0,7,6528.431296
-3.8,7,6550.583326
-3.53,7,6572.672396
-3.57,7,6594.776478
-3.57,7,6616.967641
-6.0,7,6639.102207
-3.63,7,6661.197589
-3.63,7,6683.309531
-3.77,7,6705.431213
-6.0,7,6727.579926
-6.0,7,6749.755716
-3.57,7,6771.898386
-3.6,7,6794.007938
-3.83,7,6816.186017
-6.0,7,6838.516429
-3.63,7,6860.626395
-3.67,7,6882.737914
-3.57,7,6904.875267
-6.0,7,6927.100681
-6.0,7,6949.280713
-3.57,7,6971.374269
-3.57,7,6993.480067
-3.53,7,7015.637597
-6.0,7,7037.767007
-3.83,7,7059.859926
-3.37,7,7081.973787
-3.83,7,7104.075251
-6.0,7,7126.253587
-6.0,7,7148.379733
-6.0,7,7170.488482
-3.6,7,7192.604398
-3.6,7,7214.723369
-6.0,7,7236.924243
-3.83,7,7259.004996
-3.77,7,7281.105002
-3.57,7,7303.274393
-6.0,7,7325.500943
-6.0,7,7347.615278
-3.57,7,7369.705076
-3.83,7,7391.828899
-3.73,7,7413.980954
-6.0,7,7436.115225
-3.8,7,7458.209938
-3.5,7,7480.338329
-3.63,7,7502.458534
-6.0,7,7524.650271
-6.0,7,7546.771999
-3.57,7,7568.880242
-3.63,7,7590.992178
-3.8,7,7613.12557
-6.0,7,7635.282738
-3.6,7,7657.396524
-3.57,7,7679.573959
-3.63,7,7701.719459
-6.0,7,7723.861312
-6.0,7,7745.985359
-3.57,7,7768.083163
-3.53,7,7790.186486
-3.8,7,7812.343419
-6.0,7,7834.490588
-3.57,7,7856.613838
-3.83,7,7878.751268
-3.63,7,7900.823181
-6.0,7,7923.0008
-6.0,7,7945.132085
-3.87,7,7967.218954
-3.83,7,7989.301019
-3.87,7,8011.435219
-6.0,7,8033.547857
-3.67,7,8055.642417
-3.63,7,8077.727789
-3.6,7,8099.853442
-6.0,7,8121.964176
-6.0,7,8144.080019
-3.57,7,8166.168511
-3.77,7,8188.276256
-3.67,7,8210.40906
-6.0,7,8232.612407
-3.63,7,8254.702781
-3.53,7,8276.811609
-3.57,7,8298.916928
-3.73,7,8321.028055
-6.0,7,8343.337387
-3.57,7,8365.443099
-3.5,7,8387.539389
-3.37,7,8409.658949
-6.0,7,8431.896639
-3.77,7,8454.022744
-3.57,7,8476.128515
-3.63,7,8498.209192
-3.6,7,8520.354442
-6.0,7,8542.576163
-3.53,7,8564.701183
-3.8,7,8586.803449
-3.67,7,8608.911624
-6.0,7,8631.075103
-3.87,7,8653.231808
-3.83,7,8675.350874
-3.57,7,8697.4631
-3.53,7,8719.583171
-6.0,7,8741.855028
-3.8,7,8763.995168
-3.63,7,8786.092847
-3.57,7,8808.208697
-6.0,7,8830.46125
-3.97,7,8852.587579
-3.87,7,8874.674817
-3.67,7,8896.776614
-3.53,7,8918.939384
-6.0,7,8941.062676
-3.6,7,8963.183213
-3.6,7,8985.28572
-3.67,7,9007.390981
-6.0,7,9029.634681
-6.0,7,9051.832877
-3.83,7,9073.919662
-3.57,7,9096.01321
-3.57,7,9118.162915
-6.0,7,9140.3645
-3.63,7,9162.478816
-3.8,7,9184.549626
-3.83,7,9206.690775
-6.0,7,9228.851743
-6.0,7,9251.034815
-3.63,7,9273.102206
-3.8,7,9295.243336
-3.6,7,9317.38929
-6.0,7,9339.496943
-3.6,7,9361.611605
-3.83,7,9383.768982
-3.5,7,9405.91053
-6.0,7,9428.077814
-6.0,7,9450.258259
-3.77,7,9472.3523
-3.63,7,9494.452139
-3.53,7,9516.614483
-6.0,7,9538.820799
-3.53,7,9560.914947
-3.77,7,9582.99984
-3.83,7,9605.103075
-6.0,7,9627.246808
-6.0,7,9649.424476
-3.8,7,9671.515552
-3.63,7,9693.601458
-3.77,7,9715.723272
-6.0,7,9737.839139
-3.6,7,9759.998852
-3.83,7,9782.099195
-3.77,7,9804.230756
-6.0,7,9826.390687
-6.0,7,9848.677166
-3.6,7,9870.761329
-3.7,7,9892.859147
-3.57,7,9914.986478
-6.0,7,9937.13365
-3.77,7,9959.267171
-3.87,7,9981.390487
-3.8,7,10003.484974
-6.0,7,10025.851946
-6.0,7,10047.995181
-3.8,7,10070.103271
-3.77,7,10092.1759
-3.8,7,10114.319672
-6.0,7,10136.456113
-3.6,7,10158.589152
-3.87,7,10180.686833
-3.57,7,10202.78293
-6.0,7,10224.897286
-6.0,7,10247.003168
-3.8,7,10269.084298
-3.6,7,10291.206701
-3.6,7,10313.393752
-6.0,7,10335.493486
-3.83,7,10357.58303
-3.57,7,10379.66021
-3.63,7,10401.75699
-3.83,7,10423.873186
-6.0,7,10445.990563
-3.6,7,10468.095064
-3.57,7,10490.191771
-3.63,7,10512.367977
-6.0,7,10534.686484
-3.57,7,10556.794564
-3.63,7,10578.895458
-3.63,7,10600.995751
-3.6,7,10623.128064
-6.0,7,10645.244038
-3.57,7,10667.377978
-3.57,7,10689.475825
-3.47,7,10711.627456
-6.0,7,10733.820698
-3.4,7,10755.965701
-3.43,7,10778.096927
-3.43,7,10800.239676
-3.6,7,10822.414411
-6.0,7,10844.627308
-3.53,7,10866.719951
-3.5,7,10888.814501
-3.33,7,10910.979651
-6.0,7,10933.155735
-3.93,7,10955.323841
-3.63,7,10977.424502
-3.37,7,10999.560444
-3.43,7,11021.729312
-6.0,7,11043.928765
-3.9,7,11066.035527
-3.57,7,11088.150119
-3.6,7,11110.296142
-6.0,7,11132.455359
-6.0,7,11154.652884
-3.57,7,11176.729671
-3.63,7,11198.831553
-3.63,7,11220.978858
-6.0,7,11243.180512
-3.33,7,11265.288912
-3.6,7,11287.385113
-3.47,7,11309.571314
-6.0,7,11331.767364
-6.0,7,11353.994414
-3.4,7,11376.085511
-3.6,7,11398.203222
-3.57,7,11420.348862
-6.0,7,11442.467359
-3.57,7,11464.557664
-3.37,7,11486.645849
-3.57,7,11508.756091
-6.0,7,11530.917155
-6.0,7,11553.100914
-3.6,7,11575.206941
-3.57,7,11597.297523
-3.57,7,11619.439444
-6.0,7,11641.59091
-3.57,7,11663.682985
-3.6,7,11685.76187
-3.43,7,11707.878641
-6.0,7,11730.05917
-6.0,7,11752.191477
-3.6,7,11774.2753
-3.57,7,11796.360965
-3.43,7,11818.50641
-6.0,7,11840.683754
-3.63,7,11862.790974
-3.57,7,11884.887128
-3.63,7,11907.051208
-6.0,7,11929.219668
-6.0,7,11951.334986
-3.63,7,11973.491997
-3.63,7,11995.573605
-3.4,7,12017.716823
-6.0,7,12039.849225
-3.6,7,12061.947363
-3.57,7,12084.055842
-3.63,7,12106.194972
-6.0,7,12128.375044
-6.0,7,12150.481797
-3.63,7,12172.576108
-3.53,7,12194.675891
-3.5,7,12216.811637
-6.0,7,12238.929811
-3.3,7,12261.020389
-3.57,7,12283.136185
-3.53,7,12305.243985
-6.0,7,12327.348565
-6.0,7,12349.616364
-3.43,7,12371.758158
-3.6,7,12393.864532
-3.4,7,12416.00791
-6.0,7,12438.203675
-3.37,7,12460.291856
-3.33,7,12482.414483
-3.37,7,12504.493367
-6.0,7,12526.619921
-6.0,7,12548.758446
-3.4,7,12570.868093
-3.43,7,12592.955293
-3.43,7,12615.086266
-6.0,7,12637.250024
-3.33,7,12659.32828
-3.4,7,12681.433372
-3.23,7,12703.615509
-3.47,7,12725.742487
-6.0,7,12747.876883
-3.4,7,12769.955587
-3.47,7,12792.07038
-3.43,7,12814.212833
-6.0,7,12837.418588
-3.17,7,12859.502222
-3.2,7,12881.589956
-3.23,7,12903.649463
-3.37,7,12925.773091
-6.0,7,12947.866889
-3.23,7,12969.968235
-1.37,7,12992.050885
-3.27,7,13014.177849
-6.0,7,13036.299833
-3.63,7,13058.417611
-3.33,7,13080.527184
-3.13,7,13102.588493
-3.2,7,13124.70288
-6.0,7,13146.796365
-3.13,7,13168.867647
-3.43,7,13190.962256
-3.2,7,13213.08821
-6.0,7,13235.231308
-6.0,7,13257.322803
-3.43,7,13279.431063
-3.23,7,13301.492088
-3.13,7,13323.612466
-6.0,7,13345.762617
-3.37,7,13367.859178
-3.43,7,13389.998617
-3.17,7,13412.095004
-6.0,7,13434.218784
-6.0,7,13456.401603
-1.4,7,13478.495746
-3.37,7,13500.580586
-3.17,7,13522.78039
-6.0,7,13544.890929
-3.43,7,13566.955738
-3.2,7,13589.043969
-3.23,7,13611.134419
-6.0,7,13633.300626
-6.0,7,13655.388206
-3.4,7,13677.468435
-3.17,7,13699.544314
-3.4,7,13721.655423
-6.0,7,13743.738632
-3.23,7,13765.821618
-3.1,7,13787.921945
-3.27,7,13810.013575
-6.0,7,13832.328145
-6.0,7,13854.458915
-3.2,7,13876.537626
-3.13,7,13898.633123
-3.2,7,13920.775718
-6.0,7,13942.874187
-3.1,7,13964.988558
-3.2,7,13987.047989
-3.27,7,14009.187333
-6.0,7,14031.346261
-3.93,7,14053.512432
-1.1,7,14075.602923
-3.0,7,14097.723094
-3.03,7,14119.877697
-6.0,7,14142.158036
-3.23,7,14164.249109
-3.07,7,14186.327901
-3.4,7,14208.39973
-6.0,7,14230.511742
-6.0,7,14252.666974
-2.97,7,14274.767775
-0.97,7,14297.931738
-3.0,7,14320.020991
-6.0,7,14342.153005
-3.17,7,14364.247461
-2.9,7,14386.341452
-3.13,7,14408.425212
-6.0,7,14430.526749
-6.0,7,14452.638004
-2.97,7,14474.721661
-3.03,7,14496.815322
-3.03,7,14518.917956
-6.0,7,14541.090478
-3.2,7,14563.167773
-3.23,7,14585.276553
-3.3,7,14607.363338
-3.77,7,14629.438436
-6.0,7,14651.639341
-3.07,7,14674.881381
-3.17,7,14696.930909
-3.03,7,14719.055891
-6.0,7,14741.149417
-1.13,7,14763.216587
-0.9,7,14786.233077
1.07,7,14809.276567
-6.0,7,14831.403784
-6.0,7,14853.489669
-3.07,7,14875.582456
-0.97,7,14897.687299
-3.17,7,14920.745132
-6.0,7,14943.813845
-3.13,7,14966.921669
-3.03,7,14989.008873
-3.1,7,15011.156011
-6.0,7,15033.368616
-6.0,7,15055.491911
-2.97,7,15078.656999
-1.0,7,15101.613997
-3.0,7,15123.748587
-6.0,7,15145.933803
-1.1,7,15169.009921
-2.97,7,15192.113338
-1.14,7,15215.115236
-6.0,7,15237.331099
-6.0,7,15260.540605
-3.0,7,15283.646544
-3.1,7,15306.780256
-3.17,7,15329.732211
-6.0,7,15351.938809
-3.17,7,15375.094625
-2.83,7,15398.281949
-3.27,7,15421.282181
-6.0,7,15444.530111
-3.0,7,15468.07592
-1.07,7,15491.20277
-3.03,7,15514.221904
-6.0,7,15536.355848
-3.97,7,15560.00622
-1.0,7,15582.990577
0.9,7,15605.100787
-3.13,7,15628.068142
-6.0,7,15650.135746
3.64,7,15673.224042
-1.04,7,15696.386324
-2.9,7,15719.389761
-6.0,7,15742.597211
5.3,7,15765.592784
5.27,7,15788.547882
-1.17,7,15811.588732
-6.0,7,15834.620598
-6.0,7,15857.751956
-0.84,7,15880.699317
3.0,7,15903.666675
-3.0,7,15926.559098
-1.76,7,15949.600779
-2.87,7,15972.581091
1.03,7,15995.57052
-2.83,7,16018.549401
-6.0,7,16041.520708
-3.03,7,16064.462824
-3.03,7,16087.428566
-3.07,7,16110.480041
-6.0,7,16133.390062
-6.0,7,16156.6339
-2.97,7,16179.675316
1.1,7,16202.672463
-1.03,7,16225.820059
-6.0,7,16248.995475
3.1,7,16271.971916
-2.83,7,16295.028698
-2.93,7,16317.970811
-6.0,7,16341.009974
-2.9,7,16364.058444
1.24,7,16387.030233
3.0,7,16410.045123
-6.0,7,16432.989718
0.4,7,16456.126508
-3.1,7,16479.259711
-2.9,7,16502.296717
-2.8,7,16525.365592
-6.0,7,16548.517349
-2.9,7,16571.615641
-2.93,7,16594.622613
3.3,7,16617.578427
-6.0,7,16640.692838
0.83,7,16663.871819
-2.87,7,16686.890171
7.22,7,16709.814759
-3.63,7,16732.8845
-6.0,7,16756.158441
-1.0,7,16779.280906
-2.97,7,16802.293687
-0.87,7,16825.338748
-6.0,7,16848.612172
1.17,7,16871.605242
-0.83,7,16894.552062
-3.0,7,16917.542328
-6.0,7,16940.608416
-3.53,7,16963.623667
-2.77,7,16986.807803
-2.87,7,17009.811008
-3.37,7,17032.763928
0.21,7,17055.918591
3.27,7,17078.91171
1.33,7,17101.873048
-2.97,7,17124.869963
-6.0,7,17147.838188
-0.87,7,17170.916367
3.2,7,17194.062304
-0.94,7,17217.057854
-6.0,7,17240.254625
-6.0,7,17263.389724
-2.9,7,17286.4641
-0.9,7,17309.464387
-2.83,7,17332.550567
-3.97,7,17355.858066
-2.93,7,17378.931331
-3.1,7,17402.04544
-2.97,7,17425.038189
-3.77,7,17448.035598
3.53,7,17470.942122
-2.93,7,17493.998974
-0.77,7,17516.950412
-6.0,7,17539.928916
-6.0,7,17563.183347
-0.9,7,17586.151149
5.27,7,17609.10725
-2.87,7,17632.135518
-6.0,7,17654.955245
-2.93,7,17677.981696
-2.9,7,17701.019837
-2.9,7,17724.083701
-6.0,7,17747.232094
-2.93,7,17770.263502
-2.87,7,17793.215207
-2.97,7,17816.180093
-6.0,7,17839.217037
-6.0,7,17862.393857
-2.87,7,17885.357467
-0.8,7,17908.457331
-2.9,7,17931.606665
-6.0,7,17954.671611
-0.83,7,17977.593601
-2.9,7,18000.672377
-2.87,7,18023.579188
-6.0,7,18046.756238
1.24,7,18069.796058
-2.87,7,18092.896306
3.37,7,18115.878647
-6.0,7,18138.916324
-6.0,7,18162.051553
-2.97,7,18185.024809
-2.9,7,18208.080718
-2.9,7,18231.035207
-6.0,7,18254.090267
-3.03,7,18277.222689
-2.9,7,18300.227586
-2.93,7,18323.268759
-6.0,7,18346.379038
-0.93,7,18369.477282
-3.03,7,18392.618726
-2.9,7,18415.694838
-6.0,7,18438.753139
-6.0,7,18462.094754
1.13,7,18485.164914
-3.07,7,18508.18929
-3.0,7,18531.127334
-3.93,7,18554.098482
-3.0,7,18577.178714
-3.03,7,18600.247671
-1.0,7,18623.281359
-6.0,7,18646.545205
5.33,7,18669.471523
3.14,7,18692.729482
-3.03,7,18715.806658
-6.0,7,18738.964026
0.6,7,18762.002729
5.17,7,18784.971409
-3.03,7,18808.259266
-3.03,7,18831.254812
-1.57,7,18854.331583
1.1,7,18877.353495
-3.0,7,18900.375549
3.39,7,18923.335962
-6.0,7,18946.528921
-0.86,7,18969.948967
3.14,7,18993.023716
3.17,7,19015.988234
-6.0,7,19039.008213
-3.97,7,19062.117364
5.31,7,19085.245358
0.93,7,19108.22409
-3.13,7,19131.23301
-6.0,7,19154.868123
-3.17,7,19178.020568
0.97,7,19200.983148
-1.1,7,19223.90261
-6.0,7,19247.066384
-3.27,7,19270.13097
-3.17,7,19293.284678
3.04,7,19316.327298
-6.0,7,19339.397433
-1.86,7,19362.630418
-3.27,7,19385.702224
-3.17,7,19408.720928
-3.27,7,19431.736415
-1.74,7,19454.854563
-3.27,7,19478.058059
-3.1,7,19501.116649
-0.9,7,19524.086956
-6.0,7,19547.201922
2.92,7,19570.228094
-1.14,7,19593.282931
-3.13,7,19616.60312
-6.0,7,19639.577834
-6.0,7,19662.771593
3.17,7,19685.788347
-3.17,7,19708.808046
-3.2,7,19731.850268
-6.0,7,19754.978811
8.0,7,19777.932153
-3.23,7,19801.394171
-3.33,7,19824.491626
-6.0,7,19847.69486
-1.07,7,19870.768271
-3.3,7,19893.847925
-3.27,7,19916.865897
-6.0,7,19939.787553
-1.87,7,19962.888168
4.97,7,19985.944496
7.34,7,20009.068172
-3.3,7,20032.078268
-3.97,7,20055.244434
5.47,7,20078.290837
-3.27,7,20101.330083
-6.0,7,20124.262971
-6.0,7,20147.100702
-6.0,7,20169.812592
-6.0,7,20192.519765
-6.0,7,20215.230371
-6.0,7,20238.174892
-6.0,7,20260.930279
-6.0,7,20283.638881
-6.0,7,20306.34838
-6.0,7,20329.231627
-6.0,7,20352.106877
-6.0,7,20374.800991
-6.0,7,20397.526012
-6.0,7,20420.377698
-6.0,7,20443.412977
-6.0,7,20466.207167
-6.0,7,20488.927269
-6.0,7,20511.611319
-6.0,7,20534.560115
-6.0,7,20557.315646
-6.0,7,20580.026389
-6.0,7,20602.710371
-6.0,7,20625.612876
-6.0,7,20648.377164
-6.0,7,20671.096187
-6.0,7,20693.80971
-6.0,7,20716.523224
-6.0,7,20739.487781
-6.0,7,20762.319972
-6.0,7,20785.035865
-6.0,7,20807.763471
-6.0,7,20830.674597
-6.0,7,20853.510817
-6.0,7,20876.214752
-6.0,7,20898.952242
-6.0,7,20921.823295
-6.0,7,20944.821377
-6.0,7,20967.563284
-6.0,7,20990.263459
-6.0,7,21012.974951
-6.0,7,21035.931217
-6.0,7,21058.782834
-6.0,7,21081.506857
-6.0,7,21104.20606
-6.0,7,21127.140961
-6.0,7,21149.910362
-6.0,7,21172.629388
-6.0,7,21195.337356
-6.0,7,21218.226417
-6.0,7,21241.220499
-6.0,7,21264.147792
-6.0,7,21286.848883
-6.0,7,21309.529637
-6.0,7,21332.439249
-6.0,7,21355.189023
-6.0,7,21377.898097
-6.0,7,21400.62855
-6.0,7,21423.541203
-6.0,7,21446.555066
-6.0,7,21469.320276
-6.0,7,21492.02048
-6.0,7,21514.714732
-6.0,7,21537.642697
-6.0,7,21560.469668
-6.0,7,21583.179784
-6.0,7,21605.896057
-6.0,7,21628.860214
-6.0,7,21651.694471
-6.0,7,21674.391109
-6.0,7,21697.099859
-6.0,7,21720.052789
-6.0,7,21743.105786
-6.0,7,21765.898176
-6.0,7,21788.593882
-6.0,7,21811.299385
-6.0,7,21834.255455
-6.0,7,21857.016038
-6.0,7,21879.726104
-6.0,7,21902.422498
-6.0,7,21925.35458
-6.0,7,21948.217457
-6.0,7,21970.931682
-6.0,7,21993.626587
-6.0,7,22016.331496
-6.0,7,22039.237588
-6.0,7,22061.982821
-6.0,7,22084.679578
-6.0,7,22107.392469
-6.0,7,22130.28019
-6.0,7,22153.087606
-6.0,7,22175.78668
-6.0,7,22198.492499
-6.0,7,22221.341018
-6.0,7,22244.414379
-6.0,7,22267.127277
-6.0,7,22289.834934
-6.0,7,22312.544758
-6.0,7,22335.379742
-6.0,7,22358.126202
-6.0,7,22380.823667
-6.0,7,22403.537318
-6.0,7,22426.476144
-6.0,7,22449.264759
-6.0,7,22472.000772
-6.0,7,22494.700372
-6.0,7,22517.406291
-6.0,7,22540.342749
-6.0,7,22563.090961
-6.0,7,22585.806039
-6.0,7,22608.517598
-6.0,7,22631.486704
-6.0,7,22654.215055
-6.0,7,22676.921069
-6.0,7,22699.623364
-6.0,7,22722.544809
-6.0,7,22745.500322
-6.0,7,22768.250161
-6.0,7,22790.96737
-6.0,7,22813.677394
-6.0,7,22836.578912
-6.0,7,22859.373096
-6.0,7,22882.07573
-6.0,7,22904.771356
-6.0,7,22927.697153
-6.0,7,22950.535517
-6.0,7,22973.239665
-6.0,7,22995.950595
-6.0,7,23018.735436
-6.0,7,23041.728576
-6.0,7,23064.67475
-6.0,7,23087.396011
-6.0,7,23110.100435
-6.0,7,23133.028898
-6.0,7,23155.832586
-6.0,7,23178.56448
-6.0,7,23201.270343
-6.0,7,23224.108026
-6.0,7,23247.152934
-6.0,7,23269.921995
-6.0,7,23292.644305
-6.0,7,23315.358025
-6.0,7,23338.273377
-6.0,7,23361.02546
-6.0,7,23383.732599
-6.0,7,23406.426405
-6.0,7,23429.33664
-6.0,7,23452.100209
-6.0,7,23474.793947
-6.0,7,23497.503131
-6.0,7,23520.401312
-6.0,7,23543.440019
-6.0,7,23566.254253
-6.0,7,23588.959036
-6.0,7,23611.666703
-6.0,7,23634.584174
-6.0,7,23657.335709
-6.0,7,23680.018534
-6.0,7,23702.729268
-6.0,7,23725.627581
-6.0,7,23748.682135
-6.0,7,23771.453139
-6.0,7,23794.1688
-6.0,7,23816.871656
-6.0,7,23839.787352
-6.0,7,23862.623266
-6.0,7,23885.327347
-6.0,7,23908.041444
-6.0,7,23930.962644
-6.0,7,23953.445221
-6.0,7,23975.874163
-6.0,7,23998.292106
-6.0,7,24020.803573
-6.0,7,24043.429245
-6.0,7,24066.074986
-6.0,7,24088.50605
-6.0,7,24110.943423
-6.0,7,24133.49579
-6.0,7,24156.030277
-6.0,7,24178.486309
-6.0,7,24200.900829
-6.0,7,24223.495207
-6.0,7,24246.07634
-6.0,7,24268.533421
-6.0,7,24290.972213
-6.0,7,24313.409124
-6.0,7,24336.035562
-6.0,7,24358.559193
-6.0,7,24380.972336
-6.0,7,24403.381669
-6.0,7,24425.893501
-6.0,7,24448.485976
-6.0,7,24470.926239
-6.0,7,24493.342077
-6.0,7,24515.74451
-6.0,7,24538.356032
-6.0,7,24560.803207
-6.0,7,24583.191288
-6.0,7,24605.580357
-6.0,7,24628.073026
-6.0,7,24650.517394
-6.0,7,24672.937113
-6.0,7,24695.316536
-6.0,7,24717.735096
-6.0,7,24740.338674
-6.0,7,24762.806631
-6.0,7,24785.222893
-6.0,7,24807.646355
-6.0,7,24830.186127
-6.0,7,24852.633266
-6.0,7,24875.054488
-6.0,7,24897.460713
-6.0,7,24919.955858
-6.0,7,24942.518909
-6.0,7,24964.940077
-6.0,7,24987.331521
-6.0,7,25009.744711
-6.0,7,25032.269148
-6.0,7,25054.704981
-6.0,7,25077.121385
-6.0,7,25099.530328
-6.0,7,25122.101594
-6.0,7,25144.723234
-6.0,7,25167.220201
-6.0,7,25189.626064
-6.0,7,25212.017579
-6.0,7,25234.551152
-6.0,7,25257.159884
-6.0,7,25279.536556
-6.0,7,25301.951066
-6.0,7,25324.45532
-6.0,7,25347.041588
-6.0,7,25369.49439
-6.0,7,25391.907263
-6.0,7,25414.320703
-6.0,7,25436.900447
-6.0,7,25459.513643
-6.0,7,25481.896151
-6.0,7,25504.294643
-6.0,7,25526.838047
-6.0,7,25549.460423
-6.0,7,25571.904957
-6.0,7,25594.314162
-6.0,7,25616.698705
-6.0,7,25639.239908
-6.0,7,25661.704401
-6.0,7,25684.114717
-6.0,7,25706.566761
-6.0,7,25729.070478
-6.0,7,25751.493189
-6.0,7,25773.875569
-6.0,7,25796.305198
-6.0,7,25818.731606
-6.0,7,25841.265465
-6.0,7,25863.714593
-6.0,7,25886.116455
-6.0,7,25908.523679
-6.0,7,25931.050348
-6.0,7,25953.674336
-6.0,7,25976.059667
-6.0,7,25998.462081
-6.0,7,26021.002571
-6.0,7,26043.651959
-6.0,7,26066.163429
-6.0,7,26088.54589
-6.0,7,26110.963191
-6.0,7,26133.484224
-6.0,7,26155.936169
-6.0,7,26178.367203
-6.0,7,26200.763031
-6.0,7,26223.310848
-6.0,7,26245.915009
-6.0,7,26268.406258
-6.0,7,26290.801846
-6.0,7,26313.22051
-6.0,7,26335.736991
-6.0,7,26358.170666
-6.0,7,26380.545048
-6.0,7,26402.930123
-6.0,7,26425.463786
-6.0,7,26447.983511
-6.0,7,26470.450835
-6.0,7,26492.836897
-6.0,7,26515.241652
-6.0,7,26537.786033
-6.0,7,26560.379913
-6.0,7,26582.77158
-6.0,7,26605.152014
-6.0,7,26627.665624
-6.0,7,26650.197461
-6.0,7,26672.62761
-6.0,7,26695.012909
-6.0,7,26717.399314
-6.0,7,26739.906209
-6.0,7,26762.314098
-6.0,7,26784.680741
-6.0,7,26807.071793
-6.0,7,26829.670913
-6.0,7,26852.15707
-6.0,7,26874.519303
-6.0,7,26896.862585
-6.0,7,26919.240109
-6.0,7,26941.77253
-6.0,7,26964.327826
-6.0,7,26986.679342
-6.0,7,27009.024163
-6.0,7,27031.521033
-6.0,7,27053.970513
-6.0,7,27076.334114
-6.0,7,27098.728451
-6.0,7,27121.065259
-6.0,7,27143.573754
-6.0,7,27165.997588
-6.0,7,27188.391015
-6.0,7,27210.758937
-6.0,7,27233.232533
-6.0,7,27255.720455
-6.0,7,27278.091061
-6.0,7,27300.453326
-6.0,7,27322.97717
-6.0,7,27345.516178
-6.0,7,27367.964721
-6.0,7,27390.324365
-6.0,7,27412.691838
-6.0,7,27435.17124
-6.0,7,27457.58073
-6.0,7,27479.946391
-6.0,7,27502.319847
-6.0,7,27524.831261
-6.0,7,27547.415402
-6.0,7,27569.91649
-6.0,7,27592.290458
-6.0,7,27614.664357
-6.0,7,27637.146322
-6.0,7,27659.557891
-6.0,7,27681.934603
-6.0,7,27704.297084
-6.0,7,27726.803238
-6.0,7,27749.314443
-6.0,7,27771.715506
-6.0,7,27794.086939
-6.0,7,27816.434052
-6.0,7,27838.905423
-6.0,7,27861.318044
-6.0,7,27883.683088
-6.0,7,27906.059578
-6.0,7,27928.542973
-6.0,7,27951.106356
-6.0,7,27973.633717
-6.0,7,27995.99622
-6.0,7,28018.370798
-6.0,7,28040.881262
-6.0,7,28063.330655
-6.0,7,28085.679886
-6.0,7,28108.018525
-6.0,7,28130.535836
-6.0,7,28153.103964
-6.0,7,28175.444549
-6.0,7,28197.791569
-6.0,7,28220.130921
-6.0,7,28242.607713
-6.0,7,28265.036733
-6.0,7,28287.395655
-6.0,7,28309.717628
-6.0,7,28332.216601
-6.0,7,28354.626245
-6.0,7,28376.965549
-6.0,7,28399.324975
-6.0,7,28421.689666
-6.0,7,28444.228427
-6.0,7,28466.594918
-6.0,7,28488.938768
-6.0,7,28511.301793
-6.0,7,28533.778933
-6.0,7,28556.196425
-6.0,7,28578.568069
-6.0,7,28600.931535
-6.0,7,28623.377799
-6.0,7,28645.891382
-6.0,7,28668.298271
-6.0,7,28690.654714
-6.0,7,28713.020415
-6.0,7,28735.470928
-6.0,7,28757.84286
-6.0,7,28780.191519
-6.0,7,28802.514777
-6.0,7,28825.053464
-6.0,7,28847.670514
-6.0,7,28870.158112
-6.0,7,28892.511563
-6.0,7,28914.922482
-6.0,7,28937.437848
-6.0,7,28959.918943
-6.0,7,28982.260268
-6.0,7,29004.621459
-6.0,7,29027.096626
-6.0,7,29049.594223
-6.0,7,29071.960869
-6.0,7,29094.293697
-6.0,7,29116.638759
-6.0,7,29139.101727
-6.0,7,29161.475245
-6.0,7,29183.789395
-6.0,7,29206.146588
-6.0,7,29228.597652
-6.0,7,29251.183683
-6.0,7,29273.624207
-6.0,7,29295.979123
-6.0,7,29318.303953
-6.0,7,29340.742502
-6.0,7,29363.152888
-6.0,7,29385.506178
-6.0,7,29407.816017
-6.0,7,29430.2992
-6.0,7,29452.820946
-6.0,7,29475.179075
-6.0,7,29497.502995
-6.0,7,29519.8792
-6.0,7,29542.324905
-6.0,7,29564.703178
-6.0,7,29587.071175
-6.0,7,29609.421492
-6.0,7,29631.850137
-6.0,7,29654.25012
-6.0,7,29676.599401
-6.0,7,29698.92315
-6.0,7,29721.271878
-6.0,7,29743.721416
-6.0,7,29766.137635
-6.0,7,29788.466214
-6.0,7,29810.80089
-6.0,7,29833.30724
-6.0,7,29855.676647
-6.0,7,29878.016901
-6.0,7,29900.349463
-6.0,7,29922.710161
-6.0,7,29945.228952
-6.0,7,29967.604709
-6.0,7,29989.928204
-6.0,7,30012.241513
-6.0,7,30034.739105
-6.0,7,30057.150437
-6.0,7,30079.491482
-6.0,7,30101.842871
-6.0,7,30124.323199
-6.0,7,30146.864347
-6.0,7,30169.278258
-6.0,7,30191.600278
-6.0,7,30213.94792
-6.0,7,30236.422265
-6.0,7,30258.850283
-6.0,7,30281.188873
-6.0,7,30303.525153
-6.0,7,30326.013022
-6.0,7,30348.628174
-6.0,7,30371.005667
-6.0,7,30393.375503
-6.0,7,30415.722698
-6.0,7,30438.149413
-6.0,7,30460.514235
-6.0,7,30482.870907
-6.0,7,30505.25063
-6.0,7,30527.678209
-6.0,7,30550.200242
-6.0,7,30572.629638
-6.0,7,30594.974671
-6.0,7,30617.324261
-6.0,7,30639.797866
-6.0,7,30662.208717
-6.0,7,30684.577998
-6.0,7,30706.915716
-6.0,7,30729.416535
-6.0,7,30751.91165
-6.0,7,30774.309841
-6.0,7,30796.692143
-6.0,7,30819.046606
-6.0,7,30841.501904
-6.0,7,30863.909863
-6.0,7,30886.27601
-6.0,7,30908.627065
-6.0,7,30931.068508
-6.0,7,30953.576273
-6.0,7,30975.923622
-6.0,7,30998.349701
-6.0,7,31020.845727
-6.0,7,31043.320681
-6.0,7,31065.706165
-6.0,7,31088.054469
-6.0,7,31110.413596
-6.0,7,31132.868009
-6.0,7,31155.32384
-6.0,7,31177.66516
-6.0,7,31200.030307
-6.0,7,31222.368125
-6.0,7,31244.863731
-6.0,7,31267.305902
-6.0,7,31289.659513
-6.0,7,31312.005135
-6.0,7,31334.457422
-6.0,7,31356.953651
-6.0,7,31379.301588
-6.0,7,31401.661819
-6.0,7,31423.990253
-6.0,7,31446.532179
-6.0,7,31469.005814
-6.0,7,31491.329977
-6.0,7,31513.715808
-6.0,7,31536.16778
-6.0,7,31558.624859
-6.0,7,31580.989854
-6.0,7,31603.322801
-6.0,7,31625.744284
-6.0,7,31648.310403
-6.0,7,31670.746727
-6.0,7,31693.127683
-6.0,7,31715.467822
-6.0,7,31737.935527
-6.0,7,31760.40356
-6.0,7,31782.744642
-6.0,7,31805.10293
-6.0,7,31827.548396
-6.0,7,31850.040888
-6.0,7,31872.498043
-6.0,7,31894.880656
-6.0,7,31917.235336
-6.0,7,31939.719429
-6.0,7,31962.095512
-6.0,7,31984.450909
-6.0,7,32006.821046
-6.0,7,32029.263317
-6.0,7,32051.754112
-6.0,7,32074.19123
-6.0,7,32096.542709
-6.0,7,32118.94077
-6.0,7,32141.35776
-6.0,7,32163.828249
-6.0,7,32186.211695
-6.0,7,32208.559033
-6.0,7,32231.036269
-6.0,7,32253.609004
-6.0,7,32276.053095
-6.0,7,32298.443563
-6.0,7,32320.809876
-6.0,7,32343.293824
-6.0,7,32365.703856
-6.0,7,32388.073657
-6.0,7,32410.430403
-6.0,7,32432.91683
-6.0,7,32455.425671
-6.0,7,32477.780464
-6.0,7,32500.146703
-6.0,7,32522.504394
-6.0,7,32544.958941
-6.0,7,32567.334501
-6.0,7,32589.711477
-6.0,7,32612.06311
-6.0,7,32634.555409
-6.0,7,32657.045678
-6.0,7,32679.387762
-6.0,7,32701.738854
-6.0,7,32724.099466
-6.0,7,32746.580654
-6.0,7,32769.129177
-6.0,7,32791.488803
-6.0,7,32813.855307
-6.0,7,32836.347458
-6.0,7,32858.768712
-6.0,7,32881.136382
-6.0,7,32903.497395
-6.0,7,32926.021003
-6.0,7,32948.616391
-6.0,7,32971.024934
-6.0,7,32993.372681
-6.0,7,33015.719088
-6.0,7,33038.22729
-6.0,7,33060.614799
-6.0,7,33082.963661
-6.0,7,33105.330071
-6.0,7,33127.806004
-6.0,7,33150.329633
-6.0,7,33172.759796
-6.0,7,33195.102333
-6.0,7,33217.478447
-6.0,7,33239.959373
-6.0,7,33262.348162
-6.0,7,33284.696603
-6.0,7,33307.06913
-6.0,7,33329.513604
-6.0,7,33352.180773
-6.0,7,33374.575012
-6.0,7,33396.929047
-6.0,7,33419.287455
-6.0,7,33441.731187
-6.0,7,33464.111684
-6.0,7,33486.463924
-6.0,7,33508.832345
-6.0,7,33531.323094
-6.0,7,33553.874738
-6.0,7,33576.282306
-6.0,7,33598.659757
-6.0,7,33621.032696
-6.0,7,33643.48646
-6.0,7,33665.931836
-6.0,7,33688.271485
-6.0,7,33710.630234
-6.0,7,33733.099216
-6.0,7,33755.778004
-6.0,7,33778.161277
-6.0,7,33800.512094
-6.0,7,33822.88753
-6.0,7,33845.400758
-6.0,7,33867.882945
-6.0,7,33890.252539
-6.0,7,33912.618393
-6.0,7,33935.106584
-6.0,7,33957.597233
-6.0,7,33979.9807
-6.0,7,34002.349607
-6.0,7,34024.724627
-6.0,7,34047.181885
-6.0,7,34069.590087
-6.0,7,34091.961446
-6.0,7,34114.314197
-6.0,7,34136.76535
-6.0,7,34159.169124
-6.0,7,34181.508452
-6.0,7,34203.840993
-6.0,7,34226.23889
-6.0,7,34248.944411
-6.0,7,34271.317054
-6.0,7,34293.692517
-6.0,7,34316.030536
-6.0,7,34338.523819
-6.0,7,34360.992621
-6.0,7,34383.365005
-6.0,7,34405.73059
-6.0,7,34428.206254
-6.0,7,34450.880475
-6.0,7,34473.336328
-6.0,7,34495.681312
-6.0,7,34518.051842
-6.0,7,34540.527182
-6.0,7,34562.99068
-6.0,7,34585.355785
-6.0,7,34607.695361
-6.0,7,34630.138222
-6.0,7,34652.745614
-6.0,7,34675.125695
-6.0,7,34697.492903
-6.0,7,34719.862801
-6.0,7,34742.365369
-6.0,7,34764.935834
-6.0,7,34787.277318
-6.0,7,34809.622819
-6.0,7,34832.106524
-6.0,7,34854.650436
-6.0,7,34877.111315
-6.0,7,34899.487348
-6.0,7,34921.853117
-6.0,7,34944.391802
-6.0,7,34966.860443
-6.0,7,34989.244272
-6.0,7,35011.589386
-6.0,7,35034.078855
-6.0,7,35056.659382
-6.0,7,35079.035957
-6.0,7,35101.412581
-6.0,7,35123.755166
-6.0,7,35146.29421
-6.0,7,35168.766636
-6.0,7,35191.139491
-6.0,7,35213.530337
-6.0,7,35236.127668
-6.0,7,35258.627511
-6.0,7,35281.018307
-6.0,7,35303.438345
-6.0,7,35325.858427
-6.0,7,35348.393971
-6.0,7,35370.877396
-6.0,7,35393.4145
-6.0,7,35416.00214
-6.0,7,35438.852052
-6.0,7,35461.555556
-6.0,7,35484.254089
-6.0,7,35506.965537
-6.0,7,35529.868612
-6.0,7,35552.870319
-6.0,7,35575.602324
-6.0,7,35598.294411
-6.0,7,35621.012466
-6.0,7,35643.92443
-6.0,7,35666.670744
-6.0,7,35689.383386
-6.0,7,35712.061095
-6.0,7,35734.944008
-6.0,7,35757.758655
-6.0,7,35780.477179
-6.0,7,35803.149921
-6.0,7,35825.871475
-6.0,7,35848.795895
-6.0,7,35871.632189
-6.0,7,35894.350592
-6.0,7,35917.06835
-6.0,7,35939.970507
-6.0,7,35962.705158
-6.0,7,35985.417803
-6.0,7,36008.090431
-6.0,7,36030.918302
-6.0,7,36053.948627
-6.0,7,36076.536532
-6.0,7,36098.911271
-6.0,7,36121.289631
-6.0,7,36143.756416
-6.0,7,36166.159832
-6.0,7,36188.513144
-6.0,7,36210.916188
-6.0,7,36233.459688
-6.0,7,36256.130835
-6.0,7,36278.539131
-6.0,7,36300.922482
-6.0,7,36323.311564
-6.0,7,36345.812463
-6.0,7,36368.277566
-6.0,7,36390.675294
-6.0,7,36413.05363
-6.0,7,36435.597911
-6.0,7,36458.061996
-6.0,7,36480.455193
-6.0,7,36502.868077
-6.0,7,36525.281061
-6.0,7,36547.880878
-6.0,7,36570.354951
-6.0,7,36592.771466
-6.0,7,36615.200824
-6.0,7,36637.806049
-6.0,7,36660.266256
-6.0,7,36682.711855
-6.0,7,36705.134372
-6.0,7,36727.555747
-6.0,7,36750.212363
-6.0,7,36772.678975
-6.0,7,36795.095926
-6.0,7,36817.516671
-6.0,7,36840.062477
-6.0,7,36862.606334
-6.0,7,36885.016484
-6.0,7,36907.45128
-6.0,7,36929.970571
-6.0,7,36952.615501
-6.0,7,36975.085341
-6.0,7,36997.531145
-6.0,7,37019.958889
-6.0,7,37042.504891
-6.0,7,37065.053825
-6.0,7,37087.489256
-6.0,7,37109.94918
-6.0,7,37132.598327
-6.0,7,37155.247929
-6.0,7,37177.770256
-6.0,7,37200.20471
-6.0,7,37222.674128
-6.0,7,37245.295662
-6.0,7,37267.768394
-6.0,7,37290.185633
-6.0,7,37312.650072
-6.0,7,37335.237616
-6.0,7,37357.889636
-6.0,7,37380.379777
-6.0,7,37402.834737
-6.0,7,37425.272149
-6.0,7,37447.870415
-6.0,7,37470.422747
-6.0,7,37492.865404
-6.0,7,37515.291893
-6.0,7,37537.895098
-6.0,7,37560.39536
-6.0,7,37582.831948
-6.0,7,37605.252931
-6.0,7,37627.703293
-6.0,7,37650.319424
-6.0,7,37672.809315
-6.0,7,37695.259179
-6.0,7,37717.711824
-6.0,7,37740.347188
-6.0,7,37762.911747
-6.0,7,37785.374338
-6.0,7,37807.789626
-6.0,7,37830.400141
-6.0,7,37853.086532
-6.0,7,37875.593565
-6.0,7,37898.029494
-6.0,7,37920.455617
-6.0,7,37943.052863
-6.0,7,37965.692186
-6.0,7,37988.144926
-6.0,7,38010.593002
-6.0,7,38033.2357
-6.0,7,38055.914949
-6.0,7,38078.508073
-6.0,7,38100.957599
-6.0,7,38123.359067
-6.0,7,38146.043354
-6.0,7,38168.589315
-6.0,7,38191.048605
-6.0,7,38213.47949
-6.0,7,38236.071601
-6.0,7,38258.729357
-6.0,7,38281.17969
-6.0,7,38303.616535
-6.0,7,38326.086012
-6.0,7,38348.713236
-6.0,7,38371.254812
-6.0,7,38393.686132
-6.0,7,38416.139914
-6.0,7,38438.791585
-6.0,7,38461.404017
-6.0,7,38483.874169
-6.0,7,38506.348569
-6.0,7,38528.790394
-6.0,7,38551.5078
-6.0,7,38574.004216
-6.0,7,38596.467595
-6.0,7,38618.937534
-6.0,7,38641.567335
-6.0,7,38664.052388
-6.0,7,38686.537584
-6.0,7,38709.01309
-6.0,7,38731.624104
-6.0,7,38754.3177
-6.0,7,38776.796078
-6.0,7,38799.241334
-6.0,7,38821.692103
-6.0,7,38844.333958
-6.0,7,38866.840563
-6.0,7,38889.305392
-6.0,7,38911.732908
-6.0,7,38934.328304
-6.0,7,38957.018728
-6.0,7,38979.57535
-6.0,7,39002.029083
-6.0,7,39024.498657
-6.0,7,39047.109666
-6.0,7,39069.610744
-6.0,7,39092.06315
-6.0,7,39114.496251
-6.0,7,39137.109017
-6.0,7,39159.668494
-6.0,7,39182.131804
-6.0,7,39204.576647
-6.0,7,39227.012089
-6.0,7,39249.602547
-6.0,7,39272.188335
-6.0,7,39294.623464
-6.0,7,39317.070114
-6.0,7,39339.669636
-6.0,7,39362.149638
-6.0,7,39384.588594
-6.0,7,39407.045133
-6.0,7,39429.484149
-6.0,7,39452.116017
-6.0,7,39474.597111
-6.0,7,39496.996524
-6.0,7,39519.395904
-6.0,7,39541.921661
-6.0,7,39564.341688
-6.0,7,39586.747656
-6.0,7,39609.162338
-6.0,7,39631.64328
-6.0,7,39654.20498
-6.0,7,39676.723965
-6.0,7,39699.064587
-6.0,7,39721.430696
-6.0,7,39743.915319
-6.0,7,39766.34203
-6.0,7,39788.746331
-6.0,7,39811.113583
-6.0,7,39833.658128
-6.0,7,39856.182255
-6.0,7,39878.685303
-6.0,7,39901.068902
-6.0,7,39923.446663
-6.0,7,39945.972496
-6.0,7,39968.450432
-6.0,7,39990.79953
-6.0,7,40013.184251
-6.0,7,40035.629453
-6.0,7,40058.155852
-6.0,7,40080.627566
-6.0,7,40103.035439
-6.0,7,40125.465416
-6.0,7,40147.954266
-6.0,7,40170.37608
-6.0,7,40192.707102
-6.0,7,40215.111004
-6.0,7,40237.627268
-6.0,7,40260.273192
-6.0,7,40282.693946
-6.0,7,40305.096362
-6.0,7,40327.467978
-6.0,7,40349.920049
-6.0,7,40372.312794
-6.0,7,40394.662322
-6.0,7,40417.01566
-6.0,7,40439.503245
-6.0,7,40461.908921
-6.0,7,40484.299081
-6.0,7,40506.643548
-6.0,7,40529.05169
-6.0,7,40551.500327
-6.0,7,40573.8737
-6.0,7,40596.246193
-6.0,7,40618.58578
-6.0,7,40641.092283
-6.0,7,40663.53854
-6.0,7,40685.900855
-6.0,7,40708.264203
-6.0,7,40730.720951
-6.0,7,40753.390551
-6.0,7,40775.866308
-6.0,7,40798.233908
-6.0,7,40820.588898
-6.0,7,40843.108969
-6.0,7,40865.623596
-6.0,7,40887.986689
-6.0,7,40910.312614
-6.0,7,40932.85542
-6.0,7,40955.398106
-6.0,7,40977.895625
-6.0,7,41000.267972
-6.0,7,41022.629574
-6.0,7,41045.076083
-6.0,7,41067.581126
-6.0,7,41089.967928
-6.0,7,41112.33282
-6.0,7,41134.81887
-6.0,7,41157.355534
-6.0,7,41179.778917
-6.0,7,41202.141857
-6.0,7,41224.520517
-6.0,7,41246.999428
-6.0,7,41269.466392
-6.0,7,41291.942454
-6.0,7,41314.304632
-6.0,7,41336.768465
-6.0,7,41359.467858
-6.0,7,41381.958986
-6.0,7,41404.295727
-6.0,7,41426.671552
-6.0,7,41449.165028
-6.0,7,41471.786438
-6.0,7,41494.199457
-6.0,7,41516.571353
-6.0,7,41539.09361
-6.0,7,41561.615166
-6.0,7,41583.97479
-6.0,7,41606.42263
-6.0,7,41628.81315
-6.0,7,41651.314897
-6.0,7,41673.7505
-6.0,7,41696.126763
-6.0,7,41718.545208
-6.0,7,41741.069265
-6.0,7,41763.577261
-6.0,7,41785.964972
-6.0,7,41808.299476
-6.0,7,41830.680099
-6.0,7,41853.245763
-6.0,7,41875.777847
-6.0,7,41898.17984
-6.0,7,41920.55402
-6.0,7,41943.034878
-6.0,7,41965.489421
-6.0,7,41987.860974
-6.0,7,42010.246425
-6.0,7,42032.751019
-6.0,7,42055.430511
-6.0,7,42077.863014
-6.0,7,42100.218463
-6.0,7,42122.638536
-6.0,7,42145.256035
-6.0,7,42167.739713
-6.0,7,42190.166587
-6.0,7,42212.634868
-6.0,7,42235.272941
-6.0,7,42257.900575
-6.0,7,42280.461624
-6.0,7,42302.920837
-6.0,7,42325.395181
-6.0,7,42348.04576
-6.0,7,42370.623601
-6.0,7,42393.131522
-6.0,7,42415.616875
-6.0,7,42438.287736
-6.0,7,42461.024102
-6.0,7,42483.65275
-6.0,7,42506.137687
-6.0,7,42528.604257
-6.0,7,42551.195523
-6.0,7,42573.884297
-6.0,7,42596.391657
-6.0,7,42618.890829
-6.0,7,42641.484499
-6.0,7,42664.012548
-6.0,7,42686.480873
-6.0,7,42708.960346
-6.0,7,42731.433213
-6.0,7,42754.132828
-6.0,7,42776.65005
-6.0,7,42799.122658
-6.0,7,42821.610423
-6.0,7,42844.188804
-6.0,7,42866.80982
-6.0,7,42889.323282
-6.0,7,42911.826004
-6.0,7,42934.430539
-6.0,7,42957.097847
-6.0,7,42979.62352
-6.0,7,43002.13454
-6.0,7,43024.645033
-6.0,7,43047.303873
-6.0,7,43069.839264
-6.0,7,43092.315279
-6.0,7,43114.790233
-6.0,7,43137.415114
-6.0,7,43160.078937
-6.0,7,43182.702929
-6.0,7,43205.186716
-6.0,7,43227.64438
-6.0,7,43250.344068
-6.0,7,43272.883437
-6.0,7,43295.406712
-6.0,7,43317.896951
-6.0,7,43340.53559
-6.0,7,43363.143551
-6.0,7,43385.64444
-6.0,7,43408.136335
-6.0,7,43430.627453
-6.0,7,43453.293449
-6.0,7,43475.876244
-6.0,7,43498.393953
-6.0,7,43520.874486
-6.0,7,43543.486375
-6.0,7,43566.076966
-6.0,7,43588.575352
-6.0,7,43611.077399
-6.0,7,43633.723374
-6.0,7,43656.43984
-6.0,7,43678.978266
-6.0,7,43701.451613
-6.0,7,43723.937906
-6.0,7,43746.573958
-6.0,7,43769.127994
-6.0,7,43791.629704
-6.0,7,43814.133334
-6.0,7,43836.756471
-6.0,7,43859.394608
-6.0,7,43882.112229
-6.0,7,43904.683523
-6.0,7,43927.317869
-6.0,7,43950.192031
-6.0,7,43972.992449
-6.0,7,43995.725927
-6.0,7,44018.39364
-6.0,7,44041.282901
-6.0,7,44064.133482
-6.0,7,44086.835901
-6.0,7,44109.569502
-6.0,7,44132.287618
-6.0,7,44155.269456
-6.0,7,44178.01984
-6.0,7,44200.731237
-6.0,7,44223.464911
-6.0,7,44246.339527
-6.0,7,44269.104009
-6.0,7,44291.847239
-6.0,7,44314.56281
-6.0,7,44337.524997
-6.0,7,44360.574284
-6.0,7,44383.410588
-6.0,7,44406.143622
-6.0,7,44428.84075
-6.0,7,44451.765354
-6.0,7,44474.457164
-6.0,7,44497.115211
-6.0,7,44519.720197
-6.0,7,44542.412121
-6.0,7,44564.95867
-6.0,7,44587.459821
-6.0,7,44609.985042
-6.0,7,44632.455266
-6.0,7,44655.2054
-6.0,7,44677.766983
-6.0,7,44700.245761
-6.0,7,44722.747886
-6.0,7,44745.383663
-6.0,7,44768.0109
-6.0,7,44790.480477
-6.0,7,44812.956459
-6.0,7,44835.629619
-6.0,7,44858.330996
-6.0,7,44880.842446
-6.0,7,44903.320513
-6.0,7,44925.782831
-6.0,7,44948.416329
-6.0,7,44970.928236
