#{"t_start": 1661258181.6065865, "env_id": null}
r,l,t
1.46,6,23.648906
6.4,7,46.7486
5.0,7,69.559691
1.53,7,92.532184
6.87,7,115.512481
10.36,7,138.653143
8.83,7,161.495649
11.0,7,184.507027
10.34,7,207.604029
6.24,7,230.61396
1.37,7,253.433907
-3.2,7,276.54254
11.7,7,299.594362
10.54,7,322.851738
7.5,7,345.674172
-6.0,7,368.407954
3.93,7,391.647136
9.69,7,415.057754
9.17,7,438.169055
-3.27,7,460.918472
2.37,7,484.345083
11.1,7,507.589446
8.53,7,530.370065
2.21,7,553.044538
-3.53,7,576.119458
6.9,7,599.003303
-1.07,7,621.692775
1.4,7,644.465213
-6.0,7,667.271319
7.5,7,690.499318
3.53,7,713.275278
0.97,7,736.041247
-0.86,7,759.000241
-0.47,7,782.135699
11.09,7,805.581968
10.48,7,828.833125
3.63,7,851.597642
-6.0,7,874.612337
10.98,7,897.579946
6.83,7,920.684682
4.21,7,944.025842
-6.0,7,966.719522
0.97,7,989.796158
7.19,7,1013.394995
11.8,7,1036.464999
-0.8,7,1059.087656
-6.0,7,1081.74678
10.21,7,1104.745425
6.49,7,1127.943034
6.84,7,1150.784671
-6.0,7,1173.442533
10.31,7,1196.804832
11.06,7,1220.102132
13.08,7,1243.661217
-6.0,7,1266.10543
-1.17,7,1288.931379
11.1,7,1312.31674
-0.43,7,1335.054517
-3.1,7,1357.804069
-2.87,7,1381.094191
12.66,7,1404.115979
11.0,7,1427.18163
6.64,7,1449.743349
-6.0,7,1472.33725
9.91,7,1495.636993
10.49,7,1518.679866
8.0,7,1541.576868
-3.17,7,1564.234526
3.43,7,1587.895847
12.89,7,1611.223643
9.44,7,1634.040355
1.43,7,1656.829619
-3.37,7,1679.878545
12.69,7,1702.966114
11.96,7,1726.165057
8.67,7,1749.222626
-6.0,7,1771.895274
8.21,7,1795.271996
10.73,7,1818.431678
11.33,7,1841.453951
-3.2,7,1864.269105
2.33,7,1887.387522
12.6,7,1910.766593
12.06,7,1934.225247
2.86,7,1957.143021
-3.33,7,1980.427632
11.44,7,2003.432818
12.93,7,2026.770104
8.56,7,2049.786971
-6.0,7,2072.519529
9.7,7,2095.864863
12.24,7,2118.935163
13.18,7,2142.384748
-3.0,7,2165.061619
2.07,7,2188.20646
11.86,7,2211.126835
12.84,7,2234.672354
2.9,7,2257.762857
-3.17,7,2280.654508
12.64,7,2304.224751
12.87,7,2327.418454
9.39,7,2350.288905
-6.0,7,2372.804274
8.21,7,2395.93859
12.6,7,2419.113625
12.87,7,2442.550323
-3.17,7,2465.350042
2.5,7,2488.673382
11.26,7,2511.815091
12.85,7,2535.193178
2.79,7,2557.784073
-6.0,7,2580.614882
12.7,7,2604.21929
11.6,7,2627.550728
11.4,7,2650.254505
-6.0,7,2673.063882
9.49,7,2696.22265
12.29,7,2719.282898
12.68,7,2742.090974
-1.57,7,2764.807165
2.44,7,2787.886228
12.73,7,2811.380146
12.37,7,2835.064589
1.84,7,2857.883939
-6.0,7,2880.739722
11.66,7,2904.155427
12.64,7,2927.338622
12.07,7,2950.526395
-6.0,7,2973.338793
8.6,7,2996.959616
11.97,7,3020.038832
12.23,7,3043.48637
-3.27,7,3066.080985
0.2,7,3089.563971
10.61,7,3112.699677
12.6,7,3135.990135
5.23,7,3158.944132
-6.0,7,3181.995816
12.73,7,3205.507746
12.34,7,3228.843274
11.7,7,3251.990869
-6.0,7,3274.614662
6.44,7,3297.865287
11.01,7,3321.19166
8.79,7,3344.310523
-3.23,7,3367.066138
1.87,7,3390.208135
11.15,7,3413.310652
12.56,7,3436.573692
5.6,7,3459.284102
-6.0,7,3482.255146
9.94,7,3505.334747
10.14,7,3528.628366
8.76,7,3551.766588
-6.0,7,3574.402507
-1.17,7,3597.316858
7.12,7,3620.908867
11.5,7,3644.59094
-0.47,7,3667.092526
-6.0,7,3689.632843
10.16,7,3712.832919
11.13,7,3736.282744
5.13,7,3758.992835
-6.0,7,3781.550084
10.8,7,3804.887599
10.9,7,3828.364394
12.69,7,3851.728204
-6.0,7,3874.403811
4.94,7,3897.528805
4.57,7,3920.607182
6.54,7,3943.745113
-0.97,7,3966.493927
-3.77,7,3989.527141
9.2,7,4012.749069
8.63,7,4035.618573
6.77,7,4058.406559
-6.0,7,4081.024323
9.96,7,4104.619515
10.9,7,4127.90264
11.47,7,4151.076499
-6.0,7,4173.816517
1.93,7,4197.29021
10.02,7,4220.294657
11.92,7,4243.608039
2.3,7,4266.532192
-3.0,7,4289.826559
7.44,7,4312.912026
7.77,7,4336.588681
8.56,7,4359.44148
-6.0,7,4381.966012
9.73,7,4405.289679
6.23,7,4428.176593
6.9,7,4451.360844
-6.0,7,4473.95167
1.94,7,4497.289548
9.67,7,4520.348056
7.56,7,4543.673522
2.7,7,4566.461962
-3.8,7,4589.18522
6.46,7,4612.185888
9.96,7,4635.520476
8.73,7,4658.839433
-6.0,7,4681.706699
9.02,7,4704.889481
10.74,7,4728.260029
11.37,7,4751.624918
-3.5,7,4774.120865
5.77,7,4797.470965
8.03,7,4820.81391
9.93,7,4844.013767
2.13,7,4866.783678
-6.0,7,4889.628042
5.47,7,4912.711231
3.71,7,4935.689045
3.78,7,4958.315625
-6.0,7,4980.980561
3.57,7,5004.025666
10.63,7,5027.35711
12.27,7,5050.673036
-3.37,7,5073.202535
2.03,7,5096.56602
11.33,7,5119.91976
12.16,7,5143.111243
1.07,7,5165.892617
-3.07,7,5189.239607
11.83,7,5212.717045
6.63,7,5235.70715
8.11,7,5258.689539
-6.0,7,5281.267034
7.24,7,5304.523774
11.0,7,5327.661556
12.2,7,5350.98717
-3.37,7,5373.617077
3.16,7,5396.943657
9.93,7,5420.201
9.89,7,5443.593376
1.5,7,5466.495251
-3.87,7,5489.849602
12.93,7,5513.100768
10.9,7,5536.429814
6.34,7,5559.342959
-6.0,7,5582.2629
7.67,7,5605.680379
11.48,7,5628.833644
10.7,7,5652.258924
-3.0,7,5675.092254
3.14,7,5698.184338
12.36,7,5721.450922
9.93,7,5744.642177
4.7,7,5767.498726
-3.5,7,5790.677606
12.26,7,5814.0409
11.14,7,5837.629765
10.52,7,5860.535952
-6.0,7,5883.139644
3.33,7,5906.278003
11.47,7,5929.827804
12.27,7,5953.434277
-3.33,7,5976.084334
2.33,7,5999.407086
10.89,7,6022.699247
10.2,7,6045.964454
3.0,7,6068.696161
-3.7,7,6091.582988
7.71,7,6114.919281
10.23,7,6138.452469
6.59,7,6161.365015
-6.0,7,6183.987624
4.39,7,6207.025138
5.48,7,6230.034661
6.21,7,6252.848858
-1.14,7,6275.511875
-0.63,7,6298.358783
9.83,7,6321.616201
8.54,7,6344.693286
1.5,7,6367.480697
-6.0,7,6390.358986
11.09,7,6413.975272
9.06,7,6437.040042
9.87,7,6460.321218
-6.0,7,6482.99454
5.9,7,6506.221697
9.91,7,6529.411199
8.47,7,6552.70152
-0.53,7,6575.226998
-3.13,7,6598.560208
11.32,7,6621.825763
10.43,7,6645.107192
6.36,7,6668.204606
-6.0,7,6691.354114
10.23,7,6714.423454
7.54,7,6737.764622
11.32,7,6760.997212
-6.0,7,6783.458149
4.6,7,6806.478912
1.94,7,6829.227556
12.12,7,6852.661463
-0.37,7,6875.480801
-0.8,7,6898.522024
10.7,7,6921.76431
11.32,7,6945.429594
5.8,7,6968.144542
-6.0,7,6990.720675
11.21,7,7013.857421
11.38,7,7037.370842
7.39,7,7060.54465
-6.0,7,7083.153162
4.83,7,7106.606114
10.83,7,7130.106752
10.84,7,7153.325719
-0.6,7,7175.840006
-3.8,7,7198.686038
9.73,7,7222.144215
6.22,7,7245.24311
2.2,7,7268.036504
-6.0,7,7290.968596
11.1,7,7314.454083
11.06,7,7337.771626
12.84,7,7361.063986
-6.0,7,7383.846845
4.83,7,7406.918881
7.83,7,7429.906113
9.2,7,7453.06157
-0.27,7,7475.747655
-3.33,7,7498.673281
10.94,7,7521.815393
12.17,7,7544.781479
6.44,7,7567.45161
-6.0,7,7589.989981
12.23,7,7613.427092
8.3,7,7636.563392
8.86,7,7659.50481
-3.57,7,7682.256002
4.73,7,7705.711846
-0.53,7,7728.309708
10.63,7,7751.495478
1.13,7,7774.313071
-3.37,7,7797.460633
10.9,7,7820.824059
9.87,7,7844.049394
1.23,7,7867.022129
-6.0,7,7889.61046
7.68,7,7912.621109
1.14,7,7935.46912
6.03,7,7958.676992
-3.17,7,7981.366881
-6.0,7,8004.256876
7.17,7,8027.538535
10.67,7,8050.825187
2.43,7,8073.53985
-6.0,7,8096.310467
12.73,7,8119.703876
-0.66,7,8142.615102
9.5,7,8165.58687
-6.0,7,8188.274037
9.11,7,8211.807874
12.36,7,8235.147222
9.37,7,8258.212347
-0.57,7,8280.738441
2.83,7,8303.805584
8.96,7,8327.022718
9.53,7,8350.28949
1.97,7,8373.157381
-6.0,7,8396.338001
11.07,7,8419.319985
13.3,7,8442.152831
12.39,7,8465.170609
-6.0,7,8487.944432
7.97,7,8511.207783
4.47,7,8534.049186
9.57,7,8557.235966
-0.5,7,8579.944133
-3.07,7,8602.643067
-3.33,7,8625.634541
12.53,7,8648.719369
5.16,7,8671.371506
-6.0,7,8694.082097
12.27,7,8717.517987
10.19,7,8740.486906
8.9,7,8763.595717
-6.0,7,8786.213615
5.73,7,8809.797224
3.12,7,8832.627661
11.43,7,8855.55457
2.36,7,8878.407028
-2.97,7,8901.756982
10.96,7,8925.083913
9.07,7,8948.24056
7.24,7,8971.110025
-6.0,7,8993.762469
9.47,7,9016.993669
10.73,7,9040.034477
12.67,7,9063.377437
-3.6,7,9086.033475
3.1,7,9109.344847
12.67,7,9132.689958
10.77,7,9156.161388
2.67,7,9178.979625
-2.87,7,9202.023219
11.97,7,9225.155206
8.77,7,9248.371719
6.33,7,9271.284542
-6.0,7,9294.085876
7.27,7,9317.248622
9.77,7,9340.264753
11.17,7,9363.650706
-3.5,7,9386.236376
-6.0,7,9408.669706
-1.03,7,9431.481249
7.67,7,9454.615888
-0.96,7,9477.180997
-3.9,7,9500.094358
12.1,7,9523.435633
1.57,7,9546.467405
11.64,7,9569.23069
-6.0,7,9591.816295
8.63,7,9615.181764
12.18,7,9638.758131
7.76,7,9661.863464
-1.46,7,9684.538562
-0.86,7,9707.775441
-0.66,7,9730.606629
1.3,7,9753.100967
6.04,7,9775.835633
-6.0,7,9798.543375
2.14,7,9821.222898
-0.7,7,9844.033591
-1.03,7,9866.90433
-6.0,7,9889.687334
5.7,7,9913.260286
13.1,7,9936.295428
12.38,7,9959.370519
2.06,7,9982.276709
-0.64,7,10005.356151
11.0,7,10028.62658
10.63,7,10051.969746
8.97,7,10074.812199
-6.0,7,10097.58413
12.53,7,10120.668643
12.27,7,10143.972602
12.93,7,10167.381843
-6.0,7,10190.182633
4.69,7,10213.194618
5.54,7,10236.111827
4.7,7,10258.957858
3.14,7,10281.74403
-2.93,7,10304.727805
12.63,7,10328.141347
1.4,7,10350.841657
-0.37,7,10373.389088
-6.0,7,10396.385257
7.65,7,10419.782784
12.37,7,10443.548331
12.76,7,10467.048407
-3.27,7,10489.607825
3.43,7,10512.768563
12.84,7,10536.025734
2.13,7,10558.78308
-0.67,7,10581.460932
-2.93,7,10604.597572
12.67,7,10627.945873
4.97,7,10650.502153
10.56,7,10673.180537
-6.0,7,10695.856614
10.5,7,10718.954313
10.2,7,10742.103606
5.52,7,10765.039222
-3.2,7,10787.83232
0.17,7,10810.837904
10.33,7,10834.026281
12.36,7,10857.423121
5.74,7,10880.166166
-6.0,7,10903.384119
12.63,7,10926.704787
11.6,7,10949.515509
11.22,7,10972.61722
-6.0,7,10995.287758
4.67,7,11018.591587
12.7,7,11041.873925
12.1,7,11064.774704
-0.57,7,11087.688467
0.0,7,11110.732941
12.94,7,11133.881242
12.2,7,11157.048457
5.27,7,11179.850328
-6.0,7,11202.648228
7.3,7,11225.453759
12.3,7,11248.837787
9.91,7,11271.862963
-6.0,7,11294.598518
6.73,7,11317.831831
12.37,7,11341.013882
12.2,7,11364.359969
-0.07,7,11387.155159
-0.57,7,11410.70208
12.54,7,11434.045219
12.94,7,11457.380685
7.87,7,11480.153362
-6.0,7,11502.81715
10.59,7,11525.957707
10.8,7,11549.405242
11.23,7,11572.376233
-6.0,7,11595.169979
5.46,7,11618.200758
11.27,7,11641.333018
12.8,7,11664.786147
2.41,7,11687.593784
-0.37,7,11710.898493
12.57,7,11734.676779
12.44,7,11757.788221
7.93,7,11780.482272
-6.0,7,11803.115398
11.46,7,11826.366645
12.44,7,11849.911799
12.2,7,11873.787629
-6.0,7,11896.53168
6.1,7,11919.628682
11.73,7,11942.469854
10.87,7,11965.771999
2.33,7,11988.505487
-3.3,7,12012.040395
10.47,7,12035.320891
10.69,7,12058.518381
9.14,7,12081.540318
-6.0,7,12104.370089
12.8,7,12127.912838
13.06,7,12150.806434
12.07,7,12174.011894
-6.0,7,12196.681104
5.6,7,12219.86689
12.3,7,12243.554775
12.66,7,12266.847836
2.21,7,12289.59041
-0.76,7,12313.143548
12.96,7,12336.160766
9.51,7,12359.068001
8.13,7,12382.059406
-6.0,7,12404.939371
10.64,7,12428.149637
10.34,7,12451.182283
10.57,7,12474.093197
-3.93,7,12496.787944
3.0,7,12520.20265
12.94,7,12543.463866
12.56,7,12566.907022
1.9,7,12589.901675
-3.4,7,12612.903766
10.68,7,12635.77833
11.6,7,12658.964361
9.7,7,12681.78177
-6.0,7,12704.522716
8.76,7,12727.521845
12.17,7,12751.134117
12.91,7,12774.620662
-3.67,7,12797.524929
3.04,7,12820.476207
12.43,7,12843.846387
11.58,7,12867.016748
2.14,7,12889.839257
-3.13,7,12913.089024
9.24,7,12936.62588
11.26,7,12959.478718
7.83,7,12982.506089
-6.0,7,13005.437749
10.2,7,13028.358638
10.6,7,13051.560654
12.53,7,13074.706074
-3.5,7,13097.414104
3.03,7,13120.535057
11.99,7,13144.148624
10.57,7,13167.364119
1.93,7,13190.196839
-2.83,7,13213.415728
12.6,7,13236.749905
9.5,7,13259.674214
7.56,7,13282.616612
-6.0,7,13305.445243
8.87,7,13328.435788
11.75,7,13351.420607
11.53,7,13374.388376
-3.07,7,13397.167928
2.76,7,13420.851569
11.37,7,13443.733725
9.63,7,13466.6393
2.63,7,13489.63821
-3.17,7,13512.640448
11.69,7,13535.61984
11.16,7,13558.961152
8.42,7,13581.869995
-6.0,7,13604.816484
6.86,7,13627.879024
9.96,7,13651.243643
12.07,7,13674.654701
-3.27,7,13697.476977
2.27,7,13721.044064
10.86,7,13743.965064
11.7,7,13767.573768
3.0,7,13790.398381
-3.73,7,13813.6331
10.7,7,13836.873653
8.33,7,13859.978464
6.63,7,13882.859061
-6.0,7,13905.831186
6.77,7,13928.950314
10.43,7,13951.96923
11.27,7,13975.542198
-3.27,7,13998.296615
2.69,7,14021.505674
10.73,7,14044.97862
9.89,7,14068.123557
2.13,7,14090.930285
-3.37,7,14114.092593
12.25,7,14137.351582
13.06,7,14160.860564
6.74,7,14183.694053
-6.0,7,14206.568739
9.65,7,14229.642722
11.86,7,14253.13068
12.69,7,14276.100415
-3.13,7,14299.054498
1.63,7,14322.120055
11.97,7,14345.196197
11.29,7,14368.451385
1.94,7,14391.304949
-3.67,7,14414.765239
11.6,7,14437.796734
11.64,7,14460.805141
10.44,7,14483.711524
-6.0,7,14506.458566
9.37,7,14529.635505
12.0,7,14552.493072
12.2,7,14575.910134
-3.27,7,14598.836109
1.94,7,14622.209029
11.87,7,14645.552801
11.8,7,14668.71491
4.49,7,14691.705595
-6.0,7,14714.839267
12.73,7,14737.745206
8.41,7,14760.706438
8.89,7,14783.714807
-6.0,7,14806.538956
5.39,7,14829.815158
10.8,7,14853.336112
11.3,7,14876.188932
-0.77,7,14899.107443
-1.07,7,14922.026641
10.57,7,14945.535546
12.2,7,14968.746439
5.53,7,14991.555618
-6.0,7,15014.621125
10.54,7,15037.442019
10.83,7,15060.338633
11.49,7,15083.251845
-6.0,7,15106.077813
5.5,7,15129.400011
9.75,7,15152.511132
8.61,7,15175.543
-0.97,7,15198.33239
-0.07,7,15221.744685
12.02,7,15244.51831
12.27,7,15267.874095
3.17,7,15290.846989
-6.0,7,15313.696231
9.67,7,15336.698329
9.57,7,15359.693425
10.19,7,15382.590744
-6.0,7,15405.447664
6.2,7,15428.997838
9.73,7,15451.922303
10.36,7,15474.688427
-0.57,7,15497.639002
0.1,7,15520.794557
10.27,7,15544.208493
10.14,7,15567.148635
4.83,7,15589.931218
-6.0,7,15612.952222
9.17,7,15635.98148
10.89,7,15658.701866
10.73,7,15681.64141
-3.9,7,15704.48022
2.1,7,15727.509928
10.9,7,15750.941661
11.2,7,15774.110419
2.1,7,15797.104545
-3.23,7,15820.335388
9.2,7,15843.250262
8.51,7,15866.395714
7.77,7,15889.536968
-6.0,7,15912.63889
6.43,7,15935.806378
9.21,7,15958.775773
8.3,7,15982.035072
-3.93,7,16005.031914
2.4,7,16028.267097
9.33,7,16051.448382
10.27,7,16074.580654
2.46,7,16097.285655
-3.63,7,16120.54553
9.98,7,16143.895751
10.86,7,16167.336178
8.13,7,16190.193055
-6.0,7,16212.91359
9.54,7,16235.836115
12.07,7,16259.390036
9.43,7,16282.551395
-3.5,7,16305.381897
1.9,7,16328.297389
9.47,7,16351.39089
10.83,7,16374.315248
2.9,7,16397.013571
-2.77,7,16420.145684
11.46,7,16443.37452
10.05,7,16466.336681
8.27,7,16489.16354
-6.0,7,16511.949375
9.97,7,16535.002119
12.22,7,16558.703668
11.7,7,16581.683698
-3.47,7,16604.42489
3.53,7,16627.900595
12.57,7,16651.286345
10.47,7,16674.438966
1.76,7,16697.283989
-3.3,7,16720.341321
10.13,7,16743.18317
9.84,7,16766.158086
7.4,7,16788.98403
-6.0,7,16811.725185
8.34,7,16834.889273
12.54,7,16857.744895
12.3,7,16880.929789
-3.33,7,16903.720494
2.37,7,16926.717693
12.43,7,16949.890063
12.4,7,16973.208456
4.93,7,16996.271654
-6.0,7,17019.448477
11.64,7,17042.281923
10.6,7,17065.672341
9.26,7,17088.576681
-6.0,7,17111.520476
8.44,7,17134.415018
7.34,7,17157.365087
10.03,7,17180.641529
-3.5,7,17203.69478
-1.44,7,17226.983855
8.43,7,17249.936429
9.71,7,17273.137662
4.56,7,17296.061226
-6.0,7,17319.101326
9.54,7,17342.226237
11.47,7,17365.658028
9.77,7,17388.799167
-6.0,7,17411.672129
6.1,7,17434.800341
12.0,7,17458.350694
10.83,7,17481.400856
-3.4,7,17504.3336
-1.16,7,17527.452499
9.6,7,17550.720199
10.09,7,17573.931325
4.47,7,17596.848874
-6.0,7,17619.937031
8.81,7,17643.003833
8.83,7,17665.903537
11.06,7,17688.895839
-6.0,7,17711.818371
7.67,7,17734.715487
10.57,7,17758.290505
10.65,7,17781.513149
-0.73,7,17804.292003
0.47,7,17827.352624
12.34,7,17851.026408
9.6,7,17874.03155
4.16,7,17896.851991
-6.0,7,17919.96652
10.99,7,17942.812005
10.8,7,17965.670517
10.97,7,17989.140935
-6.0,7,18012.112674
5.13,7,18035.782516
11.56,7,18058.667402
8.7,7,18081.783152
-0.97,7,18104.805565
-0.43,7,18127.949299
10.96,7,18150.81045
11.26,7,18174.195615
5.83,7,18197.111879
-6.0,7,18220.2295
7.8,7,18243.509881
11.87,7,18266.655005
10.23,7,18289.76805
-6.0,7,18312.694279
5.76,7,18335.696998
10.93,7,18358.730801
10.57,7,18381.631391
-0.83,7,18404.558683
0.34,7,18427.753192
11.83,7,18450.810559
12.02,7,18474.562582
5.36,7,18497.425113
-6.0,7,18520.359056
10.7,7,18543.457483
10.53,7,18566.330339
10.99,7,18589.627011
-6.0,7,18612.461411
3.84,7,18635.530462
11.43,7,18658.378297
9.9,7,18681.761725
-0.67,7,18704.656792
-0.26,7,18727.776875
11.0,7,18751.015394
9.07,7,18774.034635
3.83,7,18796.892111
-6.0,7,18819.841596
12.07,7,18842.889736
9.27,7,18865.93559
8.64,7,18888.846735
-6.0,7,18911.674813
4.1,7,18934.633223
9.52,7,18957.928847
9.51,7,18980.757727
-0.86,7,19003.652295
-3.07,7,19026.723352
11.24,7,19049.932167
9.69,7,19073.029628
6.37,7,19095.957143
-6.0,7,19118.799174
11.46,7,19142.15921
9.67,7,19164.946428
8.3,7,19188.596859
-6.0,7,19211.587508
2.0,7,19234.531683
8.8,7,19257.518735
8.36,7,19280.471347
1.63,7,19303.381385
-3.47,7,19326.333971
7.93,7,19349.237074
11.09,7,19372.424688
6.2,7,19395.545548
-6.0,7,19418.581028
5.52,7,19441.550835
8.9,7,19464.397541
9.16,7,19487.493429
-3.5,7,19510.53521
1.34,7,19533.427466
-1.36,7,19556.484747
8.57,7,19579.499772
1.5,7,19602.36422
-3.63,7,19625.549309
9.37,7,19648.500306
8.67,7,19671.443539
5.93,7,19694.50407
-6.0,7,19717.460039
7.64,7,19740.352618
9.44,7,19763.577602
8.47,7,19786.882071
-3.13,7,19809.861387
-0.13,7,19832.823803
10.67,7,19855.82306
9.6,7,19879.095592
1.8,7,19901.965126
-6.0,7,19925.13349
8.1,7,19948.268384
9.37,7,19971.121773
8.47,7,19994.226818
-6.0,7,20017.105554
4.4,7,20040.192206
7.84,7,20063.211249
8.75,7,20086.508857
-3.13,7,20109.620541
1.33,7,20133.062399
8.86,7,20156.363071
5.77,7,20179.499935
-1.23,7,20202.502666
-6.0,7,20225.972459
5.07,7,20249.048197
8.06,7,20272.010862
5.6,7,20295.105811
-6.0,7,20318.245622
3.84,7,20341.270742
8.23,7,20364.28482
7.93,7,20387.374749
-3.47,7,20410.429382
-1.37,7,20433.646235
7.84,7,20456.623332
8.56,7,20479.650545
1.63,7,20502.709263
-6.0,7,20525.869049
7.87,7,20548.850953
9.04,7,20571.980137
6.59,7,20595.134126
-6.0,7,20618.455062
4.2,7,20641.544793
9.58,7,20664.505924
9.81,7,20687.642961
-3.33,7,20710.480587
1.46,7,20733.76845
4.44,7,20756.928685
-0.86,7,20779.922686
1.19,7,20802.958421
-6.0,7,20825.953453
8.93,7,20849.421412
-1.2,7,20872.906538
5.97,7,20895.928088
-6.0,7,20919.075772
2.96,7,20942.39859
8.14,7,20965.75804
5.15,7,20988.795064
-3.13,7,21011.762727
-1.63,7,21034.9343
8.63,7,21058.135108
-0.87,7,21081.3754
-3.23,7,21104.554076
-6.0,7,21127.893009
-0.97,7,21150.926957
7.41,7,21173.921179
5.07,7,21196.898161
-6.0,7,21220.131929
-6.0,7,21243.50472
5.21,7,21266.478308
0.57,7,21289.559327
-3.27,7,21312.741134
-3.8,7,21336.096807
-3.33,7,21359.226701
-3.43,7,21382.209033
-3.4,7,21405.338211
-6.0,7,21428.759546
4.89,7,21451.76467
6.84,7,21474.850255
0.67,7,21498.022094
-6.0,7,21521.140739
-3.93,7,21544.391887
-3.73,7,21567.375194
-1.53,7,21590.488919
-3.53,7,21613.756963
-6.0,7,21636.858631
-3.3,7,21659.981894
-3.53,7,21683.086112
-1.7,7,21706.157582
-6.0,7,21729.484792
-3.43,7,21752.494783
2.87,7,21775.743007
-3.3,7,21799.002293
-6.0,7,21822.073214
4.87,7,21845.248864
2.96,7,21868.334702
-3.5,7,21891.402578
-3.5,7,21914.530672
0.43,7,21937.563946
-1.63,7,21960.651649
-1.37,7,21983.959607
-1.5,7,22007.05258
-3.67,7,22030.173859
5.77,7,22053.461624
-1.13,7,22076.400284
5.28,7,22099.414031
-6.0,7,22122.43052
-3.8,7,22145.725552
7.17,7,22169.075127
7.71,7,22192.240759
-3.13,7,22215.398239
-1.24,7,22238.64518
9.27,7,22261.54136
10.3,7,22284.40263
1.3,7,22307.31794
-3.83,7,22330.535258
10.25,7,22353.771528
9.09,7,22376.951169
5.8,7,22400.029227
-6.0,7,22422.95865
4.6,7,22446.397316
0.73,7,22469.488524
9.42,7,22492.495404
-3.63,7,22515.580893
0.2,7,22538.872125
7.76,7,22561.858104
7.89,7,22585.019446
1.24,7,22607.903449
-3.77,7,22631.157383
7.66,7,22654.195097
8.66,7,22677.391161
6.6,7,22700.371764
-6.0,7,22723.464863
8.53,7,22746.785587
10.76,7,22769.837536
9.47,7,22792.788099
-3.33,7,22815.614133
3.0,7,22839.042649
10.3,7,22861.991978
12.68,7,22885.140514
2.3,7,22908.177008
-3.6,7,22931.525673
9.56,7,22954.474319
9.15,7,22977.378541
6.8,7,23000.287521
-6.0,7,23023.111656
8.54,7,23046.448482
10.96,7,23069.549797
9.71,7,23092.782643
-3.17,7,23115.546902
1.46,7,23139.296141
9.86,7,23162.267691
10.27,7,23185.108123
2.27,7,23207.944512
-6.0,7,23230.922197
11.36,7,23253.88531
9.84,7,23276.990522
8.26,7,23299.994113
-6.0,7,23322.88851
7.73,7,23345.897025
10.42,7,23368.852983
9.56,7,23391.778173
-1.04,7,23414.641624
-0.57,7,23438.394217
10.84,7,23461.807025
11.07,7,23484.635975
4.7,7,23507.592062
-6.0,7,23531.040528
10.75,7,23554.415673
9.73,7,23577.433379
8.8,7,23600.308229
-6.0,7,23623.245395
3.83,7,23646.359169
9.43,7,23669.437097
9.86,7,23692.629734
-0.87,7,23715.659989
-0.73,7,23738.627422
11.37,7,23761.957744
10.21,7,23784.783439
6.16,7,23807.595292
-6.0,7,23830.833073
10.44,7,23854.358068
10.27,7,23877.57153
10.5,7,23900.480331
-6.0,7,23923.436169
7.04,7,23946.71146
11.76,7,23969.71144
10.27,7,23992.762304
-0.8,7,24015.576981
-0.4,7,24039.228377
9.54,7,24062.216807
10.57,7,24085.326606
6.38,7,24108.229381
-6.0,7,24131.327856
12.58,7,24154.469062
10.72,7,24177.382706
11.93,7,24200.841184
-6.0,7,24223.97252
4.96,7,24247.403348
11.32,7,24270.78671
12.63,7,24294.204741
-0.44,7,24316.961084
-0.67,7,24339.987041
10.5,7,24363.082062
11.13,7,24386.247295
5.9,7,24409.384084
-6.0,7,24432.645853
10.25,7,24455.431566
12.03,7,24478.606066
12.67,7,24501.855115
-6.0,7,24524.711547
9.26,7,24548.101554
10.83,7,24571.564037
10.33,7,24594.489209
-0.94,7,24617.40581
-0.6,7,24640.505599
11.63,7,24663.322766
12.19,7,24686.16673
6.34,7,24708.886364
-6.0,7,24731.942896
11.09,7,24755.07621
11.83,7,24778.584977
11.16,7,24801.613981
-6.0,7,24824.721311
5.73,7,24847.67303
11.56,7,24870.617131
9.96,7,24893.622195
-0.53,7,24916.530694
-1.0,7,24939.566621
10.97,7,24962.604187
9.47,7,24985.755676
3.93,7,25008.65723
-6.0,7,25031.562869
10.4,7,25054.850056
11.66,7,25077.629848
9.0,7,25100.576138
-6.0,7,25123.457275
4.56,7,25146.718925
10.21,7,25170.065322
10.26,7,25193.308664
0.06,7,25216.318541
-3.2,7,25239.250746
10.77,7,25261.912365
11.19,7,25285.135497
6.5,7,25308.267439
-6.0,7,25331.121348
10.06,7,25354.263372
9.61,7,25377.794088
9.74,7,25400.890753
-6.0,7,25423.827727
2.57,7,25447.028519
7.87,7,25470.061187
10.3,7,25493.104947
1.93,7,25515.986258
-3.4,7,25539.056251
9.73,7,25562.514669
8.96,7,25585.430191
7.77,7,25608.293685
-6.0,7,25631.305949
6.96,7,25654.290676
10.1,7,25677.45748
8.8,7,25700.53441
-3.6,7,25723.546767
1.24,7,25746.759779
8.94,7,25769.893144
9.56,7,25793.274841
1.17,7,25816.181307
-3.6,7,25839.468601
7.97,7,25862.645799
9.76,7,25885.519816
6.56,7,25908.57578
-6.0,7,25931.626246
7.41,7,25954.846732
3.01,7,25977.879218
10.86,7,26000.760535
-3.67,7,26023.733729
0.77,7,26047.392809
7.13,7,26070.419297
9.67,7,26093.332858
1.94,7,26116.537889
-3.4,7,26139.567854
9.24,7,26162.433745
9.18,7,26185.223576
6.64,7,26208.141175
-6.0,7,26231.276862
3.0,7,26254.276001
7.9,7,26277.385814
8.34,7,26300.383002
-3.33,7,26323.229224
1.93,7,26346.277648
8.0,7,26369.13374
2.49,7,26392.221876
1.23,7,26415.19881
-6.0,7,26438.340286
5.9,7,26461.423154
8.53,7,26484.420932
5.87,7,26507.449582
-6.0,7,26530.544254
6.61,7,26553.608832
9.97,7,26576.468858
8.36,7,26599.556283
-3.33,7,26622.682161
0.86,7,26645.856934
9.19,7,26668.81049
8.63,7,26691.974561
1.24,7,26715.091786
-6.0,7,26738.273034
8.07,7,26761.24645
-1.0,7,26784.51469
5.03,7,26807.469471
-6.0,7,26830.39116
3.16,7,26853.657912
7.96,7,26876.509709
10.0,7,26899.403779
-3.5,7,26922.463685
-3.77,7,26945.705036
9.07,7,26968.653555
11.32,7,26991.474919
5.24,7,27014.664972
-6.0,7,27037.721122
10.53,7,27060.925137
2.8,7,27083.96558
9.06,7,27106.800531
-6.0,7,27129.803956
-3.83,7,27153.188372
9.13,7,27176.739232
8.73,7,27199.805996
-3.5,7,27222.756335
-0.93,7,27245.854224
10.95,7,27269.028113
0.94,7,27291.997926
3.53,7,27315.067282
-6.0,7,27338.273543
8.37,7,27361.427106
9.87,7,27384.245933
10.03,7,27407.353244
-6.0,7,27430.573995
-3.7,7,27454.15084
8.59,7,27477.09069
1.1,7,27500.214579
-3.23,7,27523.384838
-0.57,7,27546.487344
9.26,7,27569.643535
8.71,7,27593.129707
3.67,7,27616.040051
-6.0,7,27639.473117
5.8,7,27662.339303
1.04,7,27685.409897
9.04,7,27708.677975
-6.0,7,27731.826606
3.3,7,27755.389757
8.74,7,27778.211049
9.54,7,27801.312823
-3.5,7,27824.56863
-1.4,7,27847.644321
9.23,7,27870.526286
8.51,7,27893.701226
1.5,7,27916.710888
-6.0,7,27939.911806
2.96,7,27963.001511
8.24,7,27985.927595
10.1,7,28008.980506
-6.0,7,28031.931714
-6.0,7,28055.360596
1.13,7,28078.614522
9.54,7,28101.443353
-0.66,7,28124.567472
-3.8,7,28147.717085
8.46,7,28170.827392
8.7,7,28193.878447
3.93,7,28216.717966
-6.0,7,28239.900736
8.21,7,28263.009974
7.61,7,28286.116434
8.36,7,28309.049377
-6.0,7,28332.293505
3.26,7,28355.432266
8.29,7,28378.471708
10.2,7,28401.468302
-3.47,7,28424.508607
-1.43,7,28447.613511
7.73,7,28470.689349
8.6,7,28493.548492
3.67,7,28516.456582
-6.0,7,28539.443223
8.84,7,28562.675969
8.98,7,28585.685835
3.37,7,28608.878255
-6.0,7,28631.842795
2.64,7,28655.02606
9.01,7,28677.969194
8.83,7,28701.207635
-1.26,7,28724.173998
-0.8,7,28747.78894
7.96,7,28770.754186
11.99,7,28793.755596
3.27,7,28817.160841
-6.0,7,28840.248049
8.46,7,28863.246718
8.47,7,28886.57986
8.86,7,28909.650908
-6.0,7,28932.753866
3.64,7,28955.911827
4.9,7,28979.015509
9.19,7,29002.119154
-3.2,7,29025.243291
-6.0,7,29048.53108
7.6,7,29071.65088
7.28,7,29094.826313
0.9,7,29117.798219
-6.0,7,29140.970309
7.4,7,29164.029619
7.65,7,29187.185801
8.37,7,29210.17171
-6.0,7,29233.38039
-1.63,7,29256.696417
5.83,7,29279.771322
-3.53,7,29302.933368
-1.24,7,29325.958675
-6.0,7,29349.212432
7.6,7,29372.431735
5.11,7,29395.433779
0.84,7,29418.509931
-6.0,7,29441.903233
-1.47,7,29464.933597
5.03,7,29487.968558
2.8,7,29510.945091
-6.0,7,29534.155077
5.47,7,29557.395463
5.67,7,29580.408641
3.2,7,29603.527195
-3.23,7,29626.680354
-3.8,7,29650.150537
7.69,7,29673.152592
7.3,7,29696.01244
1.04,7,29718.984205
-6.0,7,29742.467683
7.34,7,29765.600709
7.4,7,29788.767624
-1.4,7,29811.971123
-6.0,7,29835.103987
-3.97,7,29858.328217
9.33,7,29881.260506
-1.6,7,29904.327408
-3.43,7,29927.562142
-6.0,7,29950.869326
5.0,7,29973.884002
-1.43,7,29996.991187
-3.5,7,30020.035526
-6.0,7,30043.228599
-3.43,7,30066.279597
7.43,7,30089.323477
6.24,7,30112.46523
-6.0,7,30135.539576
-1.8,7,30158.7714
-3.5,7,30181.810323
-1.33,7,30204.845482
-3.63,7,30227.904755
-1.54,7,30250.907118
8.9,7,30273.90269
-1.4,7,30297.370258
0.96,7,30320.290756
-6.0,7,30343.452697
2.61,7,30366.640947
0.6,7,30389.570589
8.34,7,30412.553813
-6.0,7,30435.563332
5.43,7,30458.711109
7.66,7,30481.84755
8.63,7,30504.711344
-1.37,7,30527.536537
-0.8,7,30550.575284
9.67,7,30573.777959
8.06,7,30596.68877
-3.5,7,30619.729819
-6.0,7,30643.109723
8.81,7,30666.188734
9.4,7,30689.088057
9.43,7,30712.00243
-6.0,7,30735.050719
3.1,7,30758.006701
10.12,7,30780.999678
9.87,7,30803.801512
-3.87,7,30826.844244
-6.0,7,30850.21415
5.5,7,30873.189551
5.25,7,30896.415241
0.46,7,30919.38096
-6.0,7,30942.483776
9.34,7,30965.618926
6.53,7,30988.600513
8.14,7,31011.584472
-6.0,7,31034.699213
4.14,7,31057.637832
8.16,7,31080.925465
7.7,7,31103.980183
-1.17,7,31127.093434
-6.0,7,31150.423891
-3.63,7,31173.453238
7.2,7,31196.501847
3.19,7,31219.692419
-6.0,7,31242.778902
8.47,7,31265.666198
9.14,7,31288.640086
8.96,7,31311.78198
-6.0,7,31334.93421
-3.97,7,31358.103722
-1.73,7,31381.186684
-1.63,7,31404.435727
-3.5,7,31427.53483
-1.24,7,31450.608701
8.54,7,31473.594797
9.0,7,31496.675766
3.56,7,31519.654552
-6.0,7,31542.744977
7.17,7,31565.752829
8.26,7,31588.626471
-1.17,7,31611.740186
-6.0,7,31634.826014
-1.9,7,31657.926672
2.44,7,31681.138486
-3.5,7,31704.299626
-3.4,7,31727.307273
-6.0,7,31750.777439
-1.7,7,31774.020416
4.9,7,31797.063008
2.7,7,31820.074839
-6.0,7,31843.203715
7.16,7,31866.302423
4.69,7,31889.409485
-3.77,7,31912.462279
-6.0,7,31935.534549
-6.0,7,31958.74851
-3.5,7,31981.860779
-3.47,7,32005.013951
-3.47,7,32028.091831
-1.83,7,32051.402316
4.63,7,32074.453228
7.07,7,32097.402302
-3.6,7,32120.495277
-6.0,7,32143.659186
7.6,7,32166.801077
1.06,7,32189.885351
1.07,7,32213.087505
-6.0,7,32235.995599
4.17,7,32259.378865
-1.5,7,32282.416101
4.7,7,32305.662355
-3.37,7,32328.858215
-1.43,7,32352.0455
1.2,7,32375.154287
-3.27,7,32398.23823
-3.53,7,32421.327667
-6.0,7,32444.692798
4.81,7,32467.669096
4.8,7,32490.762373
-1.23,7,32513.950176
-6.0,7,32537.042747
3.23,7,32560.242308
7.94,7,32583.206093
5.07,7,32606.218518
-3.73,7,32629.290998
-1.7,7,32652.748036
8.14,7,32675.756507
-1.7,7,32698.821079
-1.47,7,32721.895582
-6.0,7,32744.998852
7.41,7,32768.000656
5.0,7,32791.116398
-1.7,7,32814.195981
-6.0,7,32837.127124
-6.0,7,32860.249558
7.23,7,32883.57785
-1.33,7,32906.669029
-3.43,7,32929.761051
-3.97,7,32953.020627
6.77,7,32976.086984
2.77,7,32999.09763
-1.5,7,33022.174798
-6.0,7,33045.412732
7.32,7,33068.601461
6.86,7,33091.606611
4.76,7,33114.735753
-6.0,7,33137.84113
-6.0,7,33161.095151
-1.74,7,33184.220556
4.54,7,33207.133671
-3.6,7,33230.177004
-6.0,7,33253.633437
8.26,7,33276.598875
5.64,7,33299.657248
0.17,7,33322.682206
-6.0,7,33346.001928
6.44,7,33369.003093
0.43,7,33392.056354
7.39,7,33415.307319
-6.0,7,33438.397309
-3.97,7,33461.569496
2.3,7,33484.599025
-1.56,7,33507.765156
-3.73,7,33530.823491
-6.0,7,33553.958585
8.71,7,33576.759724
10.86,7,33599.787113
-1.6,7,33623.047712
-6.0,7,33646.065417
5.5,7,33669.157424
2.5,7,33692.235767
5.0,7,33715.273796
-6.0,7,33738.307434
-1.74,7,33761.432621
8.13,7,33784.460706
-3.53,7,33807.624211
-3.7,7,33830.763114
-1.73,7,33854.231887
7.23,7,33877.28683
5.21,7,33900.356781
-3.73,7,33923.543597
-6.0,7,33946.806122
7.23,7,33969.852012
8.05,7,33992.89046
5.06,7,34015.898464
-6.0,7,34038.792456
3.23,7,34062.040282
8.3,7,34085.139309
9.07,7,34108.03029
-1.5,7,34131.040229
-6.0,7,34154.378551
7.79,7,34177.775123
8.14,7,34201.131867
1.56,7,34224.195101
-6.0,7,34247.130185
9.9,7,34270.194807
7.02,7,34293.452351
9.14,7,34316.382369
-6.0,7,34339.505934
-6.0,7,34362.733061
-1.37,7,34385.771194
2.59,7,34408.818601
-3.5,7,34431.919367
-6.0,7,34455.154857
0.86,7,34478.196419
11.39,7,34501.157264
3.83,7,34524.061587
-6.0,7,34547.328491
8.66,7,34570.21185
9.07,7,34593.726244
0.7,7,34616.717692
-6.0,7,34639.850539
-3.67,7,34663.102559
6.93,7,34686.031736
7.61,7,34708.994707
-1.6,7,34732.226054
-0.67,7,34755.379055
10.0,7,34778.346668
6.76,7,34801.484332
1.21,7,34824.634114
-6.0,7,34847.856346
-1.43,7,34870.859895
-1.7,7,34893.902087
11.46,7,34917.238733
-6.0,7,34940.472281
-3.83,7,34963.735714
2.76,7,34987.043112
5.4,7,35010.227996
-3.5,7,35033.280037
-6.0,7,35056.515151
0.56,7,35079.705482
0.96,7,35102.912747
1.13,7,35125.708033
-6.0,7,35148.990595
7.73,7,35172.126886
7.8,7,35195.132556
3.36,7,35218.196353
-6.0,7,35241.210461
5.76,7,35264.399451
1.23,7,35287.633716
-1.43,7,35310.777051
-3.67,7,35333.918506
-6.0,7,35357.27165
0.73,7,35380.243347
10.07,7,35403.115699
1.4,7,35426.04418
-6.0,7,35449.386887
9.2,7,35472.576252
-0.77,7,35495.640756
2.7,7,35518.654008
-6.0,7,35541.923864
0.26,7,35565.153705
-1.3,7,35588.192649
-3.93,7,35611.237231
-3.77,7,35634.364655
0.53,7,35657.655844
-0.83,7,35680.890082
4.68,7,35703.927688
1.8,7,35727.040057
-6.0,7,35750.289653
-1.36,7,35773.283379
5.06,7,35796.255073
0.63,7,35819.329638
-6.0,7,35842.476989
2.8,7,35865.609564
7.2,7,35888.87329
1.06,7,35911.955851
-3.73,7,35935.041318
-6.0,7,35958.271659
9.93,7,35981.300206
4.9,7,36004.45185
1.17,7,36027.541326
-6.0,7,36050.890742
-1.53,7,36074.051844
-1.5,7,36097.104201
0.93,7,36120.021642
-6.0,7,36143.046384
-3.97,7,36166.225884
0.96,7,36189.434886
1.4,7,36212.651631
-3.73,7,36235.824911
-6.0,7,36259.203424
3.23,7,36282.07755
8.0,7,36305.239069
-1.7,7,36328.319961
-6.0,7,36351.42169
0.79,7,36374.568889
1.44,7,36397.772582
5.32,7,36420.886056
-6.0,7,36444.028737
0.41,7,36467.307794
0.5,7,36490.303358
4.69,7,36513.641259
-3.97,7,36536.676617
0.46,7,36559.8834
10.0,7,36582.966548
8.6,7,36605.897391
1.74,7,36629.033489
-6.0,7,36652.09654
8.45,7,36675.193968
10.91,7,36698.252264
6.9,7,36721.118225
-6.0,7,36744.434913
-1.64,7,36767.993988
6.5,7,36790.99856
11.07,7,36814.305229
-3.93,7,36837.401935
-3.8,7,36860.709601
0.54,7,36883.874716
7.36,7,36906.828692
1.7,7,36929.705791
-6.0,7,36952.982494
8.93,7,36975.70424
9.1,7,36998.861791
6.77,7,37021.960515
-6.0,7,37045.074157
-6.0,7,37068.194667
7.57,7,37091.106484
4.96,7,37114.337662
-3.83,7,37137.710535
-3.9,7,37160.967792
8.04,7,37183.918736
3.3,7,37207.072573
-3.7,7,37230.144617
-6.0,7,37253.359109
8.26,7,37276.221757
7.93,7,37299.015855
4.23,7,37322.258331
-6.0,7,37345.235726
6.1,7,37368.766229
3.26,7,37391.811675
8.84,7,37414.817198
-3.97,7,37437.740859
-3.6,7,37460.708837
3.5,7,37483.72013
8.4,7,37506.700211
-1.37,7,37529.539505
-6.0,7,37552.889965
-1.26,7,37576.126251
3.16,7,37599.493217
0.96,7,37622.587777
-6.0,7,37645.866461
-6.0,7,37669.313707
-1.24,7,37692.622048
5.26,7,37715.664934
-6.0,7,37738.757897
-6.0,7,37762.058406
-1.47,7,37785.119771
1.1,7,37808.38017
-1.14,7,37831.460643
-6.0,7,37854.885708
7.27,7,37878.101604
5.38,7,37901.250617
0.91,7,37924.41309
-6.0,7,37947.577741
-6.0,7,37970.802879
-1.66,7,37993.86617
4.8,7,38016.803319
-6.0,7,38039.933684
-6.0,7,38063.345081
0.8,7,38086.433336
6.77,7,38109.553658
0.93,7,38132.510413
-6.0,7,38155.592869
6.01,7,38178.556421
9.67,7,38201.327724
1.06,7,38224.314504
-6.0,7,38247.469285
-3.83,7,38270.694029
7.83,7,38293.62562
8.28,7,38316.611025
-3.87,7,38339.718012
0.6,7,38362.783572
7.8,7,38385.645716
7.38,7,38408.724952
1.53,7,38431.764447
-3.57,7,38454.771234
10.33,7,38477.993215
10.46,7,38501.2871
5.14,7,38524.39703
-6.0,7,38547.623462
1.77,7,38570.467413
9.67,7,38593.421806
10.13,7,38616.529402
-3.77,7,38639.668785
1.1,7,38662.914629
8.63,7,38685.978448
5.14,7,38709.049062
1.9,7,38731.900895
-6.0,7,38755.002731
7.0,7,38777.892758
10.1,7,38801.136555
9.2,7,38824.012272
-6.0,7,38846.944657
7.76,7,38870.709924
8.63,7,38893.839259
8.23,7,38916.934854
-3.93,7,38939.672648
0.54,7,38963.101868
9.23,7,38986.143174
9.14,7,39009.307388
1.7,7,39032.306347
-3.83,7,39055.199599
10.07,7,39078.153401
6.0,7,39101.106871
8.21,7,39123.968065
-6.0,7,39146.745385
5.5,7,39170.089713
10.24,7,39192.884464
9.9,7,39216.198442
-1.33,7,39239.104014
-0.63,7,39262.388243
9.64,7,39285.328897
11.91,7,39308.683101
4.73,7,39331.545272
-6.0,7,39355.106162
8.03,7,39378.700307
4.14,7,39401.534847
8.77,7,39424.642256
-6.0,7,39447.707403
5.1,7,39470.772001
9.36,7,39493.544679
11.56,7,39516.444716
-1.2,7,39539.350506
-0.6,7,39562.454372
9.67,7,39585.552004
10.26,7,39608.348266
4.07,7,39631.265981
-6.0,7,39654.213672
8.53,7,39676.984341
10.39,7,39700.126558
9.0,7,39723.176509
-6.0,7,39746.068719
1.1,7,39769.414686
7.91,7,39792.420415
4.96,7,39815.386498
-1.57,7,39838.274939
-1.5,7,39861.377962
6.99,7,39884.343508
6.23,7,39907.349918
3.27,7,39930.194632
-6.0,7,39953.043339
9.83,7,39976.169085
7.37,7,39999.402293
9.09,7,40022.336859
-6.0,7,40045.211196
1.3,7,40068.544969
7.93,7,40091.7429
7.76,7,40114.658458
-1.57,7,40137.599993
-3.73,7,40161.095681
9.62,7,40183.995206
6.71,7,40207.235345
0.63,7,40230.075502
-6.0,7,40253.205989
8.47,7,40276.310947
8.79,7,40299.230251
9.17,7,40322.094534
-6.0,7,40344.919529
2.0,7,40367.941367
8.0,7,40390.829633
9.2,7,40413.626963
0.5,7,40436.579744
-3.4,7,40459.826081
8.07,7,40482.677643
10.14,7,40505.62323
5.7,7,40528.596848
-6.0,7,40551.489728
7.73,7,40574.659852
9.26,7,40597.476541
10.33,7,40620.32568
-3.73,7,40643.297123
0.44,7,40666.394815
9.24,7,40689.309797
9.46,7,40712.204415
0.93,7,40735.070429
-6.0,7,40758.888587
5.5,7,40781.757124
7.13,7,40804.820397
8.97,7,40827.936964
-6.0,7,40850.937613
2.13,7,40873.798887
9.36,7,40897.042818
8.67,7,40920.024725
-3.87,7,40943.033292
-1.6,7,40966.072496
6.71,7,40989.000661
8.56,7,41012.282539
3.0,7,41035.183419
-6.0,7,41058.202445
10.09,7,41081.618895
11.54,7,41105.067135
11.59,7,41128.00885
-6.0,7,41150.914754
6.53,7,41173.905971
7.64,7,41196.918468
7.61,7,41219.904942
-1.34,7,41242.80355
-0.6,7,41265.963658
9.74,7,41288.885345
9.23,7,41312.117909
3.76,7,41335.0174
-6.0,7,41358.128891
5.7,7,41381.223657
8.57,7,41404.236765
7.36,7,41427.475669
-6.0,7,41450.475017
3.5,7,41473.425815
10.06,7,41496.354606
8.23,7,41519.21269
-1.17,7,41542.131602
-1.53,7,41565.346323
7.63,7,41588.320474
7.74,7,41611.394187
3.23,7,41634.351957
-6.0,7,41657.34744
5.39,7,41680.327363
7.82,7,41703.182288
7.36,7,41726.179316
-6.0,7,41749.084229
4.8,7,41772.350768
9.07,7,41795.367192
5.54,7,41818.403158
-1.37,7,41841.551586
-6.0,7,41864.65792
4.86,7,41887.61571
2.97,7,41910.624686
5.77,7,41933.566739
-6.0,7,41956.511273
6.06,7,41979.758118
2.63,7,42002.849866
2.6,7,42025.796718
-6.0,7,42048.71772
1.64,7,42071.81419
8.3,7,42094.728471
8.61,7,42117.793226
-1.37,7,42140.739881
-6.0,7,42164.212098
8.37,7,42187.075071
8.91,7,42210.098037
6.96,7,42233.054672
-6.0,7,42256.053107
0.63,7,42279.412713
9.07,7,42302.441296
11.27,7,42325.43624
-6.0,7,42348.270257
1.24,7,42371.538584
8.6,7,42394.479333
8.04,7,42417.446511
1.24,7,42440.447526
-6.0,7,42463.633098
10.96,7,42486.730065
10.63,7,42509.808157
7.87,7,42532.758075
-6.0,7,42555.734266
7.1,7,42578.729199
8.07,7,42601.768803
5.2,7,42624.771203
-6.0,7,42647.482245
1.77,7,42670.500853
5.6,7,42693.545927
9.23,7,42716.397791
1.76,7,42739.304205
-6.0,7,42762.380431
6.71,7,42785.720825
8.07,7,42808.570063
9.34,7,42831.439614
-6.0,7,42854.423866
-3.77,7,42877.756028
0.76,7,42900.757143
8.03,7,42923.79549
-3.83,7,42946.656829
-1.06,7,42969.805784
9.17,7,42992.595612
9.29,7,43015.890535
4.4,7,43038.78076
-6.0,7,43062.27459
8.77,7,43085.864339
9.52,7,43109.130332
8.34,7,43132.323063
-6.0,7,43155.373974
9.07,7,43178.609145
8.0,7,43201.51942
8.63,7,43225.163399
-3.93,7,43248.000486
0.77,7,43271.175998
8.92,7,43294.205074
9.14,7,43317.243749
1.03,7,43340.067361
-6.0,7,43363.297723
10.17,7,43386.683325
10.04,7,43409.728429
8.43,7,43432.86529
-6.0,7,43455.879803
6.8,7,43479.045375
7.1,7,43501.872899
7.27,7,43524.926834
-3.57,7,43547.70096
-0.1,7,43571.284794
9.31,7,43594.225621
8.13,7,43617.140145
1.57,7,43640.029561
-6.0,7,43663.328087
9.74,7,43686.516295
8.77,7,43710.014537
9.8,7,43733.117838
-6.0,7,43755.859286
8.53,7,43779.210634
8.0,7,43802.392462
7.12,7,43825.234841
-3.53,7,43848.0742
0.13,7,43871.440865
9.8,7,43894.945869
9.17,7,43917.856946
2.77,7,43940.678952
-6.0,7,43963.705356
10.06,7,43987.008699
8.23,7,44010.289347
8.3,7,44033.354844
-6.0,7,44056.484806
3.91,7,44079.972117
11.17,7,44102.743833
8.17,7,44125.800348
-1.9,7,44148.913743
-0.23,7,44172.054863
9.73,7,44195.262511
7.53,7,44218.093008
2.5,7,44240.908786
-6.0,7,44263.802984
10.13,7,44286.801281
6.31,7,44309.666552
9.3,7,44332.681838
-6.0,7,44355.722266
6.4,7,44379.12628
10.9,7,44402.535367
-6.0,7,44425.017905
-6.0,7,44447.617794
-6.0,7,44469.994318
-6.0,7,44492.377888
-6.0,7,44514.799323
-6.0,7,44537.33914
-6.0,7,44559.925296
-6.0,7,44582.433093
-6.0,7,44604.832641
-6.0,7,44627.226552
-6.0,7,44649.60202
-6.0,7,44672.162703
-6.0,7,44694.552649
-6.0,7,44716.947258
-6.0,7,44739.465289
-6.0,7,44762.123984
-6.0,7,44784.60982
-6.0,7,44806.98829
-6.0,7,44829.297751
-6.0,7,44851.827878
-6.0,7,44874.275619
-6.0,7,44896.758157
-6.0,7,44919.238197
-6.0,7,44941.762188
-6.0,7,44964.266145
-6.0,7,44986.673742
-6.0,7,45008.994071
-6.0,7,45031.403378
-6.0,7,45053.955959
-6.0,7,45076.409875
-6.0,7,45098.835309
-6.0,7,45121.346699
-6.0,7,45144.004301
-6.0,7,45166.646391
-6.0,7,45189.010515
-6.0,7,45211.43377
-6.0,7,45233.919524
-6.0,7,45256.473833
-6.0,7,45279.016037
-6.0,7,45301.430169
-6.0,7,45323.837208
-6.0,7,45346.34712
-6.0,7,45368.733256
-6.0,7,45391.116335
-6.0,7,45413.489944
-6.0,7,45435.984433
-6.0,7,45458.705478
-6.0,7,45481.200735
-6.0,7,45503.628545
-6.0,7,45526.030137
-6.0,7,45548.407989
-6.0,7,45570.892995
-6.0,7,45593.283392
-6.0,7,45615.667998
-6.0,7,45638.14947
-6.0,7,45660.713272
-6.0,7,45683.261524
-6.0,7,45705.647497
-6.0,7,45727.921682
-6.0,7,45750.439599
-6.0,7,45772.976485
-6.0,7,45795.37199
-6.0,7,45817.763554
-6.0,7,45840.366404
-6.0,7,45863.110981
-6.0,7,45885.590242
-6.0,7,45907.874456
-6.0,7,45930.280498
-6.0,7,45952.798157
-6.0,7,45975.21129
-6.0,7,45997.584257
-6.0,7,46019.98109
-6.0,7,46042.497846
-6.0,7,46064.921788
-6.0,7,46087.171409
-6.0,7,46109.516827
-6.0,7,46131.922422
-6.0,7,46154.392997
-6.0,7,46176.897817
-6.0,7,46199.298586
-6.0,7,46221.663311
-6.0,7,46244.208834
-6.0,7,46266.602189
-6.0,7,46288.970822
-6.0,7,46311.359743
-6.0,7,46333.762688
-6.0,7,46356.399316
-6.0,7,46378.888679
-6.0,7,46401.286475
-6.0,7,46423.696123
-6.0,7,46446.098323
-6.0,7,46468.697014
-6.0,7,46491.056195
-6.0,7,46513.439327
-6.0,7,46535.921439
-6.0,7,46558.505695
-6.0,7,46580.900665
-6.0,7,46603.316207
-6.0,7,46625.574552
-6.0,7,46648.054943
-6.0,7,46670.442729
-6.0,7,46692.81291
-6.0,7,46715.205979
-6.0,7,46737.739064
-6.0,7,46760.438986
-6.0,7,46782.938469
-6.0,7,46805.23873
-6.0,7,46827.619127
-6.0,7,46850.093836
-6.0,7,46872.610789
-6.0,7,46894.982787
-6.0,7,46917.333852
-6.0,7,46939.830571
-6.0,7,46962.376324
-6.0,7,46984.715653
-6.0,7,47007.089564
-6.0,7,47029.461416
-6.0,7,47051.958699
-6.0,7,47074.390635
-6.0,7,47096.754751
-6.0,7,47119.100119
-6.0,7,47141.613209
-6.0,7,47164.045956
-6.0,7,47186.458801
-6.0,7,47208.810907
-6.0,7,47231.169356
-6.0,7,47253.6638
-6.0,7,47276.050787
-6.0,7,47298.434731
-6.0,7,47320.790914
-6.0,7,47343.21086
-6.0,7,47365.65536
-6.0,7,47388.007105
-6.0,7,47410.383791
-6.0,7,47432.768554
-6.0,7,47455.247964
-6.0,7,47477.675276
-6.0,7,47500.030109
-6.0,7,47522.315023
-6.0,7,47544.790319
-6.0,7,47567.309531
-6.0,7,47589.714926
-6.0,7,47612.12077
-6.0,7,47634.518471
-6.0,7,47657.037122
-6.0,7,47679.452384
-6.0,7,47701.716476
-6.0,7,47724.111131
-6.0,7,47746.655787
-6.0,7,47769.150196
-6.0,7,47791.506923
-6.0,7,47813.855072
-6.0,7,47836.364371
-6.0,7,47858.939449
-6.0,7,47881.275567
-6.0,7,47903.652406
-6.0,7,47926.03713
-6.0,7,47948.513517
-6.0,7,47970.983751
-6.0,7,47993.37831
-6.0,7,48015.74314
-6.0,7,48038.264039
-6.0,7,48060.701333
-6.0,7,48083.169207
-6.0,7,48105.565451
-6.0,7,48127.966543
-6.0,7,48150.491119
-6.0,7,48172.988443
-6.0,7,48195.395018
-6.0,7,48217.817167
-6.0,7,48240.244989
-6.0,7,48262.776724
-6.0,7,48285.359221
-6.0,7,48307.760323
-6.0,7,48330.177894
-6.0,7,48352.737313
-6.0,7,48375.231519
-6.0,7,48397.620692
-6.0,7,48419.914065
-6.0,7,48442.436501
-6.0,7,48465.145449
-6.0,7,48487.596465
-6.0,7,48510.000911
-6.0,7,48532.380578
-6.0,7,48554.905522
-6.0,7,48577.335074
-6.0,7,48599.629883
-6.0,7,48622.01742
-6.0,7,48644.505723
-6.0,7,48666.943404
-6.0,7,48689.343748
-6.0,7,48711.747188
-6.0,7,48734.135959
-6.0,7,48756.658429
-6.0,7,48778.994332
-6.0,7,48801.39504
-6.0,7,48823.782974
-6.0,7,48846.30965
-6.0,7,48868.749076
-6.0,7,48891.143214
-6.0,7,48913.54144
-6.0,7,48935.946069
-6.0,7,48958.490385
-6.0,7,48981.029931
-6.0,7,49003.447036
-6.0,7,49025.818413
-6.0,7,49048.336931
-6.0,7,49070.78172
-6.0,7,49093.185662
-6.0,7,49115.586332
-6.0,7,49138.061952
-6.0,7,49160.752294
-6.0,7,49183.234437
-6.0,7,49205.644818
-6.0,7,49228.06911
-6.0,7,49250.636323
-6.0,7,49273.162642
-6.0,7,49295.567157
-6.0,7,49317.848477
-6.0,7,49340.400752
-6.0,7,49362.999699
-6.0,7,49385.454791
-6.0,7,49407.869426
-6.0,7,49430.279269
-6.0,7,49452.900088
-6.0,7,49475.436376
-6.0,7,49497.77422
-6.0,7,49520.207082
-6.0,7,49542.779517
-6.0,7,49565.489001
-6.0,7,49587.931261
-6.0,7,49610.342365
-6.0,7,49632.760886
-6.0,7,49655.277587
-6.0,7,49677.658167
-6.0,7,49700.072077
-6.0,7,49722.485709
-6.0,7,49745.006201
-6.0,7,49767.455714
-6.0,7,49789.843111
-6.0,7,49812.259108
-6.0,7,49834.715688
-6.0,7,49857.188523
-6.0,7,49879.671225
-6.0,7,49902.09394
-6.0,7,49924.486271
-6.0,7,49947.090695
-6.0,7,49969.648762
-6.0,7,49992.072201
-6.0,7,50014.497755
-6.0,7,50036.801111
-6.0,7,50059.412709
-6.0,7,50081.872958
-6.0,7,50104.286942
-6.0,7,50126.710449
-6.0,7,50149.262466
-6.0,7,50171.715438
-6.0,7,50194.165437
-6.0,7,50216.480523
-6.0,7,50239.027037
-6.0,7,50261.59389
-6.0,7,50284.274717
-6.0,7,50306.662445
-6.0,7,50329.089866
-6.0,7,50351.687288
-6.0,7,50374.150739
-6.0,7,50396.470777
-6.0,7,50418.900588
-6.0,7,50441.454363
-6.0,7,50464.24779
-6.0,7,50486.746901
-6.0,7,50509.173353
-6.0,7,50531.581756
-6.0,7,50554.156669
-6.0,7,50576.551537
-6.0,7,50598.952794
-6.0,7,50621.378315
-6.0,7,50643.906145
-6.0,7,50666.505101
-6.0,7,50688.959117
-6.0,7,50711.358602
-6.0,7,50733.753302
-6.0,7,50756.112135
-6.0,7,50778.531703
-6.0,7,50800.920268
-6.0,7,50823.33373
-6.0,7,50845.804156
-6.0,7,50868.230374
-6.0,7,50890.617459
-6.0,7,50913.032391
-6.0,7,50935.386934
-6.0,7,50957.940532
-6.0,7,50980.437191
-6.0,7,51002.839251
-6.0,7,51025.232645
-6.0,7,51047.763423
-6.0,7,51070.226611
-6.0,7,51092.61153
-6.0,7,51114.954687
-6.0,7,51137.33815
-6.0,7,51159.972265
-6.0,7,51182.429985
-6.0,7,51204.844719
-6.0,7,51227.269458
-6.0,7,51249.823788
-6.0,7,51272.307216
-6.0,7,51294.578914
-6.0,7,51316.948896
-6.0,7,51339.464526
-6.0,7,51362.078369
-6.0,7,51384.537268
-6.0,7,51406.917099
-6.0,7,51429.318254
-6.0,7,51451.877464
-6.0,7,51474.282876
-6.0,7,51496.683096
-6.0,7,51519.090975
-6.0,7,51541.608874
-6.0,7,51564.248729
-6.0,7,51586.663382
-6.0,7,51609.055764
-6.0,7,51631.459834
-6.0,7,51653.839959
-6.0,7,51676.308996
-6.0,7,51698.701803
-6.0,7,51721.101865
-6.0,7,51743.640014
-6.0,7,51766.197635
-6.0,7,51788.714244
-6.0,7,51811.111822
-6.0,7,51833.390566
-6.0,7,51855.945243
-6.0,7,51878.402209
-6.0,7,51900.838113
-6.0,7,51923.219836
-6.0,7,51945.74079
-6.0,7,51968.26603
-6.0,7,51990.666647
-6.0,7,52012.962476
-6.0,7,52035.383699
-6.0,7,52057.926556
-6.0,7,52080.429986
-6.0,7,52102.802567
-6.0,7,52125.211365
-6.0,7,52147.780561
-6.0,7,52170.233358
-6.0,7,52192.519351
-6.0,7,52214.929369
-6.0,7,52237.330652
-6.0,7,52259.930706
-6.0,7,52282.385383
-6.0,7,52304.823216
-6.0,7,52327.310911
-6.0,7,52349.969971
-6.0,7,52372.318168
-6.0,7,52394.75554
-6.0,7,52417.192746
-6.0,7,52439.743481
-6.0,7,52462.40799
-6.0,7,52484.944539
-6.0,7,52507.366187
-6.0,7,52529.830341
-6.0,7,52552.371234
-6.0,7,52574.901524
-6.0,7,52597.308914
-6.0,7,52619.735396
