#{"t_start": 1661457521.2060063, "env_id": null}
r,l,t
3.886667,7,25.604766
8.54,8,50.151442
-2.216667,8,74.207581
2.003333,8,98.788949
9.83,8,123.479168
7.69,8,148.247534
-2.343333,8,172.538723
6.763333,8,197.340533
8.53,8,221.946427
3.873333,8,246.592098
-2.726667,8,270.629225
3.76,8,295.2736
3.603333,8,320.174578
9.89,8,344.917646
-0.74,8,369.075862
2.933333,8,393.51067
9.83,8,418.261394
12.06,8,443.109782
1.096667,8,467.383982
2.406667,8,491.902137
11.81,8,516.72324
12.33,8,541.55912
1.243333,8,565.867996
-1.49,8,590.269322
12.27,8,615.244714
13.61,8,640.231822
0.933333,8,664.565167
1.413333,8,689.172151
13.49,8,714.000096
12.67,8,738.915862
3.843333,8,763.357826
-0.74,8,787.897184
10.09,8,812.586887
12.44,8,837.477255
2.77,8,861.893738
-0.83,8,886.537024
13.06,8,911.698469
9.95,8,936.801161
6.75,8,961.524026
-1.406667,8,986.008924
6.2,8,1010.826867
12.66,8,1035.801513
4.99,8,1060.172749
-0.823333,8,1084.738372
11.64,8,1109.806066
12.87,8,1134.769975
9.583333,8,1159.276732
-2.94,8,1183.751883
9.47,8,1208.360975
12.28,8,1233.191279
-0.96,8,1257.425468
-2.996667,8,1281.657239
13.68,8,1306.585045
12.94,8,1331.365734
8.133333,8,1355.789721
-2.4,8,1379.790572
9.373333,8,1404.910193
12.03,8,1429.649329
2.31,8,1454.202394
-2.543333,8,1478.342594
11.803333,8,1503.474718
8.566667,8,1528.354587
9.8,8,1553.121861
-2.723333,8,1577.423695
9.253333,8,1602.224375
13.59,8,1627.439202
10.9,8,1652.319101
-2.92,8,1676.59287
6.863333,8,1701.523242
11.13,8,1726.225868
11.44,8,1751.032625
-2.85,8,1775.13972
6.566667,8,1800.103173
4.56,8,1824.856127
9.3,8,1849.386231
-0.476667,8,1873.455102
3.806667,8,1898.443705
13.83,8,1923.448359
11.33,8,1948.278012
-0.323333,8,1972.565811
-1.573333,8,1997.072592
11.34,8,2022.060978
8.06,8,2046.889996
1.606667,8,2071.446625
1.52,8,2095.854105
11.14,8,2120.804334
5.65,8,2145.503992
1.59,8,2170.246111
-1.59,8,2194.652283
10.72,8,2219.291693
3.76,8,2243.899067
2.976667,8,2268.39861
0.736667,8,2292.978646
14.79,8,2318.044496
14.79,8,2343.307162
3.473333,8,2367.641191
0.37,8,2392.077351
6.083333,8,2416.698351
12.26,8,2441.445075
6.706667,8,2465.865735
1.43,8,2490.766473
15.24,8,2515.587545
14.5,8,2540.502268
5.933333,8,2564.78252
-0.43,8,2589.389441
13.64,8,2614.354394
12.7,8,2639.189441
6.796667,8,2663.705423
-2.676667,8,2688.234951
9.79,8,2712.881108
13.53,8,2737.845435
8.36,8,2762.313951
-2.836667,8,2786.844114
14.44,8,2811.743294
12.3,8,2836.587873
10.886667,8,2861.342653
-2.796667,8,2885.627619
12.66,8,2910.676646
15.22,8,2935.670323
11.606667,8,2960.236981
-2.8,8,2984.732103
12.79,8,3009.897764
11.61,8,3034.845652
8.913333,8,3059.325179
-2.72,8,3083.645532
5.183333,8,3108.288011
2.05,8,3133.015473
5.68,8,3157.516828
-2.86,8,3181.769683
11.773333,8,3206.779662
14.29,8,3231.900699
15.03,8,3257.021969
-3.203333,8,3281.356901
10.346667,8,3306.164664
12.26,8,3330.835374
8.433333,8,3355.581574
-2.33,8,3379.644208
9.533333,8,3404.609842
5.65,8,3429.395732
11.29,8,3454.293907
-0.416667,8,3478.561451
5.64,8,3503.320755
11.87,8,3528.234946
14.32,8,3553.278409
-0.493333,8,3577.675969
7.023333,8,3602.367223
12.4,8,3627.210498
13.46,8,3652.199112
0.89,8,3676.403417
3.736667,8,3701.286668
13.44,8,3726.323012
13.61,8,3751.405636
1.523333,8,3775.879027
5.133333,8,3800.725678
13.24,8,3825.842803
14.5,8,3850.984465
1.886667,8,3875.475351
4.406667,8,3900.733695
13.9,8,3926.075558
13.06,8,3951.288487
1.666667,8,3976.020301
5.05,8,4000.710895
12.4,8,4025.799583
5.506667,8,4050.593158
4.036667,8,4075.101172
4.473333,8,4099.975338
13.76,8,4125.274922
9.456667,8,4150.601382
1.5,8,4174.933603
3.886667,8,4199.967264
14.77,8,4225.097044
13.37,8,4250.07503
3.66,8,4274.64981
1.963333,8,4299.459981
12.9,8,4324.876183
15.19,8,4350.062882
3.986667,8,4374.645185
3.69,8,4399.717207
14.53,8,4424.694475
15.2,8,4449.71754
4.53,8,4474.127124
1.766667,8,4498.645399
11.8,8,4523.578532
14.84,8,4548.601308
6.06,8,4573.149529
1.693333,8,4597.866626
10.81,8,4622.490945
14.84,8,4647.806133
5.086667,8,4672.489522
-0.506667,8,4697.442635
13.5,8,4721.977802
14.26,8,4746.772436
6.95,8,4771.327814
-0.23,8,4796.236896
13.9,8,4820.944712
14.17,8,4846.154719
7.213333,8,4870.782975
-0.75,8,4895.771601
12.57,8,4920.38507
14.24,8,4945.675601
9.066667,8,4970.49508
-1.27,8,4995.093643
14.64,8,5020.336989
13.08,8,5045.227072
8.03,8,5069.889818
-2.956667,8,5094.413316
15.27,8,5119.27349
13.47,8,5144.153455
9.183333,8,5168.872483
-2.9,8,5193.717924
13.54,8,5218.831185
14.43,8,5244.095022
10.383333,8,5269.105791
-2.96,8,5293.683017
14.4,8,5318.81344
12.56,8,5343.714464
7.046667,8,5368.333169
-2.96,8,5392.849999
12.97,8,5417.641218
11.13,8,5442.383351
11.386667,8,5467.0412
-2.856667,8,5491.732446
13.23,8,5516.49125
14.36,8,5541.546448
9.003333,8,5566.483084
-2.996667,8,5590.998202
13.07,8,5615.612505
11.11,8,5640.356347
13.82,8,5665.186217
-2.953333,8,5689.847949
11.1,8,5714.587456
14.87,8,5739.664341
14.63,8,5764.58933
-2.646667,8,5788.969582
10.89,8,5813.505102
14.7,8,5838.606698
14.76,8,5863.362373
-2.87,8,5887.877662
11.593333,8,5912.841257
13.86,8,5937.482622
14.29,8,5962.279842
-2.98,8,5986.620648
9.77,8,6011.03083
14.53,8,6036.288799
15.03,8,6061.312113
-0.89,8,6085.617162
6.746667,8,6110.891532
14.53,8,6136.324383
14.7,8,6161.409704
-1.393333,8,6185.85376
8.67,8,6210.789823
15.18,8,6235.582072
13.3,8,6260.875847
-0.693333,8,6285.451035
4.866667,8,6310.035726
13.93,8,6335.316052
11.81,8,6360.193339
-0.7,8,6384.654267
6.66,8,6409.479074
14.72,8,6434.564237
15.31,8,6459.572077
1.133333,8,6483.949217
6.236667,8,6509.186202
13.18,8,6533.742117
14.1,8,6558.849602
1.59,8,6583.314442
5.586667,8,6608.244216
14.88,8,6633.102714
14.9,8,6658.18778
1.67,8,6682.802892
5.106667,8,6707.808117
14.96,8,6733.105515
14.4,8,6758.191638
2.063333,8,6782.842768
4.656667,8,6807.996026
14.33,8,6833.103407
14.26,8,6858.123657
2.963333,8,6882.687248
4.946667,8,6907.528091
13.06,8,6932.472112
14.76,8,6957.134238
4.333333,8,6981.566664
3.223333,8,7006.400154
14.07,8,7031.559113
13.9,8,7056.671903
4.276667,8,7081.191596
3.04,8,7106.078587
14.4,8,7131.456686
10.576667,8,7156.138134
4.256667,8,7180.636992
2.296667,8,7205.491145
13.16,8,7230.797404
14.92,8,7255.498026
5.85,8,7280.015164
1.813333,8,7304.89848
14.63,8,7329.869433
13.13,8,7354.820269
6.406667,8,7379.265022
1.01,8,7403.800901
13.02,8,7428.879897
14.01,8,7454.201951
6.353333,8,7478.806667
-0.223333,8,7503.860911
13.73,8,7528.875491
13.32,8,7553.531162
8.256667,8,7578.065921
-0.803333,8,7602.980843
14.3,8,7628.126956
14.23,8,7653.209032
8.203333,8,7677.926447
-0.876667,8,7702.822809
13.94,8,7727.932266
14.19,8,7753.086647
8.493333,8,7777.682102
-2.476667,8,7802.309984
13.5,8,7827.43166
11.83,8,7852.491808
9.043333,8,7877.012079
-2.96,8,7901.727585
13.89,8,7926.741763
14.93,8,7951.850052
9.183333,8,7976.599623
-2.846667,8,8001.281947
12.38,8,8026.169099
13.55,8,8051.473445
10.953333,8,8076.225492
-3.163333,8,8100.645616
14.0,8,8125.628685
14.21,8,8150.565727
11.356667,8,8175.228632
-3.316667,8,8200.003029
14.34,8,8224.983742
13.46,8,8249.887788
11.1,8,8274.510324
-2.87,8,8298.754162
12.53,8,8323.473113
13.16,8,8348.065945
13.55,8,8372.656829
-2.933333,8,8397.04022
12.233333,8,8422.137056
14.4,8,8447.002174
12.57,8,8471.724298
-3.1,8,8496.383588
11.6,8,8521.313756
14.13,8,8545.998889
13.4,8,8570.642456
-2.86,8,8595.077914
9.48,8,8619.703599
11.67,8,8644.438127
12.4,8,8669.307749
-2.893333,8,8693.750458
9.256667,8,8718.755438
12.16,8,8743.641004
12.6,8,8768.442115
-1.016667,8,8792.770097
6.953333,8,8817.511287
13.79,8,8842.527547
14.1,8,8867.430885
-1.006667,8,8891.968621
7.0,8,8916.50283
12.27,8,8941.28691
12.16,8,8966.531586
-1.04,8,8991.18769
6.346667,8,9016.24874
10.27,8,9041.146228
11.7,8,9065.82897
1.396667,8,9090.311991
3.373333,8,9114.857685
12.43,8,9139.601191
12.1,8,9164.587591
0.96,8,9189.090725
4.486667,8,9213.586749
13.11,8,9238.772619
14.47,8,9263.837846
2.28,8,9288.301435
3.063333,8,9313.158948
12.46,8,9338.031019
11.67,8,9362.928511
3.42,8,9387.529994
2.15,8,9412.353001
11.33,8,9436.984155
13.82,8,9461.728582
3.313333,8,9486.431159
1.51,8,9511.368532
13.52,8,9535.94478
12.48,8,9561.232911
4.9,8,9585.843139
2.073333,8,9610.67329
13.96,8,9635.760625
12.63,8,9660.637388
6.03,8,9685.062326
1.116667,8,9710.015562
12.67,8,9734.548968
14.14,8,9759.797742
4.983333,8,9784.551835
-0.586667,8,9809.537853
13.06,8,9834.141821
13.15,8,9859.096243
6.36,8,9883.764049
-0.863333,8,9908.728107
12.5,8,9933.787679
13.46,8,9958.997385
8.036667,8,9983.439077
-1.073333,8,10007.983181
13.51,8,10033.21331
13.7,8,10058.215025
8.3,8,10082.662755
-2.943333,8,10107.301218
11.43,8,10132.17546
14.47,8,10157.258497
8.723333,8,10181.797945
-2.61,8,10206.304057
13.07,8,10231.438331
14.27,8,10256.738912
10.89,8,10281.269184
-2.883333,8,10306.051
12.83,8,10330.874217
12.46,8,10355.456827
11.176667,8,10379.785418
-2.703333,8,10403.989056
13.07,8,10429.232925
13.11,8,10453.909796
12.73,8,10478.341253
-2.753333,8,10502.692786
11.613333,8,10527.80561
13.47,8,10553.154174
13.74,8,10577.874176
-2.94,8,10602.155191
9.126667,8,10627.129522
13.36,8,10651.984349
14.37,8,10676.806295
-2.946667,8,10701.083887
11.19,8,10725.793834
13.21,8,10750.782333
13.24,8,10775.833983
-2.833333,8,10800.07662
7.866667,8,10824.834775
12.91,8,10849.544956
14.24,8,10874.515463
-2.99,8,10898.889344
9.25,8,10923.771991
13.87,8,10948.634953
14.03,8,10973.657466
-1.126667,8,10997.976043
5.773333,8,11022.667539
14.26,8,11047.827513
13.37,8,11072.592076
-0.796667,8,11096.946257
6.77,8,11121.868212
13.77,8,11146.82048
13.39,8,11171.652483
1.063333,8,11195.949961
5.84,8,11220.97119
13.19,8,11246.038972
13.19,8,11270.98954
1.533333,8,11295.615428
1.306667,8,11320.352109
14.04,8,11345.389466
13.96,8,11370.076497
2.983333,8,11394.684818
4.83,8,11419.58859
14.2,8,11444.589219
13.76,8,11469.810694
0.64,8,11494.029546
0.646667,8,11518.72487
14.18,8,11543.568747
14.03,8,11568.68323
3.623333,8,11593.104481
3.213333,8,11617.768192
13.64,8,11642.712858
13.92,8,11667.806224
3.916667,8,11692.126114
2.456667,8,11717.064672
12.69,8,11741.885747
14.44,8,11767.015337
3.77,8,11791.345594
-0.626667,8,11816.189083
14.16,8,11841.410503
14.06,8,11866.207253
5.443333,8,11890.557705
-2.506667,8,11914.800057
13.93,8,11939.837368
13.17,8,11964.945815
4.803333,8,11989.478987
-2.723333,8,12013.674351
11.16,8,12038.569675
13.12,8,12063.312501
7.573333,8,12087.861148
-2.843333,8,12112.377875
14.44,8,12137.036473
12.43,8,12162.105531
8.583333,8,12186.74692
-2.916667,8,12210.979584
8.88,8,12236.028945
12.57,8,12260.953352
6.086667,8,12285.368782
-2.59,8,12309.992093
7.09,8,12334.195325
13.33,8,12359.350459
12.1,8,12383.912489
-2.746667,8,12408.166776
7.79,8,12433.419165
13.3,8,12458.299742
12.44,8,12483.109841
-2.716667,8,12507.634495
10.643333,8,12532.849859
13.26,8,12557.703932
9.993333,8,12582.616669
-2.513333,8,12606.809679
6.7,8,12631.447413
13.0,8,12656.571198
12.27,8,12681.72506
-2.766667,8,12706.150614
1.29,8,12730.629856
11.64,8,12755.321656
10.64,8,12780.368883
-2.91,8,12804.607838
6.466667,8,12829.556675
12.15,8,12854.421609
13.24,8,12879.562208
-2.913333,8,12903.595021
3.323333,8,12928.431867
12.79,8,12953.583293
12.97,8,12978.857124
-1.483333,8,13003.182688
7.183333,8,13028.248345
11.12,8,13053.378581
12.18,8,13078.650331
-2.866667,8,13103.161417
6.21,8,13127.951624
12.74,8,13152.54083
6.513333,8,13177.742679
0.18,8,13202.103472
4.22,8,13226.77977
12.65,8,13251.809661
5.8,8,13276.61393
0.193333,8,13300.984629
2.953333,8,13325.659737
12.3,8,13350.566609
7.973333,8,13375.491523
1.973333,8,13399.957054
1.38,8,13424.32977
13.41,8,13449.22534
7.28,8,13474.143483
2.54,8,13498.412784
-1.2,8,13523.203577
11.8,8,13548.295975
9.79,8,13572.66226
1.896667,8,13596.987196
-0.26,8,13621.675647
9.883333,8,13646.675871
12.47,8,13671.616456
4.703333,8,13695.647175
-2.813333,8,13719.880395
12.37,8,13744.615799
10.53,8,13769.589728
0.52,8,13793.695294
-1.33,8,13818.300145
6.603333,8,13842.988415
9.04,8,13867.626844
3.466667,8,13892.1199
-2.69,8,13916.883591
11.24,8,13941.510509
8.54,8,13966.487615
10.133333,8,13990.845869
-2.9,8,14015.056115
12.7,8,14040.077591
6.376667,8,14064.601663
7.78,8,14089.249553
-2.74,8,14113.53349
7.593333,8,14138.338263
9.34,8,14163.410454
8.166667,8,14187.605641
-2.763333,8,14211.713396
7.24,8,14236.439333
12.3,8,14261.23547
12.2,8,14286.51141
-2.673333,8,14310.804176
6.18,8,14335.595478
12.27,8,14360.719539
9.843333,8,14385.545257
-2.65,8,14409.846397
3.48,8,14434.546917
6.336667,8,14458.762523
8.943333,8,14483.546075
-2.666667,8,14507.761299
4.596667,8,14532.872601
11.61,8,14557.721468
7.216667,8,14582.764313
-1.456667,8,14607.24922
5.01,8,14631.911856
11.57,8,14656.342696
12.67,8,14681.247798
0.716667,8,14705.53279
1.683333,8,14730.076911
12.03,8,14755.257841
11.87,8,14780.415016
0.33,8,14804.849239
3.846667,8,14829.35278
9.833333,8,14854.232018
10.89,8,14878.764091
3.3,8,14903.353251
2.736667,8,14928.049723
13.05,8,14952.73767
13.03,8,14977.701956
2.74,8,15002.297063
1.023333,8,15027.456739
10.4,8,15052.262592
12.23,8,15076.898779
2.88,8,15101.409272
-0.426667,8,15126.309473
12.4,8,15151.483498
12.83,8,15176.349097
5.05,8,15200.869911
0.926667,8,15225.365373
12.47,8,15250.144999
12.31,8,15275.178486
5.376667,8,15299.804123
-0.9,8,15324.186296
11.79,8,15349.362299
10.986667,8,15374.467108
5.446667,8,15398.888372
-0.92,8,15423.4133
13.69,8,15448.483632
13.9,8,15473.196038
6.966667,8,15497.811879
-2.923333,8,15522.29771
12.11,8,15547.034048
12.76,8,15571.744241
6.56,8,15596.122424
-2.906667,8,15620.372698
11.53,8,15645.369656
12.33,8,15670.15163
10.73,8,15694.632512
-2.986667,8,15718.899603
11.743333,8,15743.966933
12.21,8,15768.658603
10.93,8,15793.070113
-2.68,8,15817.228902
8.606667,8,15842.051058
10.416667,8,15866.787439
13.01,8,15891.703413
-2.443333,8,15915.818936
8.116667,8,15940.826931
11.68,8,15965.924778
11.79,8,15990.769634
-2.803333,8,16015.045108
8.6,8,16039.513014
11.246667,8,16064.39625
13.77,8,16089.380801
-2.946667,8,16113.68596
5.943333,8,16138.205838
11.486667,8,16163.351047
13.82,8,16188.03058
-2.923333,8,16212.446585
4.043333,8,16237.258159
11.76,8,16262.099694
12.8,8,16287.23203
-1.37,8,16311.563114
5.93,8,16336.572091
12.93,8,16361.194029
10.486667,8,16386.208232
-1.446667,8,16410.49534
3.38,8,16435.218364
11.513333,8,16460.225693
12.87,8,16485.290321
0.883333,8,16509.858751
1.356667,8,16534.481254
11.36,8,16559.715315
11.15,8,16584.752658
-0.56,8,16609.206295
4.723333,8,16633.898652
11.663333,8,16658.660533
11.413333,8,16683.640062
0.96,8,16708.025444
-0.81,8,16732.249639
11.583333,8,16757.267562
13.19,8,16782.235789
3.05,8,16806.712727
-0.79,8,16831.441217
10.226667,8,16856.277369
12.19,8,16881.365141
0.826667,8,16905.702818
1.276667,8,16930.111564
11.25,8,16955.005548
13.83,8,16979.967216
4.016667,8,17004.621302
-1.003333,8,17029.049671
13.23,8,17054.004216
10.73,8,17078.881398
4.05,8,17103.269464
-0.883333,8,17127.730824
10.783333,8,17152.44607
12.62,8,17177.31765
6.073333,8,17201.694102
-2.586667,8,17226.02021
11.35,8,17251.120537
12.66,8,17276.093538
4.743333,8,17300.474582
-2.873333,8,17324.614849
12.3,8,17349.173523
13.04,8,17374.185209
8.456667,8,17398.74512
-2.223333,8,17422.811335
7.276667,8,17447.635085
11.4,8,17472.460594
13.57,8,17496.988998
-2.996667,8,17521.28954
11.023333,8,17546.573145
13.44,8,17571.397736
12.13,8,17596.200466
-2.513333,8,17620.613961
10.773333,8,17645.142086
13.5,8,17669.746928
9.53,8,17694.621602
-2.95,8,17719.007447
8.05,8,17743.721063
10.816667,8,17768.326202
10.9,8,17793.024902
-2.953333,8,17817.417974
3.776667,8,17842.195467
11.556667,8,17866.851873
12.59,8,17891.80989
-1.35,8,17916.222977
3.483333,8,17941.057888
9.86,8,17966.249771
12.17,8,17991.263783
-1.596667,8,18015.763834
7.546667,8,18040.845801
11.406667,8,18065.461882
12.9,8,18090.573992
0.643333,8,18115.028225
3.57,8,18139.702417
10.443333,8,18164.347514
11.43,8,18189.326049
-0.88,8,18213.784732
4.276667,8,18238.472449
11.5,8,18263.430348
12.43,8,18288.257586
2.39,8,18312.867184
3.48,8,18337.74734
11.25,8,18362.390569
11.26,8,18387.229954
2.743333,8,18411.589783
0.173333,8,18436.409924
12.16,8,18461.34479
13.07,8,18486.608923
1.65,8,18510.926725
-1.156667,8,18535.738225
13.3,8,18560.755166
11.03,8,18586.011277
2.88,8,18610.28701
1.413333,8,18635.246286
11.1,8,18660.327357
11.63,8,18685.001023
4.363333,8,18709.558988
-1.266667,8,18733.856875
11.74,8,18758.931954
12.45,8,18783.788239
5.07,8,18808.401732
-2.636667,8,18832.60482
11.4,8,18857.706234
13.07,8,18883.010401
7.61,8,18907.473638
-1.323333,8,18931.892136
13.87,8,18956.863431
11.87,8,18982.310472
8.586667,8,19006.744725
-2.56,8,19030.885543
11.8,8,19055.680002
13.37,8,19080.513804
10.826667,8,19104.940379
-2.893333,8,19129.151148
13.61,8,19154.430838
11.506667,8,19179.501397
10.006667,8,19204.14376
-2.706667,8,19228.346392
12.9,8,19253.533044
13.56,8,19278.956326
10.826667,8,19303.575664
-2.723333,8,19327.761704
7.673333,8,19353.006844
13.32,8,19378.074338
6.68,8,19402.603479
-2.403333,8,19426.685052
8.836667,8,19451.720418
13.59,8,19476.747086
12.07,8,19501.787077
-2.866667,8,19525.892931
10.866667,8,19550.488193
12.533333,8,19575.414265
12.24,8,19600.321374
-2.746667,8,19624.510346
8.703333,8,19649.234586
11.49,8,19674.026852
10.526667,8,19698.946278
-2.443333,8,19723.029459
5.33,8,19747.962728
11.116667,8,19772.761288
11.153333,8,19797.529873
-2.976667,8,19822.0373
4.086667,8,19846.802223
9.383333,8,19871.800497
10.983333,8,19896.602869
-2.403333,8,19921.133525
6.153333,8,19946.288241
10.68,8,19970.810803
11.293333,8,19995.806916
-3.086667,8,20020.132061
4.633333,8,20044.99017
10.846667,8,20069.749932
9.62,8,20094.502322
1.14,8,20119.128367
2.25,8,20143.979111
10.026667,8,20168.602485
10.886667,8,20193.135646
0.933333,8,20217.56829
2.726667,8,20242.095143
11.716667,8,20267.016469
11.426667,8,20291.886627
1.49,8,20316.169774
1.016667,8,20341.215426
10.623333,8,20365.800606
10.573333,8,20391.410602
0.97,8,20415.903775
-1.306667,8,20440.650768
11.34,8,20465.156225
11.983333,8,20489.98334
3.58,8,20514.515972
1.48,8,20539.182442
11.516667,8,20563.932041
10.953333,8,20588.819962
3.913333,8,20613.414883
-0.253333,8,20638.073649
11.253333,8,20662.807938
11.56,8,20687.320874
6.046667,8,20711.957579
-0.85,8,20736.761731
11.22,8,20761.167336
9.846667,8,20785.883058
6.303333,8,20810.742908
-2.933333,8,20835.388726
8.916667,8,20860.311822
11.01,8,20885.334492
7.14,8,20909.9544
-0.01,8,20934.235352
0.0,8,20958.622434
0.0,8,20983.023152
0.0,8,21007.530716
0.0,8,21032.241225
0.0,8,21056.814261
0.0,8,21081.177642
0.0,8,21105.789569
0.0,8,21130.549429
0.0,8,21155.028971
0.0,8,21179.404092
0.0,8,21203.774333
0.0,8,21228.632877
0.0,8,21253.012832
0.0,8,21277.204431
0.0,8,21301.443484
0.0,8,21325.718668
0.0,8,21349.925966
0.0,8,21374.011045
0.0,8,21397.999317
0.0,8,21422.283948
0.0,8,21446.429116
0.0,8,21470.457201
0.0,8,21494.576008
0.0,8,21518.87093
0.0,8,21543.002904
0.0,8,21567.149175
0.0,8,21591.313625
0.0,8,21615.587369
0.0,8,21639.786166
0.0,8,21663.924353
0.0,8,21688.035452
0.0,8,21712.382325
0.0,8,21736.569516
0.0,8,21760.67648
0.0,8,21784.843368
0.0,8,21809.280715
0.0,8,21833.680194
0.0,8,21857.79643
0.0,8,21881.929884
0.0,8,21906.257877
0.0,8,21930.630109
0.0,8,21954.821521
0.0,8,21978.991651
0.0,8,22003.100332
0.0,8,22027.511074
0.0,8,22051.680534
0.0,8,22075.832095
0.0,8,22099.988756
0.0,8,22124.312964
0.0,8,22148.615312
0.0,8,22172.804554
0.0,8,22196.895541
0.0,8,22221.050164
0.0,8,22245.158037
0.0,8,22269.216965
0.0,8,22293.302284
0.0,8,22317.615103
0.0,8,22341.918163
0.0,8,22365.937084
0.0,8,22389.975427
0.0,8,22414.131536
0.0,8,22438.286621
0.0,8,22462.312057
0.0,8,22486.294703
0.0,8,22510.484781
0.0,8,22534.697075
0.0,8,22558.774117
0.0,8,22582.757676
0.0,8,22606.80807
0.0,8,22631.098849
0.0,8,22655.073714
0.0,8,22679.045578
0.0,8,22703.014975
0.0,8,22727.104808
0.0,8,22751.198577
0.0,8,22775.181046
0.0,8,22799.24768
0.0,8,22823.407194
0.0,8,22847.507084
0.0,8,22871.526278
0.0,8,22895.560367
0.0,8,22919.77403
0.0,8,22943.824173
0.0,8,22967.822833
0.0,8,22991.845271
0.0,8,23016.038594
0.0,8,23040.229845
0.0,8,23064.230573
0.0,8,23088.245012
0.0,8,23112.461127
0.0,8,23136.641672
0.0,8,23160.623062
0.0,8,23184.600088
0.0,8,23208.776818
0.0,8,23233.155326
0.0,8,23257.28264
0.0,8,23281.299857
0.0,8,23305.409857
0.0,8,23329.620326
0.0,8,23353.737137
0.0,8,23377.75156
0.0,8,23401.849809
0.0,8,23426.103344
0.0,8,23450.336283
0.0,8,23474.49005
0.0,8,23498.598377
0.0,8,23522.875801
0.0,8,23546.989564
0.0,8,23571.081898
0.0,8,23595.196789
0.0,8,23619.408903
0.0,8,23643.589484
0.0,8,23667.67436
0.0,8,23691.823252
0.0,8,23716.17854
0.0,8,23740.357718
0.0,8,23764.539658
0.0,8,23788.678224
0.0,8,23812.999648
0.0,8,23837.239872
0.0,8,23861.298331
0.0,8,23885.418909
0.0,8,23909.679103
0.0,8,23934.179616
0.0,8,23958.42936
0.0,8,23982.660881
0.0,8,24006.886723
0.0,8,24031.30162
0.0,8,24055.397887
0.0,8,24079.552316
0.0,8,24103.691314
0.0,8,24128.108757
0.0,8,24152.298132
0.0,8,24176.412392
0.0,8,24200.444179
0.0,8,24224.580336
0.0,8,24248.665484
0.0,8,24272.678615
0.0,8,24296.716537
0.0,8,24320.932038
0.0,8,24345.075073
0.0,8,24369.168856
0.0,8,24393.166057
0.0,8,24417.271211
0.0,8,24441.511027
0.0,8,24465.505467
0.0,8,24489.530839
0.0,8,24513.749372
0.0,8,24537.948951
0.0,8,24561.989627
0.0,8,24586.135277
0.0,8,24610.271432
0.0,8,24634.39818
0.0,8,24658.420682
0.0,8,24682.458723
0.0,8,24706.73783
0.0,8,24731.184006
0.0,8,24755.244574
0.0,8,24779.212167
0.0,8,24803.188954
0.0,8,24827.389603
0.0,8,24851.508061
0.0,8,24875.599324
0.0,8,24899.657722
0.0,8,24923.873611
0.0,8,24948.108637
0.0,8,24972.20156
0.0,8,24996.271268
0.0,8,25020.446316
0.0,8,25044.709002
0.0,8,25068.851474
0.0,8,25092.883838
0.0,8,25117.228033
0.0,8,25141.501459
0.0,8,25165.621138
0.0,8,25189.66533
0.0,8,25213.914074
0.0,8,25238.099552
0.0,8,25262.133654
0.0,8,25286.195576
0.0,8,25310.363338
0.0,8,25334.617434
0.0,8,25358.709476
0.0,8,25382.718833
0.0,8,25406.855455
0.0,8,25431.169824
0.0,8,25455.261847
0.0,8,25479.325767
0.0,8,25503.396067
0.0,8,25527.631354
0.0,8,25551.653204
0.0,8,25575.717006
0.0,8,25599.743304
0.0,8,25623.923862
0.0,8,25648.148715
0.0,8,25672.236697
0.0,8,25696.256987
0.0,8,25720.456887
0.0,8,25744.721941
0.0,8,25768.829857
0.0,8,25792.856761
0.0,8,25817.126448
0.0,8,25841.487531
0.0,8,25865.484839
0.0,8,25889.569743
0.0,8,25913.799732
0.0,8,25937.913427
0.0,8,25961.978445
0.0,8,25986.107841
0.0,8,26010.419882
0.0,8,26034.896298
0.0,8,26059.033954
0.0,8,26083.183184
0.0,8,26107.454371
0.0,8,26131.777354
0.0,8,26155.987017
0.0,8,26180.141149
0.0,8,26204.291713
0.0,8,26228.575077
0.0,8,26252.774772
0.0,8,26276.820963
0.0,8,26300.973477
0.0,8,26325.233337
0.0,8,26349.48047
0.0,8,26373.576848
0.0,8,26397.78624
0.0,8,26422.022455
0.0,8,26446.283524
0.0,8,26470.327543
0.0,8,26494.473762
0.0,8,26518.835567
0.0,8,26543.021781
0.0,8,26567.095794
0.0,8,26591.210828
0.0,8,26615.477825
0.0,8,26639.63735
0.0,8,26663.723849
0.0,8,26687.858335
0.0,8,26712.286589
0.0,8,26736.691665
0.0,8,26760.881365
0.0,8,26784.987881
0.0,8,26809.337036
0.0,8,26833.744604
0.0,8,26857.847143
0.0,8,26881.983204
0.0,8,26906.036747
0.0,8,26930.391415
0.0,8,26954.715878
0.0,8,26978.77925
0.0,8,27002.861191
0.0,8,27027.215384
0.0,8,27051.405323
0.0,8,27075.398281
0.0,8,27099.456923
0.0,8,27123.780745
0.0,8,27147.970795
0.0,8,27172.04948
0.0,8,27196.143035
0.0,8,27220.529778
0.0,8,27244.647716
0.0,8,27268.83386
0.0,8,27292.993999
0.0,8,27317.337473
0.0,8,27341.619048
0.0,8,27365.749079
0.0,8,27389.807365
0.0,8,27414.038747
0.0,8,27438.386596
0.0,8,27462.470628
0.0,8,27486.699682
0.0,8,27511.069529
0.0,8,27535.407827
0.0,8,27559.538832
0.0,8,27583.5831
0.0,8,27607.729125
0.0,8,27631.966995
0.0,8,27656.188914
0.0,8,27680.248378
0.0,8,27704.417809
0.0,8,27728.749117
0.0,8,27752.95955
0.0,8,27777.061296
0.0,8,27801.155667
0.0,8,27825.380203
0.0,8,27849.630368
0.0,8,27873.802466
0.0,8,27897.95619
0.0,8,27922.156874
0.0,8,27946.377703
0.0,8,27970.465919
0.0,8,27994.602264
0.0,8,28018.823731
0.0,8,28042.923083
0.0,8,28067.000166
0.0,8,28091.182851
0.0,8,28115.54787
0.0,8,28139.719522
0.0,8,28163.845665
0.0,8,28187.918645
0.0,8,28212.190711
0.0,8,28236.539661
0.0,8,28260.791554
0.0,8,28284.877815
0.0,8,28309.232433
0.0,8,28333.756643
0.0,8,28357.97278
0.0,8,28382.09882
0.0,8,28406.157117
0.0,8,28430.463053
0.0,8,28454.678495
0.0,8,28478.785102
0.0,8,28502.883286
0.0,8,28527.081333
0.0,8,28551.173725
0.0,8,28575.219502
0.0,8,28599.300515
0.0,8,28623.614936
0.0,8,28647.77865
0.0,8,28671.909812
0.0,8,28695.982013
0.0,8,28720.252963
0.0,8,28744.510244
0.0,8,28768.590118
0.0,8,28792.678388
0.0,8,28816.968091
0.0,8,28841.344762
0.0,8,28865.46605
0.0,8,28889.683712
0.0,8,28914.149612
0.0,8,28938.807762
0.0,8,28962.916702
0.0,8,28987.062904
0.0,8,29011.440226
0.0,8,29035.806506
0.0,8,29060.020761
0.0,8,29084.203479
0.0,8,29108.332779
0.0,8,29132.745038
0.0,8,29156.870229
0.0,8,29181.053325
0.0,8,29205.164969
0.0,8,29229.573639
0.0,8,29253.846527
0.0,8,29277.987349
0.0,8,29302.126178
0.0,8,29326.409409
0.0,8,29350.552872
0.0,8,29374.623761
0.0,8,29398.891302
0.0,8,29423.21057
0.0,8,29447.644732
0.0,8,29471.821012
0.0,8,29496.062871
0.0,8,29520.465701
0.0,8,29544.655684
0.0,8,29568.693451
0.0,8,29592.854348
0.0,8,29617.213241
0.0,8,29641.432091
0.0,8,29665.648113
0.0,8,29689.767869
0.0,8,29714.110836
0.0,8,29738.475739
0.0,8,29762.76807
0.0,8,29786.924977
0.0,8,29811.222904
0.0,8,29835.785975
0.0,8,29860.109025
0.0,8,29884.353519
0.0,8,29908.545358
0.0,8,29932.975699
0.0,8,29957.187284
0.0,8,29981.442699
0.0,8,30005.666498
0.0,8,30030.044656
0.0,8,30054.273793
0.0,8,30078.405998
0.0,8,30102.55665
0.0,8,30126.901096
0.0,8,30151.124683
0.0,8,30175.273133
0.0,8,30199.353165
0.0,8,30223.675975
0.0,8,30247.881881
0.0,8,30272.044548
0.0,8,30296.199365
0.0,8,30320.47202
0.0,8,30344.717506
0.0,8,30368.816981
0.0,8,30392.93433
0.0,8,30417.207799
0.0,8,30441.419384
0.0,8,30465.479397
0.0,8,30489.603412
0.0,8,30513.842676
0.0,8,30538.258658
0.0,8,30562.695905
0.0,8,30586.861413
0.0,8,30611.270112
0.0,8,30635.837812
0.0,8,30660.166719
0.0,8,30684.390261
0.0,8,30708.70314
0.0,8,30733.221076
0.0,8,30757.595117
0.0,8,30781.79979
0.0,8,30805.986858
0.0,8,30830.287866
0.0,8,30854.53141
0.0,8,30878.697389
0.0,8,30902.872327
0.0,8,30927.210075
0.0,8,30951.559272
0.0,8,30975.693295
0.0,8,30999.909799
0.0,8,31024.416433
0.0,8,31048.738706
0.0,8,31072.912184
0.0,8,31097.047212
0.0,8,31121.409332
0.0,8,31145.59528
0.0,8,31169.738822
0.0,8,31193.831262
0.0,8,31217.978924
0.0,8,31242.157801
0.0,8,31266.2958
0.0,8,31290.45743
0.0,8,31314.641724
0.0,8,31338.96224
0.0,8,31363.112318
0.0,8,31387.276338
0.0,8,31411.620371
0.0,8,31435.96502
0.0,8,31460.140917
0.0,8,31484.25435
0.0,8,31508.32146
0.0,8,31532.518869
0.0,8,31556.605873
0.0,8,31580.694841
0.0,8,31604.705358
0.0,8,31628.869217
0.0,8,31652.987691
0.0,8,31677.05114
0.0,8,31701.174004
0.0,8,31725.291731
0.0,8,31749.376428
0.0,8,31773.4464
0.0,8,31797.520678
0.0,8,31821.79581
0.0,8,31845.927947
0.0,8,31869.91728
0.0,8,31893.916977
0.0,8,31918.18184
0.0,8,31942.424075
0.0,8,31966.45135
0.0,8,31990.497015
0.0,8,32014.569022
0.0,8,32038.792375
0.0,8,32063.060843
0.0,8,32087.169128
0.0,8,32111.32709
0.0,8,32135.568785
0.0,8,32159.688536
0.0,8,32183.712556
0.0,8,32207.761268
0.0,8,32232.025341
0.0,8,32256.172469
0.0,8,32280.251766
0.0,8,32304.288695
0.0,8,32328.596499
0.0,8,32352.790614
0.0,8,32376.863833
0.0,8,32400.946548
0.0,8,32425.227643
0.0,8,32449.455723
0.0,8,32473.618871
0.0,8,32497.704396
0.0,8,32522.007218
0.0,8,32546.122434
0.0,8,32570.169955
0.0,8,32594.26309
0.0,8,32618.527527
0.0,8,32642.757896
0.0,8,32666.865354
0.0,8,32690.911858
0.0,8,32715.160586
0.0,8,32739.394774
0.0,8,32763.740817
0.0,8,32787.883748
0.0,8,32812.205101
0.0,8,32836.627512
0.0,8,32860.750554
0.0,8,32884.800228
0.0,8,32908.833374
0.0,8,32933.212224
0.0,8,32957.301974
0.0,8,32981.312985
0.0,8,33005.345435
0.0,8,33029.679591
0.0,8,33053.805279
0.0,8,33077.960249
0.0,8,33101.987606
0.0,8,33126.26185
0.0,8,33150.322305
0.0,8,33174.399463
0.0,8,33198.416404
0.0,8,33222.78357
0.0,8,33246.930759
0.0,8,33271.065643
0.0,8,33295.109618
0.0,8,33319.367005
0.0,8,33343.468159
0.0,8,33367.486205
0.0,8,33391.53391
0.0,8,33415.746654
0.0,8,33440.111277
0.0,8,33464.142541
0.0,8,33488.284011
0.0,8,33512.583768
0.0,8,33536.913987
0.0,8,33561.159474
0.0,8,33585.342447
0.0,8,33609.389861
0.0,8,33633.484558
0.0,8,33657.545867
0.0,8,33681.698162
0.0,8,33705.776472
0.0,8,33730.079617
0.0,8,33754.143208
0.0,8,33778.227787
0.0,8,33802.436799
0.0,8,33826.626956
0.0,8,33850.872911
0.0,8,33874.875629
0.0,8,33899.060579
0.0,8,33923.344076
0.0,8,33947.518387
0.0,8,33971.450173
0.0,8,33995.460734
0.0,8,34019.779294
0.0,8,34044.042776
0.0,8,34068.136481
0.0,8,34092.120905
0.0,8,34116.343192
0.0,8,34140.494248
0.0,8,34164.684253
0.0,8,34188.826754
0.0,8,34213.148958
0.0,8,34237.520877
0.0,8,34261.752438
0.0,8,34285.910686
0.0,8,34310.0096
0.0,8,34334.376307
0.0,8,34358.632089
0.0,8,34382.626958
0.0,8,34406.720759
0.0,8,34430.847252
0.0,8,34454.963093
0.0,8,34478.96531
0.0,8,34502.945719
0.0,8,34527.13815
0.0,8,34551.147544
0.0,8,34575.128751
0.0,8,34599.142742
0.0,8,34623.259614
0.0,8,34647.270845
0.0,8,34671.385341
0.0,8,34695.461811
0.0,8,34719.669592
0.0,8,34743.796588
0.0,8,34767.855134
0.0,8,34791.887995
0.0,8,34816.241739
0.0,8,34840.399376
0.0,8,34864.440197
0.0,8,34888.418036
0.0,8,34912.518296
0.0,8,34936.666983
0.0,8,34960.936617
0.0,8,34985.002341
0.0,8,35009.10699
0.0,8,35033.678464
0.0,8,35057.744642
0.0,8,35081.884088
0.0,8,35106.021739
0.0,8,35130.397367
0.0,8,35154.498626
0.0,8,35178.657147
0.0,8,35202.752414
0.0,8,35226.984953
0.0,8,35251.189149
0.0,8,35275.316016
0.0,8,35299.357321
0.0,8,35323.73391
0.0,8,35348.111284
0.0,8,35372.208972
0.0,8,35396.403745
0.0,8,35420.730974
0.0,8,35445.061344
0.0,8,35469.290681
0.0,8,35493.371308
0.0,8,35517.722879
0.0,8,35542.258112
0.0,8,35566.456981
0.0,8,35590.606556
0.0,8,35614.964632
0.0,8,35639.367483
0.0,8,35663.528579
0.0,8,35687.603844
0.0,8,35711.764803
0.0,8,35736.115312
0.0,8,35760.316906
0.0,8,35784.527311
0.0,8,35808.629334
0.0,8,35833.054995
0.0,8,35857.282596
0.0,8,35881.397606
0.0,8,35905.522223
0.0,8,35929.854031
0.0,8,35954.001474
0.0,8,35978.096551
0.0,8,36002.225634
0.0,8,36026.553566
0.0,8,36050.780404
0.0,8,36074.918822
0.0,8,36099.095713
0.0,8,36123.45268
0.0,8,36147.686758
0.0,8,36171.836591
0.0,8,36195.972529
0.0,8,36220.347234
0.0,8,36244.525266
0.0,8,36268.631553
0.0,8,36292.757454
0.0,8,36317.108822
0.0,8,36341.552341
0.0,8,36365.778264
0.0,8,36389.936653
0.0,8,36414.241625
0.0,8,36438.683796
0.0,8,36462.854772
0.0,8,36486.996804
0.0,8,36511.15056
0.0,8,36535.436849
0.0,8,36559.686401
0.0,8,36583.75142
0.0,8,36607.803219
0.0,8,36632.071458
0.0,8,36656.186479
0.0,8,36680.291165
0.0,8,36704.357878
0.0,8,36728.647059
0.0,8,36752.820634
0.0,8,36776.953339
0.0,8,36801.087353
0.0,8,36825.361008
0.0,8,36849.54593
0.0,8,36873.640494
0.0,8,36897.819
0.0,8,36922.169864
0.0,8,36946.352387
0.0,8,36970.440653
0.0,8,36994.565369
0.0,8,37018.758213
0.0,8,37042.979053
0.0,8,37067.147203
0.0,8,37091.200442
0.0,8,37115.474
0.0,8,37139.849028
0.0,8,37164.14539
0.0,8,37188.264569
0.0,8,37212.311246
0.0,8,37236.673454
0.0,8,37260.870368
0.0,8,37284.970167
0.0,8,37309.010908
0.0,8,37333.221911
0.0,8,37357.337551
0.0,8,37381.422555
0.0,8,37405.449728
0.0,8,37429.697459
0.0,8,37453.79285
0.0,8,37477.841353
0.0,8,37501.90882
0.0,8,37526.137993
0.0,8,37550.25944
0.0,8,37574.365988
0.0,8,37598.408286
0.0,8,37622.614737
0.0,8,37646.876908
0.0,8,37670.962064
0.0,8,37695.027112
0.0,8,37719.191641
0.0,8,37743.489422
0.0,8,37767.703066
0.0,8,37791.728164
0.0,8,37815.964506
0.0,8,37840.277081
0.0,8,37864.379253
0.0,8,37888.433084
0.0,8,37912.469902
0.0,8,37936.695082
0.0,8,37960.847236
0.0,8,37984.996507
0.0,8,38008.995874
0.0,8,38033.21382
0.0,8,38057.323224
0.0,8,38081.404517
0.0,8,38105.45379
0.0,8,38129.788687
0.0,8,38153.943994
0.0,8,38177.850536
0.0,8,38201.840562
0.0,8,38226.132507
0.0,8,38250.225649
0.0,8,38274.249649
0.0,8,38298.291798
0.0,8,38322.423483
0.0,8,38346.540495
0.0,8,38370.604941
0.0,8,38394.637955
0.0,8,38418.814023
0.0,8,38443.040784
0.0,8,38467.243125
0.0,8,38491.284043
0.0,8,38515.379867
0.0,8,38539.612602
0.0,8,38563.717861
0.0,8,38587.707039
0.0,8,38611.666741
0.0,8,38635.867487
0.0,8,38659.937228
0.0,8,38683.96952
0.0,8,38708.014155
0.0,8,38732.213312
0.0,8,38756.408878
0.0,8,38780.409007
0.0,8,38804.362041
0.0,8,38828.477835
0.0,8,38852.521111
0.0,8,38876.508298
0.0,8,38900.530702
0.0,8,38924.720912
0.0,8,38948.781018
0.0,8,38972.829188
0.0,8,38996.82933
0.0,8,39020.893148
0.0,8,39045.052959
0.0,8,39069.054621
0.0,8,39092.995453
0.0,8,39117.067378
0.0,8,39141.210426
0.0,8,39165.239669
0.0,8,39189.171326
0.0,8,39213.118824
0.0,8,39237.220143
0.0,8,39261.353835
0.0,8,39285.326458
0.0,8,39309.26898
0.0,8,39333.321563
0.0,8,39357.41658
0.0,8,39381.325983
0.0,8,39405.335016
0.0,8,39429.432969
0.0,8,39453.45492
0.0,8,39477.436423
0.0,8,39501.407714
0.0,8,39525.4235
0.0,8,39549.589151
0.0,8,39573.490465
0.0,8,39597.434436
0.0,8,39621.438594
0.0,8,39645.518354
0.0,8,39669.45327
0.0,8,39693.444026
0.0,8,39717.527797
0.0,8,39741.707486
0.0,8,39765.733104
0.0,8,39789.700752
0.0,8,39813.618673
0.0,8,39837.72867
0.0,8,39861.721383
0.0,8,39885.661665
0.0,8,39909.583802
0.0,8,39933.687764
0.0,8,39957.638146
0.0,8,39981.499138
0.0,8,40005.410643
0.0,8,40029.500873
0.0,8,40053.534459
0.0,8,40077.443503
0.0,8,40101.379873
0.0,8,40125.492111
0.0,8,40149.451314
0.0,8,40173.415301
0.0,8,40197.379515
0.0,8,40221.366323
0.0,8,40245.490251
0.0,8,40269.503662
0.0,8,40293.475098
0.0,8,40317.572411
0.0,8,40341.706645
0.0,8,40365.687468
0.0,8,40389.677608
0.0,8,40413.61318
0.0,8,40437.718506
0.0,8,40461.651494
0.0,8,40485.666396
0.0,8,40509.651674
0.0,8,40533.760123
0.0,8,40557.772808
0.0,8,40581.775302
0.0,8,40605.772102
0.0,8,40629.916211
0.0,8,40653.858971
0.0,8,40677.809073
0.0,8,40701.736279
0.0,8,40725.804161
0.0,8,40749.840832
0.0,8,40773.853001
0.0,8,40797.77985
0.0,8,40821.896526
0.0,8,40846.013933
0.0,8,40870.038751
0.0,8,40893.98656
0.0,8,40918.009489
0.0,8,40942.19252
0.0,8,40966.174368
0.0,8,40990.110271
0.0,8,41013.990792
0.0,8,41038.146302
0.0,8,41062.127582
0.0,8,41086.034473
0.0,8,41109.986815
0.0,8,41134.090172
0.0,8,41158.080055
0.0,8,41182.00759
0.0,8,41205.990788
0.0,8,41230.042578
0.0,8,41254.03674
0.0,8,41278.048245
0.0,8,41301.988922
0.0,8,41326.053767
0.0,8,41350.12192
0.0,8,41374.149418
0.0,8,41398.141308
0.0,8,41422.292482
0.0,8,41446.48534
0.0,8,41470.451496
0.0,8,41494.453617
0.0,8,41518.573436
0.0,8,41542.670381
0.0,8,41566.741374
0.0,8,41590.696807
0.0,8,41614.684984
0.0,8,41638.816271
0.0,8,41662.826752
0.0,8,41686.735434
0.0,8,41710.717559
0.0,8,41734.865194
0.0,8,41758.862835
0.0,8,41782.858285
0.0,8,41806.842637
0.0,8,41830.964649
0.0,8,41855.040219
0.0,8,41878.996754
0.0,8,41903.010279
0.0,8,41927.164215
0.0,8,41951.177468
0.0,8,41975.171791
0.0,8,41999.096536
0.0,8,42023.170228
0.0,8,42047.318019
0.0,8,42071.322387
0.0,8,42095.297639
0.0,8,42119.341949
0.0,8,42143.454688
0.0,8,42167.544976
0.0,8,42191.5415
0.0,8,42215.562922
0.0,8,42239.744696
0.0,8,42263.849985
0.0,8,42287.912068
0.0,8,42311.916088
0.0,8,42336.157945
0.0,8,42360.279685
0.0,8,42384.318516
0.0,8,42408.301555
0.0,8,42432.558846
0.0,8,42456.665396
0.0,8,42480.703593
0.0,8,42504.778312
0.0,8,42529.003212
0.0,8,42553.022816
0.0,8,42577.10698
0.0,8,42601.115089
0.0,8,42625.267756
0.0,8,42649.355051
0.0,8,42673.410491
0.0,8,42697.424364
0.0,8,42721.746865
0.0,8,42745.952356
0.0,8,42770.04531
0.0,8,42794.140874
0.0,8,42818.338947
0.0,8,42842.664155
0.0,8,42866.771484
0.0,8,42890.880551
0.0,8,42914.96937
0.0,8,42939.23392
0.0,8,42963.351713
0.0,8,42987.37399
0.0,8,43011.487608
0.0,8,43035.721989
0.0,8,43059.959625
0.0,8,43084.026463
0.0,8,43108.102184
0.0,8,43132.414603
0.0,8,43156.496696
0.0,8,43180.576794
0.0,8,43204.682377
0.0,8,43228.88415
0.0,8,43253.005292
0.0,8,43277.098214
0.0,8,43301.216918
0.0,8,43325.466069
0.0,8,43349.690957
0.0,8,43373.820109
0.0,8,43397.915541
0.0,8,43422.215102
0.0,8,43446.709142
0.0,8,43470.937875
0.0,8,43495.022936
0.0,8,43519.30687
0.0,8,43543.623752
0.0,8,43567.756774
0.0,8,43591.905544
0.0,8,43616.001998
0.0,8,43640.383452
0.0,8,43664.539666
0.0,8,43688.682872
0.0,8,43712.786352
0.0,8,43737.137882
0.0,8,43761.286813
0.0,8,43785.366523
0.0,8,43809.463309
0.0,8,43833.798239
0.0,8,43857.933039
0.0,8,43882.012075
0.0,8,43906.179074
0.0,8,43930.554809
0.0,8,43954.824865
0.0,8,43978.92537
0.0,8,44003.089725
0.0,8,44027.452215
0.0,8,44051.808053
0.0,8,44075.92571
0.0,8,44100.103879
0.0,8,44124.392452
0.0,8,44148.74934
0.0,8,44172.93883
0.0,8,44197.059789
0.0,8,44221.400591
0.0,8,44245.866231
0.0,8,44270.118729
0.0,8,44294.3256
0.0,8,44318.542538
0.0,8,44343.02286
0.0,8,44367.338006
0.0,8,44391.55451
0.0,8,44415.7583
0.0,8,44440.111814
0.0,8,44464.414483
0.0,8,44488.57753
0.0,8,44512.718132
0.0,8,44537.07075
0.0,8,44561.383915
0.0,8,44585.571229
0.0,8,44609.731522
0.0,8,44634.164236
0.0,8,44658.361421
0.0,8,44682.524431
0.0,8,44706.712669
0.0,8,44731.049413
0.0,8,44755.254299
0.0,8,44779.449176
0.0,8,44803.635117
0.0,8,44828.079006
0.0,8,44852.325102
0.0,8,44876.50788
0.0,8,44900.695876
0.0,8,44925.027958
0.0,8,44949.469335
0.0,8,44973.558157
0.0,8,44997.568248
0.0,8,45021.968343
0.0,8,45046.356644
0.0,8,45070.598034
0.0,8,45094.769474
0.0,8,45118.938603
0.0,8,45143.370031
0.0,8,45167.569216
0.0,8,45191.738146
0.0,8,45215.797477
0.0,8,45240.224708
0.0,8,45264.403688
0.0,8,45288.444865
0.0,8,45312.613126
0.0,8,45336.973869
0.0,8,45361.209566
0.0,8,45385.199099
0.0,8,45409.278185
0.0,8,45433.659173
0.0,8,45457.907227
0.0,8,45482.043485
0.0,8,45506.193039
0.0,8,45530.465374
0.0,8,45554.678868
0.0,8,45578.733333
0.0,8,45602.896743
0.0,8,45627.288788
0.0,8,45651.604487
0.0,8,45675.751288
0.0,8,45699.877819
0.0,8,45724.217641
0.0,8,45748.667323
0.0,8,45772.892495
0.0,8,45797.045985
0.0,8,45821.384268
0.0,8,45845.78586
0.0,8,45870.077259
0.0,8,45894.244561
0.0,8,45918.215378
0.0,8,45942.552775
0.0,8,45966.757584
0.0,8,45990.842674
0.0,8,46014.93238
0.0,8,46039.275196
0.0,8,46063.561959
0.0,8,46087.633046
0.0,8,46111.681837
0.0,8,46136.017772
0.0,8,46160.197453
0.0,8,46184.160146
0.0,8,46208.259279
0.0,8,46232.647866
0.0,8,46256.835992
0.0,8,46280.924386
0.0,8,46305.064916
0.0,8,46329.28355
0.0,8,46353.40024
0.0,8,46377.493499
0.0,8,46401.635866
0.0,8,46425.87355
0.0,8,46450.310302
0.0,8,46474.417534
0.0,8,46498.609015
0.0,8,46522.98816
0.0,8,46547.275309
0.0,8,46571.436968
0.0,8,46595.636734
0.0,8,46619.594536
0.0,8,46643.965163
0.0,8,46668.207277
0.0,8,46692.349916
0.0,8,46716.521374
0.0,8,46740.723097
0.0,8,46765.076882
0.0,8,46789.264237
0.0,8,46813.464227
0.0,8,46837.869928
0.0,8,46862.33013
0.0,8,46886.435142
0.0,8,46910.62593
0.0,8,46935.018881
0.0,8,46959.323473
0.0,8,46983.532533
0.0,8,47007.729909
0.0,8,47032.066225
0.0,8,47056.276614
0.0,8,47080.420487
0.0,8,47104.57895
0.0,8,47129.015766
0.0,8,47153.244538
0.0,8,47177.444778
0.0,8,47201.632375
0.0,8,47226.048689
0.0,8,47250.675525
0.0,8,47274.9359
0.0,8,47298.980806
0.0,8,47323.218876
0.0,8,47347.766493
0.0,8,47372.023567
0.0,8,47396.119659
0.0,8,47420.070502
0.0,8,47444.378589
0.0,8,47468.661064
0.0,8,47492.780064
0.0,8,47516.841675
0.0,8,47541.245749
0.0,8,47565.580662
0.0,8,47589.685374
0.0,8,47613.761236
0.0,8,47638.22006
0.0,8,47662.435117
0.0,8,47686.540289
0.0,8,47710.663355
0.0,8,47735.037747
0.0,8,47759.257635
0.0,8,47783.416697
0.0,8,47807.504703
0.0,8,47831.580799
0.0,8,47855.843324
0.0,8,47879.891456
0.0,8,47904.136366
0.0,8,47928.237054
0.0,8,47952.425805
0.0,8,47976.602813
0.0,8,48000.593307
0.0,8,48024.769367
0.0,8,48049.189178
0.0,8,48073.329829
0.0,8,48097.476379
0.0,8,48121.80335
0.0,8,48146.207996
0.0,8,48170.314889
0.0,8,48194.385593
0.0,8,48218.581183
0.0,8,48243.002619
0.0,8,48267.399391
0.0,8,48291.497982
0.0,8,48315.44156
0.0,8,48339.751279
0.0,8,48363.978105
0.0,8,48388.162379
0.0,8,48412.300287
0.0,8,48436.698695
0.0,8,48461.098097
0.0,8,48485.319589
0.0,8,48509.48781
0.0,8,48533.814319
0.0,8,48558.0992
0.0,8,48582.215717
0.0,8,48606.369836
0.0,8,48630.795216
0.0,8,48655.066023
0.0,8,48679.345162
0.0,8,48703.571616
0.0,8,48728.105187
0.0,8,48752.554201
0.0,8,48776.737846
0.0,8,48800.952083
0.0,8,48825.34298
0.0,8,48849.907559
0.0,8,48874.181842
0.0,8,48898.440264
0.0,8,48922.843722
0.0,8,48947.355834
0.0,8,48971.732356
0.0,8,48995.907353
0.0,8,49020.085941
0.0,8,49044.425973
0.0,8,49068.624357
0.0,8,49092.7513
0.0,8,49116.892825
0.0,8,49141.262291
0.0,8,49165.467208
0.0,8,49189.589755
0.0,8,49213.705194
0.0,8,49238.146745
0.0,8,49262.359328
0.0,8,49286.496913
0.0,8,49310.66004
0.0,8,49334.962621
0.0,8,49359.190912
0.0,8,49383.346062
0.0,8,49407.442487
0.0,8,49431.727274
0.0,8,49455.91899
0.0,8,49480.118044
0.0,8,49504.231914
0.0,8,49528.710205
0.0,8,49553.14983
0.0,8,49577.364645
0.0,8,49601.471172
0.0,8,49625.826489
0.0,8,49650.409366
0.0,8,49674.600644
0.0,8,49698.817293
0.0,8,49723.093133
0.0,8,49747.577721
0.0,8,49771.77554
0.0,8,49795.855955
0.0,8,49820.053635
0.0,8,49844.451849
0.0,8,49868.777761
0.0,8,49892.961136
0.0,8,49917.133556
0.0,8,49941.595126
0.0,8,49965.863484
0.0,8,49990.126498
0.0,8,50014.23035
0.0,8,50038.631945
0.0,8,50062.885839
0.0,8,50087.047521
0.0,8,50111.147639
0.0,8,50135.475605
0.0,8,50159.879126
0.0,8,50184.04698
0.0,8,50208.257153
0.0,8,50232.606891
0.0,8,50256.920043
0.0,8,50281.0897
0.0,8,50305.327485
0.0,8,50329.734423
0.0,8,50354.140801
0.0,8,50378.315611
0.0,8,50402.516454
0.0,8,50426.883128
0.0,8,50451.416679
0.0,8,50475.631053
0.0,8,50499.858298
0.0,8,50524.297924
0.0,8,50548.786528
0.0,8,50573.023492
0.0,8,50597.215226
0.0,8,50621.473724
0.0,8,50645.826835
0.0,8,50670.063016
0.0,8,50694.335621
0.0,8,50718.545428
0.0,8,50743.011724
0.0,8,50767.126797
0.0,8,50791.289668
0.0,8,50815.588441
0.0,8,50840.018557
0.0,8,50864.402293
0.0,8,50888.631303
0.0,8,50912.773248
0.0,8,50937.225008
0.0,8,50961.428852
0.0,8,50985.612719
0.0,8,51009.745051
0.0,8,51034.153792
0.0,8,51058.499918
0.0,8,51082.666859
0.0,8,51106.851708
0.0,8,51131.224969
0.0,8,51155.473304
0.0,8,51179.617581
0.0,8,51203.795001
0.0,8,51228.186286
0.0,8,51252.674233
0.0,8,51276.925318
0.0,8,51301.121689
0.0,8,51325.555686
0.0,8,51349.958609
0.0,8,51374.15107
0.0,8,51398.30503
0.0,8,51422.489516
0.0,8,51446.855599
0.0,8,51471.01574
0.0,8,51495.216622
0.0,8,51519.34675
0.0,8,51543.729729
0.0,8,51567.997264
0.0,8,51592.168659
0.0,8,51616.295136
0.0,8,51640.64224
0.0,8,51664.842649
0.0,8,51689.01278
0.0,8,51713.170073
0.0,8,51737.537356
0.0,8,51761.806763
0.0,8,51785.972443
0.0,8,51810.136487
0.0,8,51834.440266
0.0,8,51858.595086
0.0,8,51882.686092
0.0,8,51906.830854
0.0,8,51931.075399
0.0,8,51955.304311
0.0,8,51979.447987
0.0,8,52003.588887
0.0,8,52027.887833
0.0,8,52052.243111
0.0,8,52076.379587
0.0,8,52100.569926
0.0,8,52124.952567
0.0,8,52149.274729
0.0,8,52173.441327
0.0,8,52197.594036
0.0,8,52221.65339
0.0,8,52246.038402
0.0,8,52270.222668
0.0,8,52294.286383
0.0,8,52318.406454
0.0,8,52342.700936
0.0,8,52366.908543
0.0,8,52391.004514
0.0,8,52415.118922
0.0,8,52439.416013
0.0,8,52463.574413
0.0,8,52487.721567
0.0,8,52511.808078
0.0,8,52536.115615
0.0,8,52560.345406
0.0,8,52584.475786
0.0,8,52608.63464
0.0,8,52633.028606
0.0,8,52657.218726
0.0,8,52681.339198
0.0,8,52705.445025
0.0,8,52729.778895
0.0,8,52754.168641
0.0,8,52778.324249
0.0,8,52802.43684
0.0,8,52826.758198
0.0,8,52851.133043
0.0,8,52875.322582
0.0,8,52899.392603
0.0,8,52923.482341
0.0,8,52947.827958
0.0,8,52971.928166
0.0,8,52996.091513
0.0,8,53020.194743
0.0,8,53044.456095
0.0,8,53068.577048
0.0,8,53092.695022
0.0,8,53116.744628
0.0,8,53141.094936
0.0,8,53165.236497
0.0,8,53189.290273
0.0,8,53213.340799
0.0,8,53237.67378
0.0,8,53261.767431
0.0,8,53285.819416
0.0,8,53309.861799
0.0,8,53334.159588
0.0,8,53358.214834
0.0,8,53382.326385
0.0,8,53406.452586
0.0,8,53430.649519
0.0,8,53454.956733
0.0,8,53479.074284
0.0,8,53503.146173
0.0,8,53527.448842
0.0,8,53551.762131
0.0,8,53575.900794
0.0,8,53599.94505
0.0,8,53624.072556
0.0,8,53648.357825
0.0,8,53672.43451
0.0,8,53696.485434
0.0,8,53720.527711
0.0,8,53744.888729
0.0,8,53769.008092
0.0,8,53793.105747
0.0,8,53817.114224
0.0,8,53841.373246
0.0,8,53865.558679
0.0,8,53889.74523
0.0,8,53913.78062
0.0,8,53938.112278
0.0,8,53962.268357
0.0,8,53986.35943
0.0,8,54010.414238
0.0,8,54034.709153
0.0,8,54059.061141
0.0,8,54083.108777
0.0,8,54107.21833
0.0,8,54131.411777
0.0,8,54155.644406
0.0,8,54179.79475
0.0,8,54203.908872
0.0,8,54228.213796
0.0,8,54252.524984
0.0,8,54276.640497
0.0,8,54300.738055
0.0,8,54324.822928
0.0,8,54349.107282
0.0,8,54373.280913
0.0,8,54397.409179
0.0,8,54421.529141
0.0,8,54445.879733
0.0,8,54470.077461
0.0,8,54494.242457
0.0,8,54518.401789
0.0,8,54542.743421
0.0,8,54566.951877
0.0,8,54591.083026
0.0,8,54615.196394
0.0,8,54639.55916
0.0,8,54663.746206
0.0,8,54687.900959
0.0,8,54712.060573
0.0,8,54736.38898
0.0,8,54760.531698
0.0,8,54784.620549
0.0,8,54808.677141
0.0,8,54832.899223
0.0,8,54857.083875
0.0,8,54881.217893
0.0,8,54905.338544
0.0,8,54929.516253
0.0,8,54953.835837
0.0,8,54978.024931
0.0,8,55002.133092
0.0,8,55026.357531
0.0,8,55050.620701
0.0,8,55074.740708
0.0,8,55098.817681
0.0,8,55122.909494
0.0,8,55147.199373
0.0,8,55171.257045
0.0,8,55195.365054
0.0,8,55219.377809
0.0,8,55243.610018
0.0,8,55267.723988
0.0,8,55291.806367
0.0,8,55315.832424
0.0,8,55339.981516
0.0,8,55364.065056
0.0,8,55388.11874
0.0,8,55412.223107
0.0,8,55436.362652
0.0,8,55460.518128
0.0,8,55484.520602
0.0,8,55508.559121
0.0,8,55532.768061
0.0,8,55556.929934
0.0,8,55580.919518
0.0,8,55604.902756
0.0,8,55629.096242
0.0,8,55653.289577
0.0,8,55677.328686
0.0,8,55701.259103
0.0,8,55725.235062
0.0,8,55749.441516
0.0,8,55773.478213
0.0,8,55797.452465
0.0,8,55821.427144
0.0,8,55845.618697
0.0,8,55869.666173
0.0,8,55893.738417
0.0,8,55917.791775
0.0,8,55941.952396
0.0,8,55966.014047
0.0,8,55990.000386
0.0,8,56013.988403
0.0,8,56038.118204
0.0,8,56062.236043
0.0,8,56086.264777
0.0,8,56110.322453
0.0,8,56134.465095
0.0,8,56158.632127
0.0,8,56182.658144
0.0,8,56206.660708
0.0,8,56230.864773
0.0,8,56255.215772
0.0,8,56279.338667
0.0,8,56303.406362
0.0,8,56327.660587
0.0,8,56352.123301
0.0,8,56376.291052
0.0,8,56400.343012
0.0,8,56424.420698
0.0,8,56448.649756
0.0,8,56472.789061
0.0,8,56496.851572
0.0,8,56520.925163
0.0,8,56545.094388
0.0,8,56569.193806
0.0,8,56593.190377
0.0,8,56617.304441
0.0,8,56641.498573
0.0,8,56665.596059
0.0,8,56689.578333
0.0,8,56713.591312
0.0,8,56737.778643
0.0,8,56761.967986
0.0,8,56785.932325
0.0,8,56809.934322
0.0,8,56834.19961
0.0,8,56858.269455
0.0,8,56882.249169
0.0,8,56906.359999
0.0,8,56930.642024
0.0,8,56954.855416
0.0,8,56978.835378
0.0,8,57002.805472
0.0,8,57026.832077
0.0,8,57051.095205
0.0,8,57075.103339
0.0,8,57099.171363
0.0,8,57123.161141
0.0,8,57147.466025
0.0,8,57171.547857
0.0,8,57195.551543
0.0,8,57219.597218
0.0,8,57243.898654
0.0,8,57268.018477
0.0,8,57292.132089
0.0,8,57316.173948
0.0,8,57340.370534
0.0,8,57364.507566
0.0,8,57388.615755
0.0,8,57412.731505
0.0,8,57436.922702
0.0,8,57461.256581
0.0,8,57485.270749
0.0,8,57509.241699
0.0,8,57533.526686
0.0,8,57557.792111
0.0,8,57581.868072
0.0,8,57605.834087
0.0,8,57629.933717
0.0,8,57654.19076
0.0,8,57678.293593
0.0,8,57702.360139
0.0,8,57726.42397
0.0,8,57750.617647
0.0,8,57774.808428
0.0,8,57798.902217
0.0,8,57822.907165
0.0,8,57847.079669
0.0,8,57871.254658
0.0,8,57895.345037
0.0,8,57919.538605
0.0,8,57943.723088
